Gene,Expression_rate
YJL189W,0.345752618630006
YMR108W,0.899234574968758
YBL103C,0.234968132617074
YBR137W,2.52107004602698
YDR178W,0.382437009345347
YJL163C,0.0537186865937066
YMR037C,0.392127890950688
YLR059C,0.0991985394889732
YPL024W,0.227732913563527
YDL132W,0.368606944754046
YPL144W,1.744434982689
YLR029C,0.0988365193472937
YOL100W,0.353735479509701
YOR073W,0.394709997684586
YJR126C,1.06697610789437
YBL032W,1.62749834715643
YJL148W,1.06614100438167
YER175C,0.0914952485102782
YGL012W,0.15043462580723
YPR189W,0.862187454518648
YOL088C,0.367128152843331
YKL206C,0.180368871353585
YDL056W,0.257059580139111
YFR014C,1.11260571074649
YGL019W,0.289811130075587
YKL138C,0.491442205498695
YDR400W,1.58551645917
YCR071C,0.489033170178512
YLR333C,0.0298009634525448
YOL053W,0.204414815694234
YKL160W,0.210637343973911
YDR009W,0.375581599905354
YJR138W,0.148614943280213
YNL330C,0.262319037953336
YDL044C,0.557455586357883
YBL072C,0.0415185518710237
YNR024W,1.11589039465979
YPL078C,0.0169481139846847
YHR177W,1.19107151615013
YOR034C,0.694043871819181
YGL079W,1.76086430448438
YBR076W,1.92173382757861
YLL019C,0.56296774510976
YKR018C,4.40435331085264
YMR010W,0.474363723885802
YDR071C,5.16586161164783
YCL063W,0.268812949330553
YIR006C,1.03885902354006
YLR067C,0.431144253642263
YDR078C,0.535658560035766
YPR112C,0.236264853429967
YLR023C,0.698482372082102
YOL114C,0.0894087711722277
YGL241W,0.161904485159364
YPL086C,0.511346690568958
YNL022C,0.527908637653707
YGR090W,0.660417538455156
YKR005C,0.768611294529677
YLR272C,0.213939294112479
YOR153W,0.289634311422027
YGR218W,0.508006625801229
YML013W,0.783298331068239
YDR007W,0.995829612066821
YBL095W,0.2521506368604
YNL275W,0.233895845602199
YEL048C,0.134348220529948
YLR116W,0.37722342510899
YNL215W,0.447142679107148
YLL005C,0.0767129269673127
YNR002C,0.34317256201202
YKL092C,2.45889229747149
YKR074W,1.3856849849857
YNL054W,0.805866011904404
YMR148W,2.50358716421492
YIL018W,0.328580145996794
YMR060C,0.91210409937114
YMR083W,0.278672387182347
YPR002W,5.08743710582706
YAL047C,0.248850051928292
YOR090C,0.324266810957351
YNL023C,2.41835418046782
YHL042W,0.102399978991256
YOL030W,0.263695197670718
YDR460W,1.30623687170751
YDR505C,1.01983067885055
YHL036W,9.82080168008858
YNL223W,0.778673872081751
YLR203C,0.194821733376865
YPR139C,0.853629178397715
YPL213W,0.671590057124912
YMR305C,0.313608716018146
YER063W,2.63805375932086
YGL060W,0.224144143280653
YOR108W,0.0369659325022404
YBR181C,1.97799985270822
YPL250C,0.21632044123088
YGR108W,0.202123010153051
YGR089W,0.236272460774481
YMR184W,0.160215048186083
YBR175W,0.568637683710053
YKL048C,2.32410532044472
YAL007C,0.213996165570787
YEL024W,0.585479981438225
YGL137W,0.73568615506847
YJL034W,0.360093582568334
YMR123W,0.561831777176381
YKL065C,0.229796542533224
YOR051C,1.00546978988118
YPL034W,2.42863349977156
YML126C,0.959329427659194
YDL226C,0.0543343242495171
YOR137C,6.725418573645
YMR070W,0.51845626173616
YJR127C,0.29019489323757
YPR035W,0.172628627581454
YGL106W,1.40501006109686
YNL259C,0.572648319605156
YFL059W,0.506444213786075
YEL038W,0.361190518163134
YLR360W,0.250088455701093
YMR062C,0.664601921778868
YER024W,0.169375082830575
YHR094C,0.754856426344427
YNR036C,0.339213919466502
YBR045C,1.21106148348765
YHL032C,0.871946381390339
YGR281W,0.331857530502289
YIR011C,0.724699239811135
YMR167W,0.124383870485507
YGL160W,0.0658233993572905
YIL142W,0.870424621894611
YAL051W,0.264336250360196
YOR219C,1.8952323490663
YLL052C,0.528095997765381
YOR313C,0.137673547993315
YDR404C,1.18198591953892
YKL113C,0.796789000512986
YBR198C,0.0916476680001473
YPR149W,1.21499277413082
YFL048C,8.35446708071143
YIL130W,0.569116476875683
YNL132W,0.307987610399061
YKL125W,1.47652928691598
YPL198W,0.027930259416013
YMR220W,1.99964332477096
YMR159C,3.66613845199848
YJL213W,0.397103559973115
YJL204C,1.14224745395202
YBR130C,0.275196696701534
YHR047C,0.21124359853469
YDL143W,0.331983618832598
YKL164C,0.542513025857456
YBR212W,0.102924367927035
YDR376W,1.10340729724192
YFL012W,0.458946624121781
YDR444W,1.03961795304619
YGR061C,0.485849000462504
YGL036W,5.91421114706074
YOR068C,0.10491141108539
YNL210W,2.0514454390093
YPL018W,0.25384425436185
YIL087C,1.68330100223078
YGR032W,0.346159531286129
YKR101W,3.55946892253208
YMR195W,0.486901845566949
YNR048W,1.71340968543957
YLR176C,0.927507835224681
YFR019W,0.500014249157149
YGL215W,0.359593501037296
YOR382W,0.100108112494644
YDR197W,0.20821088585119
YFL049W,0.365011469680555
YGR159C,0.130396813408266
YPL075W,0.162383375166026
YBR167C,0.274006083973166
YDL144C,0.0599787852717377
YBL099W,0.154301307061053
YMR306W,1.46135116790629
YPL192C,0.236487910406154
YHR201C,0.556237218139595
YFR047C,0.835839450992262
YDL055C,0.728526993135594
YOR355W,1.37838406696689
YPL259C,0.288342097369175
YMR236W,0.237193618152987
YKR089C,0.259973310025664
YML032C,0.673156626938864
YLR422W,4.03385531998626
YIR016W,0.173314189144947
YKL026C,0.519140214189721
YGR030C,0.908234303735413
YHR186C,2.09983771488641
YLR195C,2.11562584831922
YLR019W,0.268319848484011
YLR039C,1.27298561325184
YPR172W,0.234077603254319
YNR020C,0.35199167612089
YNL095C,0.0253125739823702
YIL099W,0.440534248019974
YCL004W,0.122079264299974
YMR022W,10.9928399537677
YOR336W,0.0995988606764856
YDL057W,0.160906471015854
YHR082C,0.119031896345114
YGR224W,0.30695831080506
YMR193W,5.01417234946736
YCR081W,0.170079481519145
YHL034C,0.234730778635574
YLR077W,0.268909170943652
YPR190C,1.37163666041865
YML042W,0.628993557623098
YOR312C,0.226889782252876
YNL269W,0.573953227939607
YBR219C,0.397006819677755
YNR049C,0.587191282169212
YPL158C,0.238089078837237
YMR031C,0.0323361188933294
YJL014W,2.21425625365764
YOL142W,0.0904070706706355
YBR189W,0.641007049591059
YOL066C,1.84176230495166
YNL176C,1.05214310697543
YLR037C,1.78508376133902
YIL067C,0.189039636523024
YOR280C,0.373748386044237
YBL004W,0.53387228845439
YDR308C,0.33141341651971
YJL196C,0.390804025347112
YIR024C,0.939821220557422
YDL095W,0.528674748887955
YLR081W,0.171988570033227
YPL002C,0.0528400414049775
YGR180C,0.594388076766999
YOR062C,1.29505584307793
YML094W,0.451548321960861
YGR016W,0.512941923423094
YMR260C,0.582012927830858
YER177W,0.37926882666253
YHR170W,0.943020362474107
YOR363C,0.388610461068693
YBR114W,2.04114128548028
YKL059C,0.102335160936735
YNL169C,0.192927422406103
YMR113W,0.353801484997709
YPR043W,0.595198374346711
YLR126C,1.06163302129032
YDR446W,2.06202762373739
YOR028C,0.635907001972451
YDL191W,0.267595522330505
YJL070C,0.394562499730429
YIL027C,0.258867333499318
YOR338W,7.92805218586225
YHR070W,4.51832560332747
YKL144C,0.301855654092969
YJL020C,0.343023433856059
YPR027C,0.835328631453892
YDL121C,0.190880481213769
YPR085C,2.50228584194791
YHR101C,0.851923161612151
YKL218C,0.710825947197094
YJL115W,1.21348248011447
YGR210C,8.81367431216843
YAL005C,0.0822210974840526
YNL093W,1.54129828508956
YER040W,0.299827182183701
YJL091C,0.0531226115498395
YDR332W,2.92934802571698
YLR448W,0.166911696185115
YNL024C,1.35326323946006
YBR138C,0.612559529525569
YIL029C,2.72878810070983
YHL012W,0.523701090328263
YDR391C,0.433744384637701
YJL044C,0.273681845282965
YER104W,0.576000954956815
YCR052W,0.742208942907556
YPL056C,0.510794456803497
YDR214W,0.541284923913409
YML003W,1.25643636163855
YNL163C,0.0995253170858338
YLR291C,0.352045479330858
YNL045W,0.0802764043443288
YGL166W,1.24899675608612
YOL115W,0.334729855742529
YKL135C,0.779871374473362
YLR128W,0.420411023249953
YDL101C,1.0972201330406
YLR453C,0.855163666480146
YBR171W,0.509030202730887
YBR029C,0.212126922663979
YPR175W,0.119106912925955
YDL215C,0.542631202661536
YJR109C,0.640286960215606
YPL112C,1.1764011875804
YBL102W,0.235766290209173
YDL029W,0.129862546436599
YDR451C,4.34880313870605
YPR134W,4.90394384182798
YJR090C,1.04102043893809
YDL213C,1.76882851956378
YLR181C,4.53784824526847
YBL113C,2.68199195774556
YDR492W,1.53778200530713
YJL041W,0.922193207702606
YLR170C,0.501721682456409
YNL059C,1.58854359760422
YPL165C,0.243822041343917
YJR015W,0.828789839332178
YJL010C,0.243083847164657
YLR190W,0.438726408921689
YPL218W,0.618134214922762
YDR303C,0.0774513729977069
YGR078C,1.39603102587501
YOR256C,0.177055078687701
YDR213W,0.202206815864266
YDR068W,0.32685054509566
YPL068C,1.24314839681094
YER057C,9.28212422225543
YOR220W,0.226886867436618
YER061C,1.83850322316546
YOR292C,2.2146120715794
YEL043W,0.114938728385069
YMR297W,0.169061915381272
YDR488C,0.0590309592091195
YML049C,3.46451144399072
YOR227W,1.20193756323219
YGR054W,0.281468653398356
YDR379W,0.313932522963295
YKL167C,0.56723804965847
YDR300C,0.754954991422997
YDR359C,0.197064304977686
YLR219W,3.34827470162927
YCR101C,0.588125536983713
YGL111W,0.627803715520402
YIL169C,0.0791427549232134
YGL089C,0.855636991985922
YNL088W,0.12573257069462
YGR163W,0.0796677949604947
YOR266W,0.544768948061429
YDR323C,0.104648375817921
YGL135W,0.199697611672222
YLR179C,0.683718253319323
YCL043C,0.509824804681854
YML075C,0.152662011120836
YDL147W,0.0667903138450263
YOR122C,0.233898802288332
YHR161C,0.0596641545597469
YBR264C,1.01603354876978
YKL193C,1.54843638032298
YGR246C,0.569128035220613
YOR132W,0.437932117685672
YOL097C,0.129522277400552
YJL098W,0.114542793839285
YPL074W,0.775258135298518
YCR044C,2.83993892209301
YOR076C,0.28788534990465
YGL081W,0.31858427869422
YDL141W,0.420605163941318
YKR022C,0.585912460229511
YLR245C,0.483760517864791
YGR197C,1.20625560702892
YPL036W,0.394471417444813
YMR076C,1.90814533011237
YNR023W,0.331469355536609
YPL154C,0.398836788266993
YFR039C,3.9469733237443
YGL029W,1.24183916730538
YDR037W,3.72272428749989
YDR143C,0.930585957128008
YJL077C,0.359742538315484
YKL017C,1.58556127373396
YLR430W,2.44717782569835
YPL186C,0.167149554549639
YBR268W,0.455547934985139
YJL144W,0.665419980625408
YJL162C,1.7646529801625
YDR030C,1.75957733305145
YLR150W,5.17142942476367
YNL031C,2.01482155043928
YML051W,0.081848473591088
YLR455W,0.476002189194228
YER046W,0.37855440462273
YPL057C,0.0965187805063409
YPL217C,0.372380313673751
YLR457C,0.643654740639765
YNR062C,1.28398275750053
YDL072C,0.194329663962661
YBR290W,0.0568148880319657
YPL048W,2.53769710398123
YIL008W,0.384829917553368
YMR313C,0.31060345078952
YOL036W,0.331559936166804
YKL165C,0.843322853883932
YJR075W,0.482727434785433
YLR165C,0.561910909630245
YGL092W,0.899561540798904
YIL152W,0.0152338391289729
YER172C,4.61138507945862
YMR094W,0.774254475860097
YBR164C,1.20789544626143
YPL247C,0.288334961206876
YHR202W,1.05858464028149
YLR314C,1.95001200050096
YDR261C,1.34705208290969
YMR192W,0.0887382754782893
YML027W,0.578007946229815
YDR103W,0.222996934738973
YCR020C,0.0341916442358954
YPL101W,0.119867796058642
YPL191C,1.36969925231405
YOR245C,0.0945209751404789
YGL037C,1.3495907673522
YAR027W,1.48181380342599
YGR070W,0.814598326407326
YGR080W,0.950679091512385
YLR166C,0.643713444142328
YFR013W,0.103569638825484
YML127W,0.419260212567174
YBL093C,0.125640128928465
YGL095C,0.0286786797651369
YMR023C,0.24080838008951
YJR040W,0.071202152729654
YPR162C,1.03152746533587
YLR262C,0.15796286911796
YFL016C,1.16980554363745
YML065W,0.378023519576837
YGR091W,0.195691460816152
YJR069C,0.148150713294412
YGR221C,0.0401700192222104
YNR029C,3.37143408523345
YMR229C,0.565859534237191
YJR050W,1.39632645491351
YER020W,0.115019562299753
YNR037C,2.95143986228982
YML105C,0.233759459918209
YAR007C,0.0656970855887421
YCR033W,0.238743467014398
YKL009W,2.06334137056131
YFR036W,0.371885207002423
YFL001W,0.745834179016854
YIL016W,0.904721454393336
YMR079W,0.432380365587485
YPR118W,0.349971673799565
YPL221W,0.235784720038791
YER012W,1.26506269926277
YPL242C,0.176356052606854
YKL022C,0.312231697491678
YPR192W,2.47898216291294
YAR018C,0.321218506076464
YFR023W,0.176525879505089
YLL022C,2.59323878022062
YDR104C,0.864503663411366
YLR299W,1.57396121301621
YGR231C,2.53049069742224
YLR015W,0.116669975698724
YBL063W,0.381343036873517
YLR421C,0.936961206010856
YLR398C,0.655395615683091
YDL088C,0.0495368866194011
YLR004C,0.141179076884402
YDR325W,0.406374645925015
YGR053C,2.92632244168423
YDR286C,0.0814342618482689
YLR433C,0.135718355661183
YGR250C,0.359073150536735
YDL090C,0.36385095483449
YKL049C,0.0362152828860003
YHR107C,0.25742094962257
YHR216W,0.0879715074330921
YDR487C,0.11647666697655
YIL120W,0.207550329387555
YAL062W,0.164246333283763
YDR364C,0.893152859902598
YKR103W,1.06950320590387
YBR040W,0.212477973497839
YDL214C,0.015693775286953
YDL168W,0.187500399541509
YDL234C,0.0999809466132245
YJR021C,0.227915827455076
YDR167W,0.192899179279368
YER183C,0.394194517578328
YLL032C,0.234340608459706
YOR144C,0.766847784003865
YGR211W,0.455162140647469
YER037W,3.16424750440109
YFL050C,2.10423949293072
YGR288W,0.69091037632183
YPL219W,0.531172176541426
YDL054C,0.552462708808654
YDL098C,1.07275342363388
YFL017C,0.280475358891858
YDL138W,0.603225427514048
YAL027W,1.34042983906797
YJR113C,0.554983736485441
YER101C,0.802633247657364
YLR222C,0.230202198123706
YHR096C,1.70140058313055
YJR030C,1.62368223707414
YOR133W,0.514450114105879
YHR075C,0.901328163109506
YER117W,0.0576211523811777
YNR006W,0.137649362549879
YKL057C,2.11149574446687
YPR119W,0.971946465758606
YLR243W,1.03626477874062
YGL124C,1.97224561548546
YKR082W,0.0932476683696673
YBR286W,0.582106960536503
YEL052W,1.29439632406754
YMR078C,1.47213456127337
YNL264C,2.39335565062273
YOR371C,0.245489276430487
YGR063C,0.175809749634564
YOR166C,1.59223281872951
YIL020C,0.653902592699644
YIL149C,0.476714378977819
YOR177C,0.562264966271877
YOR359W,1.46375974021465
YDR087C,0.385308260556643
YAL028W,0.258193249373493
YPR086W,0.377265340649228
YPL127C,0.761404779220195
YKR090W,1.12562576233232
YDL150W,0.442680693390503
YHR210C,1.35596384666194
YJL181W,0.177499010598884
YKL068W,1.85109068160767
YJR145C,0.270044069321975
YBR109C,0.376126318155476
YGR222W,1.48161820803019
YDR113C,0.178724815481346
YBR145W,1.0398089311582
YPL199C,0.506802888751462
YMR013C,0.417069951223347
YBR074W,1.08931927380865
YBR154C,1.35167705152736
YIL041W,0.322170512621189
YPR037C,0.472540829898968
YCR048W,0.267333730355254
YBL003C,0.235830912008237
YGL220W,6.47623643801185
YPL067C,0.585946458414677
YPL030W,6.21547621603776
YGL021W,0.331949372868935
YNR031C,0.647170401779922
YML043C,0.691317913077142
YBL089W,0.286780779278577
YLR069C,2.25428481840677
YPL110C,0.130169957313558
YKR041W,0.300271596283273
YOR311C,0.313749100362918
YJL060W,1.73226172866613
YLR343W,0.0143533218574688
YNR007C,0.236642773242633
YEL051W,0.350779393972065
YCL010C,1.86577450278963
YGR171C,0.254078682743418
YKL181W,1.00161717861021
YHR154W,0.642357009069637
YKR034W,0.163405753447302
YDL102W,0.358579764036864
YGR110W,2.58226901389754
YIL044C,0.422321276958296
YPL245W,1.57342508264992
YGL084C,0.189615653636292
YGR101W,0.349267382963972
YPL234C,0.148477747785663
YAR023C,0.174402650986741
YDR019C,0.21193682368141
YKR048C,0.823866719020215
YNL151C,1.64530880768599
YLR214W,0.417596004272453
YJR004C,0.941669486829956
YDR280W,1.39780235244618
YER168C,0.24495906567698
YNL265C,3.02469545435798
YMR058W,0.0701391882776137
YHR139C,0.158093600639352
YDR466W,0.1593353175119
YGR097W,0.0607543035858227
YML025C,0.174197223909229
YLR070C,0.123472633103254
YJR118C,0.571018660894854
YLL029W,1.47365155510078
YJR019C,3.78417172179309
YOL120C,0.762236644098282
YGL198W,1.08196083171162
YBL051C,1.25766595121291
YGL232W,0.754153978131127
YPL105C,0.692484426594147
YCL045C,1.54498756276509
YLR396C,0.22779093233926
YNL233W,0.775748430428882
YHR133C,0.516575016997299
YHR190W,0.226718790652021
YPL133C,2.62403707882036
YLR438W,1.04190578757467
YDR483W,0.199554787088766
YLR347C,0.351636598780902
YJL068C,4.08042411458515
YLR237W,0.0701166789517659
YHR041C,0.0736064440374496
YFR015C,0.166748289073291
YOL009C,0.0453204170659414
YNL253W,1.32680684559518
YBR082C,0.160187642433198
YFL055W,2.22700840212132
YPR156C,0.0962232826173612
YHR135C,0.559993479969153
YML095C,0.305755043032978
YCR069W,7.0040916023117
YDR105C,0.376146670801518
YKL204W,0.0968478805397513
YML109W,0.211930750617237
YBR222C,0.635952455725339
YGL144C,0.248890571456756
YLR185W,0.701020827448747
YIL090W,1.09427747828676
YKL159C,0.719722570308737
YCL047C,0.0401279518064385
YFR037C,0.131219652269694
YPL190C,0.231342339595212
YML020W,0.108142291342768
YIL053W,1.10210245528681
YDL113C,0.697191320462188
YPR128C,0.166246805419049
YPL118W,3.26508288391137
YNL200C,0.092212488555845
YDR125C,0.298414818152375
YKL172W,0.49989018380313
YEL058W,0.349777130394018
YCL054W,1.59244133771809
YDR265W,0.177642297167787
YPL072W,2.9714338909369
YCR021C,0.060803557595314
YHR132C,0.140838668584178
YAL031C,3.55359922108931
YNL149C,0.386193771340256
YGR141W,6.21610286910194
YDL111C,0.290044404177599
YDR011W,0.225493596950173
YGL068W,1.9902072420139
YLR456W,0.471912581829725
YDR540C,1.79925396189066
YPL237W,4.28324712647184
YPR106W,0.343527910423783
YDR510W,21.6803626907048
YLR014C,1.5729077484021
YPR187W,0.337394293729529
YLR283W,0.336421301795679
YGR230W,0.24622530958681
YMR099C,0.336494861237115
YDR501W,0.182677615566375
YNL160W,0.41345951743536
YCR017C,0.0820860764226641
YHR111W,0.258723368759776
YLR394W,0.138045813289436
YHR112C,0.564139649668722
YGR145W,2.90892475514537
YDR291W,0.200779025796449
YDL053C,0.353792844160106
YJR151C,4.2789900207038
YJL167W,0.673349918000381
YNL292W,0.192002329274743
YAL029C,0.0483207410510715
YDR381W,0.905531698443722
YOR025W,0.260919127387057
YDR263C,3.32217762675564
YKR003W,0.10850765015883
YBR166C,0.0463355182697319
YMR162C,1.25448000973849
YOL070C,0.585390195083348
YHR124W,0.664702140818613
YCR077C,0.626429479508165
YPL087W,0.576512351240697
YIL052C,0.267475920062124
YDR479C,0.173166257947988
YDL099W,1.31303380472394
YIL140W,2.11903985139574
YOL110W,0.342465571277939
YJL047C,1.38339138357347
YKL143W,2.45524231340657
YGR042W,2.59171049946296
YAL058W,0.272340949021071
YFR027W,0.795901000752652
YDR288W,4.98216641461077
YDR374C,0.11838946477407
YMR308C,0.318160741375526
YAR003W,0.943782765541275
YDR351W,0.119125010044968
YCR089W,0.108216573454816
YDR165W,0.439971999569025
YGR237C,1.41187680665977
YIL103W,0.1578680389278
YKR039W,0.186479481876417
YKR067W,0.319713471769196
YDR001C,0.283736987603756
YCL042W,0.0662416223813549
YDR174W,0.924948162957573
YDR108W,1.02442019097072
YLR073C,0.643024881841196
YML077W,0.491633170768895
YHR089C,1.79183722429112
YNL003C,0.370945972854357
YOL124C,0.156704626870003
YPR030W,0.905697478403595
YPL052W,0.419435768400294
YNL240C,0.427783894432976
YML130C,0.127885056842475
YIR036C,0.94798735148369
YGL017W,0.257057405060862
YMR061W,1.66844821930335
YIL075C,0.94073665524215
YDR093W,0.0371214395492496
YNL267W,0.288850307879185
YOR294W,0.208866316151784
YFL051C,1.09590710096709
YKR038C,4.05330106040431
YER130C,0.600757194778638
YDL033C,0.548615207965636
YHL016C,0.0663720965783141
YDL178W,0.0492539007954947
YJL140W,1.66664613277218
YCR026C,0.869452702174948
YGR223C,0.060191132969044
YOR303W,2.00718806750172
YML014W,1.24222222731445
YDR497C,0.163093318218663
YDR420W,0.104427278218766
YDR447C,0.194206716511649
YAL044C,0.80201968483881
YOL073C,0.162365773043587
YJL203W,2.63137641789953
YPL193W,0.268732102511324
YDR163W,1.34364935610073
YDR222W,2.48000652326386
YGL247W,1.99956761579438
YOL164W,4.44822276484708
YJR147W,0.198000495528171
YGR102C,1.34134678240448
YFL005W,1.13687687505942
YOL112W,0.31075213532532
YDR175C,0.197063942953456
YIL038C,0.370470850202339
YGR119C,0.876638084398876
YNL172W,1.52236517663589
YOR093C,0.115887649149383
YCR016W,0.00554753222342803
YBR165W,0.54908292935577
YOR058C,3.9727753609595
YHR028C,0.115941365770841
YDL078C,0.253877522838437
YPR009W,0.352157074036425
YDR195W,1.11391700293668
YLR002C,0.0402099303495527
YML055W,0.780596735552366
YKR088C,0.541202219145563
YGL127C,0.0533728074326001
YLR234W,0.185934963121781
YNL069C,0.948509702523336
YOR175C,1.24445916852685
YEL066W,0.150748461477586
YPR171W,0.0592837975031915
YLL034C,0.119740805168584
YBL037W,0.265273400200464
YIR017C,0.735880335939777
YJL136C,2.6887556414712
YJR111C,0.114697965278319
YFR025C,0.306650621512749
YKR016W,2.22214773011681
YNR056C,0.884502080741464
YPR045C,1.49147904752319
YDR399W,7.85394397222669
YNL268W,1.04458621612874
YDL186W,0.260323092947503
YGR262C,2.70828288363369
YGL196W,0.295546332734873
YLR382C,0.746285789068186
YJL109C,0.915323343769666
YLR259C,0.564215734105397
YLL001W,0.597702567752876
YJR149W,0.594889697394412
YIL071C,0.586341350007146
YOL022C,0.26603788013026
YCR012W,1.85757810356976
YPR108W,0.523726654017534
YGR263C,0.833104159072287
YGR079W,0.58571468044683
YGL035C,0.537606677780472
YOR007C,0.588788069172278
YGL155W,0.382713799606086
YNL108C,2.5491185166641
YER187W,0.171472888526796
YHR046C,0.624279152661378
YGL191W,0.705330060868389
YOR110W,3.11417273023859
YER006W,2.38822541585413
YDR425W,1.11739556001385
YKR004C,0.258493033149975
YDR035W,1.77176788441267
YNL222W,0.214187616821263
YMR004W,1.09114952574811
YLR417W,0.387156965350983
YOR079C,0.32717416473551
YFL047W,1.49991467088823
YER015W,0.376372996046954
YKR096W,0.662814856373396
YPL012W,1.13314353495821
YER096W,0.121644755561716
YFR011C,0.11762484674642
YHR119W,0.389804751119807
YDL007W,0.910596977178696
YCR027C,0.470953141522662
YDR517W,0.156155195918401
YDR416W,0.24294189697021
YBR252W,0.417225893932545
YNL032W,1.61592720407045
YEL016C,7.18390229086504
YGL187C,0.635914528804216
YLR091W,0.158351955722042
YGR052W,0.677124745084011
YDR297W,1.91309312965188
YJR014W,0.614084249169075
YMR043W,3.51945976835175
YBR054W,9.76925768872727
YLR378C,0.48741564237404
YOR142W,0.696189946216363
YER090W,0.630718321294649
YPR075C,1.17023163124717
YPL029W,2.07605058998113
YMR049C,0.444712137651619
YKR042W,0.272580479384468
YKR017C,1.22235622039682
YCL040W,0.146241031156665
YOR010C,0.127175461489001
YGR256W,1.48829709320105
YDR377W,0.735225055201996
YGL257C,0.363846241716931
YJR130C,2.79092392169153
YOR145C,0.142290242358938
YBR035C,1.18604727954179
YHR103W,0.0904827961531707
YOL133W,0.355173672943814
YKL114C,0.173404103644208
YFL053W,0.174821707638472
YER017C,2.76886454154775
YIL022W,0.513749988458794
YIL126W,0.393775029969108
YBR186W,0.152990902984142
YAL041W,0.184017271321751
YMR138W,0.172886362989335
YIL093C,1.85934081777274
YMR212C,0.345262906054721
YGL025C,0.299070325107282
YIL009W,0.532041443543383
YOR354C,0.0861620211957113
YPR165W,1.68307667668725
YKR051W,0.133045678868103
YIL137C,0.360025041379433
YDR212W,0.272101230699269
YPL093W,0.564554645419748
YPL010W,0.847622979467152
YHR208W,0.113264059032778
YCR068W,1.13610799155956
YML006C,0.360505070325341
YNL137C,1.22171251071996
YGR183C,0.703793443619563
YJR093C,2.94669448021826
YCL061C,0.0252905688378641
YLR441C,0.423038415474635
YEL003W,0.555863835562192
YPL138C,0.0846273325995129
YER123W,1.09190166962938
YBR014C,2.63859300335968
YOR049C,0.981969677157653
YDR119W,0.685719434657126
YGL235W,0.63683953449399
YPL022W,0.236902869302926
YMR240C,0.0481026457397369
YGL167C,0.267402744711565
YBR160W,0.495141850980909
YJL099W,1.5877807121728
YPL145C,0.502241286532023
YDR389W,1.08788258733237
YML088W,1.54124797519234
YCL052C,0.576675712170926
YOR201C,0.134670625080181
YOL129W,1.71441245442813
YPL161C,0.990524778184104
YNR040W,0.190740019992649
YJL177W,3.83523673022845
YBR272C,0.392368922215451
YNL336W,0.680307087286054
YLR273C,1.40564140566421
YHL011C,0.426934723305112
YPL122C,0.207866243589478
YCL033C,0.796279500679481
YDR192C,0.17343373696132
YDR041W,0.218716935453803
YNR022C,0.592551949292531
YPL263C,0.211239319067546
YGL005C,1.76331370876547
YFR028C,0.274094476682948
YJR148W,0.0829808825115533
YOR037W,2.33435545240494
YKL078W,0.503546032967185
YNL162W,0.987563039174769
YMR081C,0.929074232328263
YGL159W,0.102118124115226
YOL004W,0.90546511639822
YOL043C,0.0931552397531439
YML086C,1.34271862340846
YAL009W,0.443659601116183
YEL030W,0.657331381516759
YGL237C,0.0588791451651993
YJR134C,0.276429100839373
YMR227C,2.02386583823748
YLR313C,0.827803755670684
YJL063C,0.160726679008692
YMR149W,0.249310728384146
YML001W,0.0733794726493892
YJR022W,2.1545785417074
YJR035W,1.3776610993935
YLR084C,3.22678860522919
YOR335C,0.700781150132292
YDL081C,0.109436882981288
YPL079W,0.411997054880517
YDR494W,0.51848669514862
YDR061W,0.60738934469565
YDR486C,0.690559123796823
YFR043C,0.249355425695375
YOR295W,0.663956783943003
YHR025W,0.231780725025964
YOR369C,0.394886498194757
YBR295W,0.184620246103668
YEL012W,2.90353541106871
YGR076C,1.87595037716924
YOR078W,0.401379692286677
YNL127W,4.56616540597541
YEL001C,1.45261531588765
YJL039C,0.532600278167586
YIL146C,0.708126203521214
YLR229C,1.67749159989936
YJL081C,0.153112165072675
YGR177C,0.665056238238044
YHR196W,1.3397395382978
YBR216C,2.32525472432484
YHR019C,0.216594774914683
YLR363C,0.295873465167692
YMR287C,0.272168587550299
YKL088W,0.684974656354155
YMR104C,0.405162516365404
YBR298C,1.34928414286824
YDR040C,0.148063777611449
YEL046C,0.436250487945895
YLR220W,0.444610077174423
YKL107W,4.64948637302312
YIL097W,0.961574051736809
YNR058W,1.27681214340497
YMR259C,0.923127087211757
YER142C,0.293206833851447
YLR162W,0.0344782953322672
YHR081W,4.04067398585566
YLR030W,0.541221612291922
YJR095W,0.373719536238248
YGR136W,0.0117754953038671
YDR006C,0.085286749517299
YPR160W,0.131410265049304
YOL054W,0.627660061975586
YDR023W,0.764419044353931
YJL190C,0.2987551359989
YDR383C,0.101463657679732
YEL025C,1.92723198552005
YMR314W,0.247426097140666
YBL104C,1.90448508449504
YNL283C,0.671768038614991
YPL014W,0.31333321560227
YML124C,0.240078358814059
YEL064C,0.148248734162385
YJL212C,0.0990747230263201
YMR206W,1.60185929549921
YHR131C,0.656930795807179
YPL267W,1.31983311436356
YCR004C,0.18075976240313
YOR352W,0.82626579499849
YFL008W,2.67175346922397
YDL128W,0.601829466527201
YMR241W,1.18048995936078
YOL057W,2.36895902883977
YMR125W,0.758060018775815
YLR253W,1.86522363231607
YGR232W,1.00859460876447
YKL050C,0.172787775503851
YBL023C,0.0335526048225575
YFR022W,0.482825353728511
YDL073W,0.905071201736267
YGL105W,6.48677409544228
YMR085W,0.584955973822069
YBL090W,3.62974959089469
YBR017C,0.176895732456134
YGL039W,0.362136356011376
YPL038W,0.496351097980005
YOR061W,0.827352588624387
YGL013C,0.771784602732116
YGR057C,0.333240644348114
YOR190W,0.274327113236751
YDR245W,1.03913558445764
YPL231W,2.67438624313273
YIL104C,0.800442439023682
YHR050W,0.618761127761384
YKR057W,0.260728078435523
YBL058W,0.194606750896469
YPL240C,0.493262358235955
YJL004C,1.39378203283192
YOR104W,0.721704337266864
YPL246C,0.456473246813931
YDL170W,0.795356500883725
YCL056C,0.892386529530608
YNL141W,1.4333374357115
YPL277C,0.250690182469081
YHR011W,1.99735852665575
YDR244W,0.708277200221559
YLR223C,1.75506681336699
YGR138C,0.748762956437779
YDR049W,1.12283805993162
YMR196W,2.37289760644277
YBR159W,0.337453784783938
YDR285W,1.25696556794167
YGL244W,0.556402949264703
YJR080C,2.31524157078002
YPR185W,0.699611179657968
YLR427W,0.407426652782055
YPL173W,1.46713761284669
YGL164C,1.27759323573513
YDR170C,0.427140280616857
YCR011C,0.134989194758908
YLR218C,0.443635737696597
YJL125C,0.114109067233168
YNL053W,0.0746519417071334
YOR350C,0.584360826162324
YBR201W,0.201773463989
YNL279W,0.267030833785941
YLR364W,1.04578973831341
YIR007W,2.77583937031397
YDR164C,0.0712287201911548
YDL177C,0.502159837923186
YNL029C,0.150939802034116
YMR028W,0.556106289188188
YKR007W,0.749379993840337
YPL243W,0.37757599089305
YDR306C,0.538966589194763
YER032W,0.159670075075086
YHR104W,0.864932801850273
YJR083C,0.126228526794262
YMR171C,0.352634364653918
YLR381W,1.62456292772689
YLR324W,1.34527858276642
YJR003C,0.176059287360164
YNL103W,0.213730492403177
YGL119W,0.378989748086668
YBR291C,0.0996100555064408
YPR117W,0.811562503289676
YNL064C,0.203481064671678
YJL141C,0.0166085670369516
YDR529C,0.219095411123818
YPR107C,0.199433209980163
YOL024W,0.124064829214735
YNL280C,0.803845226618187
YNL288W,0.093214989449506
YKR036C,0.313040349254631
YFR003C,0.663254196868324
YNL152W,0.114897313803835
YBR267W,0.163072932216204
YJL013C,0.0945150074043118
YHL033C,0.269259197987687
YHR203C,0.272649803321236
YBR176W,0.304002130552359
YCL036W,0.150344862255854
YNL068C,0.350409771783319
YOR178C,0.306174927453611
YER005W,0.596249271618414
YGL090W,0.94323090150168
YBR133C,0.19573437102303
YMR096W,0.159226093310455
YDL018C,0.307161148021159
YKL190W,0.0241421217547762
YDR414C,0.150780455367664
YLR227C,0.384234842319416
YBL030C,0.552752378540603
YML071C,0.395221966146374
YDL063C,0.128165480626067
YPR073C,0.030668604687127
YKL025C,0.235450287502011
YEL035C,0.529351070672707
YGL229C,0.675786322135442
YBR245C,0.10508508347916
YMR128W,0.149050497921491
YPR113W,0.0746408069479564
YHR165C,2.55141851317343
YNL317W,1.38987963017608
YLR049C,0.0484769217122262
YMR002W,0.853125542012342
YLR249W,0.243167558651879
YBR210W,5.14362042771562
YDL203C,0.732310306584688
YJL134W,0.23355434752928
YOR288C,0.517043880342668
YBR125C,0.967423591414984
YNL135C,0.516401454534101
YGR199W,0.35160661219756
YGL116W,0.302319506176285
YOR174W,0.211462991010585
YBR235W,2.52557828063578
YFR026C,0.86483659816687
YGR207C,0.176060461258458
YGR258C,1.86610113420207
YER077C,0.254710339396248
YBL074C,0.0700262013852614
YOR380W,0.315537846474464
YDL093W,0.618173445253506
YKL055C,0.862837745021712
YJR017C,0.566640784790123
YKL054C,0.211269690162943
YGL230C,6.97440286183857
YNR016C,0.114836223270655
YLR304C,0.571750321732446
YMR012W,0.550123143352306
YGL221C,0.429047522987086
YPL223C,0.980806133610176
YNL302C,0.561365035648247
YPR198W,0.187103133317857
YFR051C,0.0141383280177387
YDR532C,4.65962287868227
YDR127W,0.314916306313032
YOL056W,0.126167376217837
YOR162C,0.340843508788125
YIL158W,0.288291855995327
YGL195W,0.645531341557714
YER031C,1.16712724984885
YDL022W,1.2175183827969
YOR059C,0.292278730807778
YAR064W,1.13294043151864
YNL125C,0.293523403063305
YER067W,0.516091157113761
YER132C,0.230998110706417
YLR189C,0.560701166490192
YOR208W,0.655446279513354
YNL157W,0.867436274831947
YHR136C,0.400363934906725
YDR185C,0.584853962236563
YER048C,0.338858139889653
YFR041C,1.38959923643313
YPL265W,0.470567070776715
YPL140C,2.35230511770435
YMR090W,0.0763996121072214
YMR239C,0.0679531868581399
YDR398W,0.971180810747388
YLR390W,1.91691515217107
YNL183C,0.891970179511003
YOL078W,0.230563889558646
YHR126C,3.51988308339003
YAL032C,0.185053988101653
YOL109W,1.80294733087285
YNR066C,0.416088369522738
YEL040W,0.282526869432476
YOL113W,0.13368629148682
YBR037C,0.190629156173062
YHL018W,3.53708224213258
YDL219W,0.506828214137009
YOR384W,0.485462944893203
YER092W,0.163374368182266
YCR018C,0.210241228737965
YCL011C,0.265254881229515
YDR217C,0.0235920229886016
YBR083W,0.136069752664592
YLR290C,0.0396638935925914
YDR099W,0.266273454087217
YBL084C,0.689563256017284
YOL033W,0.633445399581013
YGL209W,0.626030128004864
YAL010C,0.675735842150891
YHR182W,1.45791459431125
YOL141W,0.300119804771377
YGL154C,0.480690720717602
YLR145W,0.118544486863593
YGR266W,1.38368149165189
YER070W,0.483533617971356
YOR211C,0.554682460945411
YIL124W,0.331805669224053
YIL119C,0.280701894173245
YHR069C,0.887008922281205
YDL180W,1.13654782101245
YDR145W,0.148710263822784
YPL040C,0.529378059970649
YPL162C,0.486664615434536
YER114C,2.04686280802116
YLR413W,0.552947068669795
YNL039W,0.125395003618261
YGL172W,1.69552279679652
YDR375C,2.03873080977573
YNL287W,0.126838263505329
YNL272C,61.9475443259452
YML107C,0.232705848750698
YDL195W,5.74670067663954
YLR072W,0.768568873765052
YHR007C,1.27526884062847
YDR430C,1.31778211652943
YNL113W,0.523044470296366
YCR067C,0.379044071410642
YMR088C,0.662881631419959
YML031W,0.132740284130915
YBR117C,0.337563196959773
YMR126C,1.76916783349044
YPL179W,1.23015175589562
YKL101W,4.84843948311985
YNL307C,0.133345267997129
YCR042C,0.733227486996687
YDR319C,0.664872058858248
YJL089W,0.337841020885093
YBL005W,0.283336613168462
YGR255C,0.15275200964849
YKR094C,2.40673958214015
YDL119C,3.38873247984853
YPL170W,0.724520490896179
YGL194C,1.48284598636618
YLR043C,0.466118654835677
YDR407C,2.3849819782523
YPR109W,0.191599816057312
YKL145W,0.227054296073922
YDL232W,0.221422692017666
YKL179C,0.394489893637853
YDL087C,1.3682244404874
YIR005W,0.040307249674792
YJL024C,1.36128720062336
YGR071C,0.324456759217329
YLR088W,0.237721377042549
YLR211C,0.93535443058527
YDL005C,0.207311403898082
YOL093W,0.233893760945968
YDR138W,0.47524974927613
YDL021W,0.249447178976145
YDL200C,0.0461202302407188
YAR042W,1.06672397979049
YJL157C,0.0607765193567474
YBR059C,0.201501595498636
YER028C,0.0711926004110676
YPL096W,0.292247003506418
YOL148C,0.11280808054647
YMR075W,0.755080792931329
YDL092W,0.202188430154583
YOR160W,0.132005007016196
YOR374W,3.0365775048783
YOR209C,0.98160501432713
YOL108C,0.676153188256887
YMR237W,1.15748920736497
YJL201W,0.065926280061562
YOR077W,0.0677285459119863
YJR066W,0.292677728651727
YJL072C,1.31409179629856
YNL083W,1.16118265877646
YLL036C,0.402593148225899
YDR296W,1.78889021704196
YJL214W,0.211496155900299
YGR212W,0.078096858002872
YKL045W,0.146176223519417
YDR228C,0.384802528335288
YDR067C,0.6316626127631
YLR275W,0.731385168128272
YPL212C,0.899567989476609
YGL027C,0.0331107422053728
YGR035C,0.342508440816756
YDR028C,0.349081847541788
YPL049C,0.809626475817128
YMR018W,2.28394030603831
YDL074C,0.0417033469666735
YHR008C,0.332723612484091
YGL030W,0.409128629007272
YLR075W,1.28402615188677
YOL095C,0.210381367995822
YNL286W,0.609022052293834
YHL031C,1.05856852363624
YLR199C,0.680760541496327
YOR368W,1.99668185928806
YLL010C,1.55877627818229
YHR200W,0.175877582949342
YHR045W,0.0665511405112628
YPR074C,0.611636507227064
YPL100W,1.10916176870388
YDR369C,0.079670085993459
YBR048W,0.586632951295816
YGR165W,0.241755455080309
YPL128C,0.445465269654373
YLR459W,0.389657090985028
YML011C,0.0628809581661242
YLR149C,1.05010267441953
YKL207W,0.810213172188611
YMR158W,0.813457131800834
YBR254C,1.41944448195501
YDR427W,0.916679407349489
YBR191W,0.879119653205912
YNL159C,0.505124529813541
YJR051W,0.0299043348106471
YDR126W,0.166785174496155
YIL154C,0.522569849181867
YOR036W,0.107705874772505
YLR392C,1.95245227593454
YPL268W,0.0567282305439293
YNL142W,0.599009830036495
YKL205W,0.387619323056382
YDR508C,0.750000251141668
YPR155C,0.294085983720466
YLR405W,0.502193236223097
YGR168C,0.130273669690265
YDL116W,0.639463252281268
YJR125C,0.629869538235373
YER022W,0.0398159764137447
YCR095C,1.56136363968987
YAR071W,0.325788792994177
YMR166C,1.03601131465673
YBR241C,0.730543688578607
YBL029W,0.0973349715996777
YER143W,0.0616157149647903
YKL187C,1.23192126206736
YDR403W,0.548804727647285
YDL159W,2.89722689460146
YNL263C,1.18667987489358
YML069W,0.0759078947461671
YHR033W,0.100774950959326
YPL172C,0.0971315456647438
YPL274W,1.32761062549433
YPR182W,0.720258544979424
YCR106W,0.417062991583694
YLR251W,0.485115377287278
YIL069C,0.104879006721989
YLR320W,0.700237485575588
YJL127C,0.18852247310076
YOL058W,0.677865192931093
YDR055W,0.775990490590439
YIL098C,0.949792140631379
YNL309W,0.973863391061492
YDL108W,1.15827702312573
YGR127W,0.312908668953132
YMR316W,2.17832158026441
YPL252C,1.77630337784198
YOL151W,0.936531265953672
YMR069W,0.277821238001316
YLR003C,2.54571961549535
YNR047W,1.20363469729163
YDR259C,0.666741264804821
YGR283C,0.106478453833117
YLR240W,0.907453072991495
YDR242W,0.517514784784293
YNL182C,3.29618315720109
YDR191W,1.18201270920986
YML082W,1.76569315055254
YKL133C,0.542526550323716
YBL041W,0.409734079203722
YNL090W,2.30074141125828
YIL133C,0.41131426438708
YML052W,1.17376742462977
YIL161W,2.89278779944439
YNL002C,1.54195436560469
YIR015W,0.933836666600669
YDR248C,0.128487026662131
YJL155C,0.266534578039336
YNL124W,0.0141808448005648
YLR250W,0.458619373928839
YDL210W,0.404296942307572
YDL201W,0.727282140274405
YJL131C,0.375369424349939
YJL206C,0.0576046934775237
YDR074W,0.0816553040734418
YJR155W,1.78764905991664
YIL115C,0.0995507560168714
YAL054C,0.364633396012931
YMR223W,0.284675184020558
YGL122C,0.243694452860779
YBL082C,0.519424872247158
YMR221C,0.19873472190432
YJL218W,0.827671036594033
YHR179W,3.56057576604246
YBR065C,0.883423182822248
YHR062C,0.312432263012105
YKL178C,0.0452516140290149
YOR046C,0.392021905397616
YHR067W,0.794415461137511
YHR030C,0.289145037543034
YER133W,0.397044891599926
YMR253C,0.206512561414927
YOR038C,0.528004420718009
YNL289W,0.203350978573496
YLR297W,0.602834944497976
YIR030C,0.63926335111342
YNL314W,0.136238559642782
YKL001C,0.236258306446855
YOR247W,0.844717700102442
YGR062C,0.562279428980138
YDL155W,0.308906245389931
YPL149W,0.104756164692268
YAR031W,1.15938720707811
YFL030W,0.0688926570862038
YBR096W,0.204869825843845
YPL180W,0.409556656004487
YLR011W,0.670984579340701
YPL177C,0.357125758785725
YJL180C,0.132851392869945
YGL245W,0.434788879513528
YBR202W,0.155028996594334
YLR393W,0.24769241135466
YGR117C,0.12185605532463
YML099C,7.02729025083241
YKL122C,0.328464365281316
YPR082C,0.520396917812553
YML028W,0.242145506382351
YLR153C,4.05425427477294
YDR281C,0.426546529148661
YDR310C,0.230359243974804
YDR353W,0.311813941609757
YOR232W,0.0999018741466036
YPL054W,0.324052492771821
YNL085W,1.06377670299412
YOR328W,3.02128709592305
YDR397C,0.234359777411248
YKL170W,0.0839905230565912
YKR079C,0.48015103094749
YPL176C,0.694670258254145
YCR014C,1.23924342369205
YDR273W,0.110987047118418
YDR437W,0.772523114539629
YNL027W,0.854504530122647
YNL257C,0.066379837336586
YKR059W,0.371249574108352
YGL240W,0.138584354344713
YFR030W,0.184484357666733
YOL027C,0.652609065833696
YDL205C,0.657370225898267
YJL084C,0.296837410024463
YKR024C,1.14690912559051
YIL143C,0.163102988133767
YMR017W,0.311577453307201
YDL019C,0.719100516718497
YKL171W,0.408171108697402
YJR117W,0.267698068638811
YOR147W,0.286135551549902
YKL010C,0.0930663866212264
YGL023C,1.01859530259406
YMR163C,0.158323623138977
YGR295C,0.386333080753653
YAL060W,0.235490443861682
YBR095C,0.293584979186893
YJL071W,0.686788595920437
YEL004W,0.247828088813008
YOR191W,1.96785789358623
YOR346W,0.255182281131493
YPR194C,0.277330717126568
YDR370C,3.41290330125654
YDR424C,0.418374980999046
YML047C,0.118014683424624
YLR238W,0.47399070687776
YCR045C,0.22370822766125
YMR280C,0.0704969953860123
YPR080W,1.06147713278259
YJR141W,3.51442233547436
YBR108W,0.41122351037981
YLR286C,0.0706305489566734
YLR113W,0.889128490866746
YBR041W,1.81874281054438
YDR378C,1.82899298788414
YBR052C,0.118149335212421
YHR109W,0.279755287345389
YDR129C,1.27689845191203
YHR058C,0.556979216258574
YJL080C,0.145994782322072
YDR207C,0.0820134206542872
YGR287C,0.235678005638659
YNL020C,0.154299012716248
YOL034W,0.150282919162347
YPR025C,1.30179123909844
YFL031W,0.830296924178955
YHR057C,0.113615502062669
YFL045C,0.263430180896244
YLR034C,0.586556068897536
YCR059C,0.734282216867231
YML102W,2.87460422640375
YBR147W,0.279526810788697
YNL062C,0.522099676323849
YGR005C,0.719094100051993
YPL266W,1.78276257847873
YBR007C,0.90166531814017
YPL088W,0.50509850544646
YDR162C,0.16719922964448
YCR034W,0.525607294245667
YLR044C,0.20886931065109
YGR279C,2.26566439418903
YPL059W,1.17251153552701
YJL092W,1.33699910246385
YLL042C,0.251451441466051
YJL085W,0.0560223110481403
YOR186W,0.579424638269521
YOR156C,0.794429529867146
YHR086W,0.0301461950804363
YJL170C,0.360041845982574
YIL121W,0.423241730607814
YLL055W,0.280821517728554
YLR368W,0.250337128508692
YLR216C,0.054821348336288
YKL082C,0.290178015879721
YIL157C,0.641769360257338
YLR325C,0.209551090725528
YOL038W,0.960590803377731
YIR001C,1.0142320747646
YAL023C,1.01096436624935
YIL037C,0.586453766479428
YOL028C,0.283491954241991
YJL078C,1.50600638168313
YCL038C,0.206464697052836
YLR384C,2.03443559589219
YHR061C,1.90883539989644
YOR018W,0.0747731214146567
YLR248W,0.655811246942837
YLL039C,0.0666624454680373
YPL009C,1.01666582001876
YHR153C,0.142389235486372
YJL074C,0.527827788725944
YGL045W,1.07816563697209
YCL005W,0.114093419529058
YNL244C,0.363716503096029
YPL083C,0.420536057227008
YNL245C,3.84134431695526
YNR072W,0.216747672256716
YDR421W,0.364252325987301
YDL169C,0.573866456537228
YDR470C,0.21278581476976
YAL038W,0.161818830230101
YOR096W,0.0659550892356497
YOR004W,1.25942345258576
YOL025W,0.349885922497536
YKR043C,4.94646174047713
YBL045C,0.964041021171989
YHL025W,0.408649809020011
YJR002W,0.0348787628405036
YDL134C,0.788514302338335
YFL039C,0.0600480036916554
YGR067C,1.94598373493862
YPR067W,8.97829860867304
YOR179C,0.385410600915437
YNL131W,1.50561933487893
YIL079C,2.34362289322866
YDL139C,1.35574048738469
YKR072C,0.357252538610421
YKL041W,0.986474194582882
YLR418C,0.260040360478157
YDR434W,0.737644901512143
YIL134W,0.379160128603652
YLR082C,0.930081555509196
YLR036C,0.0493053443959755
YNL291C,0.66788703467458
YBL018C,4.93186991761021
YDR439W,0.830426682580449
YMR187C,1.05422138600119
YKL110C,0.474249357753676
YKL137W,0.212717517571175
YLR328W,0.114891448141155
YCL039W,0.285975357526856
YAL065C,0.333471156108994
YOL031C,0.227804972037388
YER066W,0.468537406317446
YLR351C,0.544411300749105
YGL066W,0.325855658770258
YKL013C,2.06300076381299
YKR075C,0.287949761913435
YBR289W,0.561201715060741
YMR111C,0.459890229515602
YCL064C,0.0988389096431235
YBR092C,0.413601631099497
YNR033W,0.19925101262828
YOL010W,0.655570619490915
YDR331W,1.78207782816934
YBR207W,0.087435438822711
YCR008W,0.925950689304318
YHR121W,0.630509042207084
YAL048C,2.21101821769943
YBR157C,1.16507398821394
YMR165C,3.74989981851193
YJL116C,1.98940554457985
YDR201W,0.189074281962235
YNR034W,0.103010296030166
YNL281W,0.421438529668587
YDR388W,0.325824699128546
YGL255W,1.19494908386951
YJR034W,0.304774506292119
YDR321W,0.55956455535564
YLR344W,0.345090951368761
YBR255W,0.378079630828772
YFR001W,1.75908928006433
YMR276W,0.308068804309765
YML034W,3.5835106679407
YNL225C,0.137000824825137
YBL013W,3.90974048204388
YNL194C,0.0223423409804517
YOR063W,1.57485636839849
YJR103W,1.29563601973429
YIL111W,0.295954952951043
YPL058C,0.324872409063791
YNR008W,0.444740794783616
YJL026W,0.58267685459811
YKR095W,0.577033577840904
YLR040C,0.533735632725687
YER095W,0.0859489501232977
YPR013C,0.082497960693624
YIR014W,0.0564987387723519
YKL087C,0.0707288805513882
YOR236W,0.0527411041004964
YER002W,0.24215608904692
YLL041C,3.05397635458652
YHL013C,0.90536679873917
YGL250W,0.855886063248321
YER180C,0.198876724012033
YBR143C,0.200097171043267
YLR403W,4.22066280701205
YPR098C,0.168457711163035
YDR141C,5.40977387158692
YBR213W,0.240318663443592
YFR033C,0.893997240643641
YJL065C,0.379643018781755
YGL099W,19.7185898216489
YLR401C,1.62722781011437
YBR163W,0.0569244351203572
YHL039W,0.737830976700424
YDR435C,0.385721178210572
YBR270C,2.25518223831385
YGL153W,0.477733010106926
YEL020C,0.449720880732318
YMR021C,0.890190374003633
YOL136C,1.1197717392014
YDR026C,0.248213231946024
YOR009W,0.787255347250738
YDR536W,0.272251810704599
YGL076C,0.0872399457612515
YHR027C,0.416808769256478
YNR011C,0.0471146914510678
YMR309C,0.274151472665505
YGR109C,0.330911121626269
YDR534C,2.76784369984316
YJL110C,3.01882689337881
YLR110C,0.0981318006438713
YOR257W,0.0860658887278417
YPL032C,1.12520877090661
YOR189W,0.957775850433729
YDL082W,0.76615044453027
YBR106W,0.851232581427402
YDR140W,0.216785350269058
YMR040W,0.0281147838637892
YDL237W,0.827958568761669
YNL034W,1.81406857102604
YMR137C,0.100078340313435
YPR048W,0.118457333319385
YER054C,1.34313817974726
YGR082W,0.203639401077326
YJL031C,0.116187150938036
YJL183W,0.607040240740789
YAR015W,0.430192883975761
YFL052W,0.265950858638112
YJL216C,0.10342550690409
YDR073W,0.220095626449699
YJR082C,0.519155650041207
YML118W,0.462268110441119
YKL039W,0.620491397519985
YDR137W,2.98861184679066
YLR174W,0.575583839316341
YBR172C,0.105129258420422
YKL217W,0.614365358877521
YDR503C,1.89410447881575
YPR034W,0.0828609721000354
YOR197W,0.331622466617902
YOL138C,1.59905888361737
YGL130W,0.603290790364925
YOR008C,0.323214031634751
YDL212W,0.467658092699886
YML092C,0.250261002294389
YOR033C,0.742831800253455
YML053C,0.205939977237355
YKL175W,1.79179017973676
YPL239W,0.402951146897787
YNL189W,1.28002069109418
YDL001W,2.73952706041533
YBR276C,1.61983462545555
YPR157W,0.0345643925818082
YGL183C,0.902660823832016
YBR168W,0.232376740970591
YJR104C,1.23148767540445
YPR148C,0.592144564171256
YAL040C,1.7523865356725
YNL256W,0.79773039204211
YMR147W,0.616843130246317
YAL024C,0.371934413329589
YJR129C,0.0961551574770406
YBR179C,0.297304952852801
YPR070W,0.606964222479018
YGL057C,0.932233225280903
YKR011C,2.23294572393872
YDR305C,2.30547855543786
YDR229W,0.445735404738206
YHR175W,0.0807200808347267
YDL176W,2.98603044097159
YDR004W,1.63713875344172
YOL006C,0.49445016211571
YLR425W,0.413334394984922
YLR383W,0.304319299722803
YGR021W,2.28116695473618
YLR183C,13.6704292220446
YJL082W,0.512602170403535
YOR271C,1.61668104085391
YPL069C,0.841667996620602
YGR104C,0.623567663479305
YGL001C,0.332895652204976
YNL239W,0.462999631567459
YML061C,2.43073053164595
YDR076W,1.60888594980669
YML098W,0.746634488516952
YDR262W,0.377319683516918
YOR316C,0.11339023060838
YPL241C,2.81198444217337
YOR264W,0.733918311007531
YOL146W,2.29606418921293
YJL029C,0.66001307094537
YGL101W,2.56217757982717
YBR015C,0.555464846750164
YGR004W,0.14521784815278
YHR037W,1.05932327406552
YBR016W,3.44687696888251
YOL044W,0.0286885044327352
YDR180W,0.962138240688478
YMR226C,0.967262572159491
YJL069C,2.90164984343437
YGR150C,0.289221886663047
YHR031C,0.145305384807071
YGR201C,0.068588310845778
YLR131C,0.600297137579622
YGR274C,1.07020007146458
YJL057C,1.8970217840529
YAL037W,0.232296100730847
YNL104C,1.95718065053961
YGL151W,0.230664779620215
YLR397C,0.179622338882406
YML063W,0.701015284525666
YPL042C,0.34225486097827
YDR080W,0.111468570214168
YOL019W,0.545753757507304
YJL200C,0.968897329568286
YLR141W,2.2052640611205
YDR395W,0.952003030013746
YBR183W,0.148936140288312
YCL048W,0.641681941315006
YGL224C,1.02675202558023
YDR161W,0.19854808327667
YMR290C,2.71075158477513
YBR297W,0.0930632575545072
YGL031C,0.526016231618753
YDR292C,5.09180755368235
YNR065C,0.241078526672634
YDR130C,1.45494759656146
YGR066C,0.621100794480233
YKL052C,1.07140809930393
YJL154C,0.287177604639502
YER105C,0.0720103659694812
YOL117W,1.31208887743918
YJR032W,0.395490459730504
YDL175C,0.145745918857968
YPR151C,5.6541401236244
YEL049W,0.240478853421761
YNR032W,1.91159739385645
YJR041C,0.119695438712928
YDR345C,0.423351619219906
YOR378W,0.472574455750612
YOL059W,0.467654698312961
YIL004C,0.100445807926158
YPR047W,4.73059303061384
YIL046W,1.5337922108939
YGR048W,0.34497163543873
YDR044W,6.92665981850156
YJR088C,9.47653407857081
YMR145C,0.0257150787219845
YMR296C,0.679660418301984
YAL011W,0.324706794880619
YEL063C,0.271483074316378
YGR040W,0.0589441501602606
YOR118W,0.16956903140046
YML005W,0.264317337710367
YCR092C,0.114294404996909
YAL002W,0.316685003233748
YJL166W,0.147355123298768
YGR285C,0.0317676634708212
YPL020C,2.62270303815496
YIR042C,0.0914171322873279
YKL043W,1.09123554152793
YHR059W,0.171795776860482
YGR196C,0.432713801517118
YAL059W,0.0760641415077404
YNL191W,0.216283111590717
YAR050W,3.5547666942592
YOL007C,0.231275536188402
YDR013W,0.370572148486806
YCL001W,0.193145774147084
YJL059W,0.148725095646895
YLL050C,0.0704661359286149
YLR301W,1.34897174940754
YGR068C,0.307643523505852
YEL011W,3.21775154390925
YER075C,0.0886023455692021
YGR029W,0.0991353587817163
YLL040C,0.862391429106401
YMR203W,1.03174108097425
YOL029C,0.332275960684217
YLR451W,0.195446032804733
YGL212W,0.102324166376648
YNR070W,1.38491688086843
YBR258C,0.204381844539926
YMR177W,0.647379376423683
YKR092C,1.25406585076028
YBR287W,0.52342553049812
YLL006W,0.299495519007858
YDR506C,0.203832046245353
YBR031W,0.335807576844091
YIL026C,3.77646272864667
YLL003W,0.128505123825799
YER047C,0.6063896068523
YOL119C,0.201095267801937
YGL223C,2.08168897620773
YDR036C,1.04955322411032
YKL182W,1.06549313513776
YBR057C,0.289404523979175
YER014W,0.19057027818988
YDL083C,1.06721449514388
YOR085W,1.99283706745317
YBL021C,4.62115618297836
YOR150W,0.412919960422745
YOL162W,0.198172528547292
YIL057C,0.895556286936027
YMR174C,0.230425209206506
YGL231C,0.375981116824644
YHR013C,1.13562018854268
YNL130C,0.635628473997597
YDL124W,0.436468189535939
YKR014C,0.234465448832698
YKL150W,0.486344295768578
YDR025W,0.0633581337368244
YLR094C,0.165419663313954
YOR054C,0.0351587211873509
YNL012W,0.149662561369474
YMR135C,0.194330631449375
YOL047C,1.51692419671377
YOR383C,5.45971367579502
YIR023W,0.345111213138857
YHL026C,0.0947129854087433
YKL085W,0.469265597000908
YBL054W,2.44030079311402
YJL172W,0.869520404839129
YPR021C,0.114094648377923
YMR146C,2.55228658257833
YMR015C,0.315191391931623
YGR277C,0.488662613216145
YMR071C,0.465067633582375
YLR288C,0.516106793607348
YDR539W,0.483739914485323
YBR259W,2.54230711489497
YGR096W,0.47915491071285
YER025W,0.0579476089349758
YKR078W,0.354991012166539
YGR087C,16.5398250614951
YDR282C,0.0824121669703144
YCR024C,1.38220314285905
YBR060C,0.301432163094217
YPL200W,6.04993356264896
YML050W,0.0909137267934108
YOR136W,0.278089428665788
YEL047C,0.64304316757765
YML058W,0.618143337588945
YDR188W,0.409818163457202
YPL147W,3.48333860924848
YJL023C,2.420007984353
YHR039C,1.29176098212664
YMR063W,0.0492663123296559
YDR514C,0.423714515873749
YNL186W,0.415861711790576
YPL085W,0.174331158575942
YIL114C,2.48121489305822
YJL049W,0.0380101903079752
YGR034W,0.317678859374045
YGL205W,0.369572035206024
YOR060C,0.301908675233854
YBR111C,0.314803681822713
YOR173W,0.427628934894239
YPL202C,0.457690657999073
YOL049W,0.568445646432969
YPR186C,0.0903736128333015
YLR093C,1.99164078211622
YGL233W,0.246337479354848
YML097C,0.939580087756952
YNL025C,0.65162023184307
YPR184W,0.695855318258125
YMR172W,1.82478290531334
YDR206W,0.731044085566652
YIL065C,0.440779444876018
YER043C,0.627263951416219
YOR111W,2.01960270455612
YDR150W,0.863854696763175
YPR023C,0.2245081406433
YBL092W,4.27376685351728
YNR012W,0.453551664186618
YJL171C,0.291941783853025
YPR132W,1.01510425168432
YLR281C,0.455906569445807
YKR052C,0.541519885727986
YIL084C,0.766085798541339
YOL154W,0.903808947780385
YIR025W,0.145247067144498
YHR038W,1.45116154282227
YML104C,0.438768109238488
YLR274W,0.595919588884298
YIL035C,0.384471210201572
YJR070C,10.1424461393339
YOR109W,3.83245350549627
YOR151C,1.1942895623904
YGR093W,0.222671769519467
YDL148C,0.812378433710142
YLR353W,0.355727858310483
YPR055W,0.415582755182648
YML026C,0.147506992827634
YDR018C,0.119738730331662
YLR330W,0.699317866960817
YOR261C,1.87541149561559
YKL034W,0.789602348919082
YMR142C,0.983992908048316
YBR003W,0.0681227313722854
YBL017C,0.502232318383362
YDR194C,1.49967856964362
YPR005C,0.132748418638709
YOR119C,3.51251923693266
YDR504C,1.79167283354829
YBR228W,0.628310062944048
YKL151C,2.27889275863602
YNR010W,0.151533350761977
YDR283C,0.0870195377178677
YHR211W,0.0510369717830653
YJR102C,3.40547165503379
YGR243W,0.478691457830769
YNL106C,2.05021577560974
YIL036W,2.18267030399104
YAL017W,2.27475502590725
YDR499W,1.02261088084344
YPL188W,0.530386985242362
YOR204W,0.702713414863989
YGL162W,0.317524451712151
YKL209C,0.747318201437969
YGL082W,0.431071675982144
YJR112W,0.060627680459057
YPL043W,0.456419841736414
YLL011W,2.60133475025571
YGL263W,0.051688848354338
YOR306C,0.520434407046514
YBR093C,0.857128850596237
YAL033W,0.398363876602836
YBL027W,0.206396113290589
YGR204W,0.144317742136888
YBR090C,1.11141903387027
YKL002W,0.140246535175199
YJL095W,0.070223814946275
YFL007W,0.424595053466381
YLR038C,0.905219521209045
YLR144C,3.30433688541424
YOR296W,0.0664460917023159
YLR134W,0.121966027226497
YBR204C,2.28203340550059
YDR354W,0.347367914003202
YIR019C,0.267245723941066
YLR066W,0.0545950973910813
YGL104C,0.161363875628361
YBR156C,0.2000897195572
YMR129W,0.300025297650384
YHR071W,1.43804100133166
YCR102C,0.368165983803959
YOL061W,0.78769882156516
YGL128C,0.498823608151228
YJL176C,0.399810823127808
YPR183W,0.638674120557056
YOL155C,0.104912530096461
YOR367W,1.06197517285821
YIR034C,0.0264360322697291
YLR260W,0.0987612970991209
YOR229W,0.385516074147912
YLR046C,0.256581614034596
YJR122W,0.0265570749578693
YMR033W,0.0767758846161263
YHR004C,0.571830192020791
YGR085C,0.329658131290885
YML035C,0.236866878572533
YNR030W,1.24579496030657
YPR079W,0.0794540302181682
YCL044C,5.75073636673667
