A,GCA,0.000144128712049742
A,GCC,4.55134299693401e-06
A,GCG,0.000156047802029282
C,TGC,7.98249922530199e-05
D,GAC,-1.28862168097496e-05
E,GAA,-6.40398063835193e-05
F,TTC,-6.729271122798e-05
G,GGA,0.000289623304126624
G,GGC,8.72499009814786e-05
G,GGG,0.000178173963431146
H,CAC,-3.96793359130703e-05
I,ATA,0.00021082199321603
I,ATC,-1.00012170597432e-05
K,AAA,7.46776494836741e-05
L,CTA,4.59840053968752e-05
L,CTC,0.000172022274906145
L,CTG,0.000115332810578995
L,CTT,0.000122280103936545
L,TTA,1.93989749802656e-05
N,AAC,-0.00010565178527743
P,CCA,-5.96608141931292e-05
P,CCC,8.23815219870203e-05
P,CCG,0.00019274932984347
Q,CAA,-0.00010345267471646
R,AGA,-3.39170817231023e-06
R,AGG,0.00014672414688221
R,CGA,0.00064898012333693
R,CGC,8.85238462524499e-05
R,CGG,0.00038687141986466
S,TCA,0.000122431325781734
S,TCC,-6.40720751221287e-07
S,TCG,0.000110921011829058
T,ACA,0.000116903085658084
T,ACC,-4.92592353420638e-06
T,ACG,0.000136498295885034
V,GTA,0.000143674904970427
V,GTC,-5.10398437029937e-06
V,GTG,7.13559472141917e-05
Y,TAC,-9.32366850743501e-05
Z,AGC,-1.03086927360596e-05
