A,GCA,0.022659162326748
A,GCC,-0.509646268550309
A,GCG,-0.943105027217973
C,TGC,-0.400573383140456
D,GAC,-0.73477932063911
E,GAA,0.8006786105098
F,TTC,-0.535458808308851
G,GGA,-0.322756616272848
G,GGC,-0.59955192340339
G,GGG,-0.988314185554669
H,CAC,-0.6882492115844
I,ATA,-0.316384383186939
I,ATC,-0.666902448992515
K,AAA,0.507075961686909
L,CTA,-0.556519879021244
L,CTC,-1.3655624484168
L,CTG,-0.761606101691591
L,CTT,-0.584338814613599
L,TTA,0.129666596066754
N,AAC,-0.526957590506752
P,CCA,0.205330194807317
P,CCC,-0.622458234666773
P,CCG,-0.802191171585918
Q,CAA,0.688962837445981
R,AGA,1.34201392746382
R,AGG,0.719676913894396
R,CGA,-0.213939946524777
R,CGC,-0.624704484099443
R,CGG,-0.823959250121487
S,TCA,-0.0753483509647767
S,TCC,-0.543736905835213
S,TCG,-0.891613353780778
T,ACA,0.00710416149162716
T,ACC,-0.546994089201085
T,ACG,-0.787272321711837
V,GTA,-0.413495436910388
V,GTC,-0.743767171406454
V,GTG,-0.615216108780511
Y,TAC,-0.408293348870814
Z,AGC,-0.369900516541918
