A	GCA	0.000319590923617769
A	GCC	0.00021362956633198
A	GCG	0.000319590923617769
A	GCT	0.000137343771459964
C	TGC	0.000334560053529609
C	TGT	0.000547945205479452
D	GAC	9.88044659618615e-05
D	GAT	0.000161264312207708
E	GAA	0.000135851107186524
E	GAG	0.000798084596967279
F	TTC	0.00017120356103407
F	TTT	0.0002808199943836
G	GGA	0.00053276505061268
G	GGC	9.25840199981483e-05
G	GGG	0.000798084596967279
G	GGT	0.000151492198151795
H	CAC	0.000181126607498642
H	CAT	0.000296471983397569
I	ATA	0.000798084596967279
I	ATC	0.000192270717169775
I	ATT	0.00012313754463736
K	AAA	0.000372995151063036
K	AAG	0.00016553550736633
L	CTA	0.000277700638711469
L	CTC	0.0016
L	CTG	0.000277700638711469
L	CTT	0.00260824204486176
L	TTA	0.000229305205228159
L	TTG	0.000130191381330556
M	ATG	0.000319590923617769
N	AAC	0.000160230732254446
N	AAT	0.000261437908496732
P	CCA	0.000160230732254446
P	CCC	0.00124223602484472
P	CCG	0.000160230732254446
P	CCT	0.000798084596967279
Q	CAA	0.000177273533061514
Q	CAG	0.0016
R	AGA	0.000145327713995059
R	AGG	0.00145137880986938
R	CGA	0.000925069380203515
R	CGC	0.000925069380203515
R	CGG	0.0016
R	CGT	0.000593471810089021
S	TCA	0.000343288705801579
S	TCC	0.000173580975525082
S	TCG	0.0016
S	TCT	0.000111594688092847
T	ACA	0.000399201596806387
T	ACC	0.000223164472216023
T	ACG	0.0016
T	ACT	0.000143657520471197
V	GTA	0.000798084596967279
V	GTC	0.000201572263656521
V	GTG	0.000870322019147084
V	GTT	0.000129516901955705
W	TGG	0.00021362956633198
Y	TAC	0.000147037200411704
Y	TAT	0.000240326844508532
Z	AGC	0.000399201596806387
Z	AGT	0.00065402223675605
