Gene,Xobs
YAL001C,0.036653
YAL002W,0.013326
YAL003W,16.798636
YAL005C,4.906557
YAL007C,0.382429
YAL008W,0.303712
YAL009W,0.101101
YAL010C,0.035496
YAL011W,0.067546
YAL012W,5.205346
YAL013W,0.261263
YAL014C,0.113196
YAL015C,0.106084
YAL016W,1.003132
YAL017W,0.039666
YAL018C,0.032376
YAL019W,0.160091
YAL020C,0.101885
YAL021C,0.320469
YAL022C,0.38036
YAL023C,1.3316
YAL024C,0.008283
YAL025C,0.363978
YAL026C,0.012464
YAL027W,0.122164
YAL028W,0.025819
YAL029C,0.044136
YAL030W,0.9914
YAL031C,0.062973
YAL032C,0.02392
YAL033W,0.307418
YAL034C,0.006294
YAL034WA,0.028809
YAL035W,1.178444
YAL036C,1.440285
YAL037W,0.033056
YAL038W,60.060767
YAL039C,0.981002
YAL040C,0.079025
YAL041W,0.058253
YAL042W,1.907759
YAL043C,0.093893
YAL044C,4.154134
YAL046C,0.254189
YAL047C,0.025651
YAL048C,0.010889
YAL049C,0.909575
YAL051W,0.0672
YAL053W,0.610488
YAL054C,0.015408
YAL055W,0.357573
YAL056W,0.051966
YAL058W,0.233549
YAL059W,0.609131
YAL060W,0.441927
YAL061W,0.04444
YAL062W,0.118169
YAL063C,0.002768
YAL064CA,0.019859
YAL064W,0.02189
YAL064WB,0.022536
YAL065C,0.009587
YAL067C,0.014364
YAL068C,0.21948
YAR002CA,1.363488
YAR002W,0.366442
YAR003W,0.071609
YAR007C,0.297127
YAR008W,0.262526
YAR009C,0.83242
YAR010C,0.321321
YAR014C,0.073461
YAR015W,0.995393
YAR018C,0.110599
YAR019C,0.018429
YAR020C,4.10223
YAR023C,0.021935
YAR027W,0.24272
YAR028W,0.08615
YAR029W,0.008542
YAR031W,0.008973
YAR033W,0.076719
YAR035W,0.042205
YAR042W,0.063194
YAR050W,0.005213
YAR064W,0.005222
YAR066W,0.021271
YAR068W,0.063314
YAR071W,1.3915
YBL001C,1.197242
YBL002W,3.117331
YBL003C,3.121582
YBL004W,0.080401
YBL005W,0.084257
YBL005WA,0.072449
YBL006C,0.804073
YBL007C,0.512953
YBL008W,0.01915
YBL009W,0.035272
YBL010C,0.017446
YBL011W,0.224752
YBL013W,0.005661
YBL014C,0.034089
YBL015W,0.272839
YBL016W,0.244791
YBL017C,0.048578
YBL018C,0.462368
YBL019W,0.025661
YBL020W,0.141845
YBL021C,0.206585
YBL022C,0.505228
YBL023C,0.07682
YBL024W,0.524631
YBL025W,0.116605
YBL026W,0.655052
YBL027W,12.615662
YBL028C,0.279902
YBL029W,0.011296
YBL030C,6.149595
YBL031W,0.014879
YBL032W,0.305008
YBL033C,0.323608
YBL034C,0.082462
YBL035C,0.168011
YBL036C,0.4707
YBL037W,0.037419
YBL038W,0.401591
YBL039C,1.889808
YBL040C,0.53645
YBL041W,0.988155
YBL042C,0.549688
YBL043W,0.074103
YBL044W,0.028021
YBL045C,0.718299
YBL046W,0.076337
YBL047C,0.130764
YBL049W,0.016026
YBL050W,0.54891
YBL051C,0.138216
YBL052C,0.02425
YBL054W,0.198486
YBL055C,0.393652
YBL056W,0.300829
YBL057C,0.365864
YBL058W,1.22139
YBL059W,0.052254
YBL060W,0.02252
YBL061C,0.249174
YBL063W,0.018358
YBL064C,0.45625
YBL066C,0.004556
YBL067C,0.032935
YBL068W,0.854771
YBL069W,0.13163
YBL072C,45.622709
YBL074C,0.019287
YBL075C,0.010376
YBL076C,1.222858
YBL078C,0.14076
YBL079W,0.054103
YBL080C,0.010402
YBL081W,0.255473
YBL082C,0.184066
YBL084C,0.051969
YBL085W,0.130508
YBL086C,0.074625
YBL087C,29.620318
YBL088C,0.010844
YBL089W,0.068893
YBL090W,0.230582
YBL091C,1.610447
YBL092W,22.868549
YBL093C,0.28031
YBL095W,0.120327
YBL097W,0.00689
YBL098W,0.078637
YBL099W,0.94583
YBL101C,0.095732
YBL102W,0.327928
YBL103C,0.023744
YBL104C,0.060092
YBL105C,0.036002
YBL106C,0.01761
YBL107C,0.074435
YBL111C,0.013284
YBL112C,1.296967
YBL113C,0.18383
YBR001C,0.074529
YBR002C,0.143565
YBR003W,0.090405
YBR004C,0.189593
YBR005W,0.279735
YBR006W,0.038898
YBR007C,0.032545
YBR008C,0.041084
YBR009C,3.846954
YBR010W,36.005591
YBR011C,4.994607
YBR012WA,0.312506
YBR012WB,0.036845
YBR013C,0.036388
YBR014C,0.705091
YBR015C,0.312766
YBR016W,1.625122
YBR017C,0.143798
YBR018C,0.010925
YBR019C,0.011708
YBR020W,0.005547
YBR021W,0.04791
YBR022W,0.16516
YBR023C,0.149267
YBR024W,0.085344
YBR025C,3.027223
YBR026C,0.217435
YBR028C,0.034041
YBR029C,0.355296
YBR030W,0.018407
YBR031W,31.74228
YBR033W,0.003845
YBR034C,0.623913
YBR035C,1.081747
YBR036C,0.874807
YBR037C,0.06038
YBR038W,0.09289
YBR039W,0.735509
YBR040W,0.026997
YBR041W,0.432548
YBR042C,0.146455
YBR043C,0.040374
YBR044C,0.026571
YBR045C,0.010379
YBR046C,0.277892
YBR047W,0.046483
YBR048W,8.78734
YBR049C,0.232474
YBR050C,0.079526
YBR052C,0.848756
YBR053C,0.275706
YBR054W,0.419627
YBR055C,0.029096
YBR056W,0.194726
YBR057C,0.048353
YBR058C,0.163341
YBR059C,0.10426
YBR060C,0.050653
YBR061C,0.387418
YBR062C,1.22861
YBR063C,0.051664
YBR065C,0.016512
YBR066C,0.088496
YBR067C,2.879684
YBR068C,0.409243
YBR069C,1.09653
YBR070C,0.188807
YBR071W,0.120549
YBR072W,0.12271
YBR073W,0.457806
YBR074W,0.017228
YBR076W,0.009762
YBR077C,0.13517
YBR078W,2.237113
YBR079C,1.010747
YBR080C,0.344179
YBR081C,0.027259
YBR082C,5.217344
YBR083W,0.367259
YBR084CA,6.088794
YBR084W,0.839634
YBR085W,0.158527
YBR086C,0.888677
YBR087W,0.346833
YBR088C,1.489403
YBR090C,0.279953
YBR091C,0.721168
YBR092C,2.175489
YBR093C,1.038469
YBR094W,0.075362
YBR095C,0.182234
YBR096W,1.271505
YBR097W,0.023935
YBR098W,0.007456
YBR101C,0.665852
YBR102C,0.027335
YBR103W,0.166568
YBR104W,0.150636
YBR105C,0.111564
YBR106W,6.665326
YBR107C,0.070373
YBR108W,0.024002
YBR109C,2.444932
YBR110W,0.144448
YBR111C,1.445604
YBR112C,0.188081
YBR114W,0.012346
YBR115C,0.239905
YBR117C,0.005161
YBR118W,63.251044
YBR119W,0.118341
YBR120C,0.143025
YBR121C,2.438825
YBR122C,0.145805
YBR123C,0.112075
YBR125C,0.171098
YBR126C,1.123263
YBR127C,1.986147
YBR128C,0.016813
YBR129C,0.106868
YBR130C,0.103069
YBR131W,0.025861
YBR132C,0.022434
YBR133C,0.088671
YBR135W,0.702612
YBR136W,0.012069
YBR137W,0.397604
YBR138C,0.008139
YBR139W,0.476977
YBR140C,0.023866
YBR141C,0.164046
YBR142W,0.480744
YBR143C,1.688641
YBR145W,0.311017
YBR146W,0.263678
YBR147W,0.017042
YBR148W,0.017324
YBR149W,0.76043
YBR150C,0.006974
YBR151W,0.310218
YBR152W,0.008482
YBR153W,0.213726
YBR154C,1.144752
YBR155W,0.297101
YBR156C,0.032243
YBR157C,0.038887
YBR158W,0.296814
YBR159W,1.297672
YBR160W,0.589201
YBR161W,0.071729
YBR162C,2.135775
YBR162WA,3.73328
YBR163W,0.028055
YBR164C,0.629536
YBR165W,0.095896
YBR166C,0.312197
YBR167C,0.071205
YBR168W,0.004755
YBR169C,0.066486
YBR170C,0.16934
YBR171W,0.932285
YBR172C,0.046296
YBR173C,0.551835
YBR175W,0.125142
YBR176W,0.080382
YBR177C,0.520074
YBR179C,0.036939
YBR180W,0.028647
YBR181C,15.965393
YBR182C,0.016151
YBR183W,0.10181
YBR184W,0.008877
YBR185C,0.179344
YBR186W,0.004175
YBR187W,0.474242
YBR188C,0.146563
YBR189W,6.857841
YBR191W,56.128041
YBR192W,0.087251
YBR193C,0.045054
YBR194W,0.094429
YBR195C,0.051893
YBR196C,6.631976
YBR197C,0.025308
YBR198C,0.334408
YBR199W,0.700543
YBR200W,0.111888
YBR201W,0.110074
YBR202W,0.100826
YBR203W,0.016412
YBR204C,0.10435
YBR205W,0.600953
YBR207W,1.011914
YBR208C,0.08128
YBR210W,0.177963
YBR211C,0.078072
YBR212W,0.164536
YBR213W,0.053676
YBR214W,0.125294
YBR215W,0.046993
YBR216C,0.045946
YBR217W,0.034387
YBR218C,0.341398
YBR219C,0.020731
YBR220C,0.108605
YBR221C,1.346457
YBR222C,0.252233
YBR223C,0.014778
YBR225W,0.024765
YBR227C,0.115496
YBR228W,0.022961
YBR229C,0.122925
YBR230C,0.654534
YBR231C,0.189544
YBR233W,0.039641
YBR234C,0.558342
YBR235W,0.076091
YBR236C,0.217388
YBR237W,0.023626
YBR238C,0.060077
YBR239C,0.011355
YBR240C,0.009735
YBR241C,0.365979
YBR242W,0.409875
YBR243C,0.328042
YBR244W,0.502822
YBR245C,0.128343
YBR246W,0.215555
YBR247C,0.354423
YBR248C,0.570563
YBR249C,2.690506
YBR250W,0.020306
YBR251W,0.139407
YBR252W,1.853098
YBR253W,0.089372
YBR254C,0.366856
YBR255W,0.025993
YBR256C,0.484388
YBR257W,0.101047
YBR258C,0.104028
YBR259W,0.007645
YBR260C,0.095765
YBR261C,0.748107
YBR262C,0.650842
YBR263W,1.37124
YBR264C,0.384963
YBR265W,0.461901
YBR267W,0.3601
YBR268W,1.003748
YBR269C,0.243336
YBR270C,0.013987
YBR271W,0.166576
YBR272C,0.078071
YBR273C,0.304828
YBR274W,0.087673
YBR275C,0.025462
YBR276C,0.100306
YBR278W,0.102547
YBR279W,0.301305
YBR280C,0.05356
YBR281C,0.096046
YBR282W,0.642176
YBR283C,1.685894
YBR284W,0.012369
YBR285W,0.03085
YBR286W,5.181058
YBR287W,0.417812
YBR288C,0.288547
YBR289W,0.063514
YBR290W,0.215724
YBR291C,0.119199
YBR293W,0.042412
YBR294W,0.003501
YBR295W,0.011466
YBR296C,0.067259
YBR297W,0.015832
YBR298C,0.036927
YBR299W,0.026707
YBR301W,0.488661
YBR302C,0.399532
YCL001W,0.146665
YCL002C,0.042464
YCL004W,0.003919
YCL005W,0.054909
YCL008C,0.026317
YCL009C,0.945814
YCL010C,0.042584
YCL011C,1.202904
YCL014W,0.007899
YCL016C,0.105186
YCL017C,0.698146
YCL018W,0.14728
YCL019W,0.450381
YCL024W,0.010249
YCL025C,0.318744
YCL026CA,0.062294
YCL027W,0.050368
YCL028W,0.614077
YCL029C,0.124585
YCL030C,0.850093
YCL031C,0.296445
YCL032W,0.084885
YCL033C,0.857766
YCL034W,0.627529
YCL035C,1.928943
YCL036W,0.328811
YCL037C,0.246962
YCL038C,0.10371
YCL039W,0.042901
YCL040W,1.939645
YCL042W,0.747448
YCL043C,4.214575
YCL044C,0.090257
YCL045C,0.412872
YCL047C,0.141904
YCL048W,0.015586
YCL049C,0.119354
YCL050C,1.777496
YCL051W,0.01179
YCL052C,0.112882
YCL054W,0.292651
YCL055W,0.03949
YCL056C,1.530407
YCL057W,0.22375
YCL059C,0.302254
YCL061C,0.015808
YCL063W,0.065675
YCL064C,0.918167
YCL066W,0.066947
YCL067C,0.299834
YCL068C,0.026949
YCL069W,0.013604
YCL073C,0.039488
YCR002C,1.017992
YCR003W,0.262246
YCR004C,1.099853
YCR005C,0.517095
YCR007C,0.016566
YCR008W,0.062246
YCR009C,0.776128
YCR010C,0.046009
YCR011C,0.297038
YCR012W,54.492843
YCR014C,0.032189
YCR015C,0.043016
YCR016W,0.241492
YCR017C,0.375309
YCR018C,0.063071
YCR019W,0.050394
YCR020C,0.059962
YCR020CA,0.068014
YCR021C,0.0632
YCR023C,0.109116
YCR024C,0.021906
YCR024CA,10.831013
YCR026C,0.111257
YCR027C,0.024865
YCR028C,0.054799
YCR028CA,1.078254
YCR030C,0.075011
YCR031C,16.989177
YCR032W,0.013992
YCR033W,0.03948
YCR034W,1.421041
YCR035C,0.525439
YCR036W,0.147977
YCR037C,0.023942
YCR038C,0.00799
YCR039C,0.457929
YCR040W,0.078195
YCR042C,0.052317
YCR043C,0.149498
YCR044C,0.328579
YCR045C,0.006624
YCR046C,0.279731
YCR047C,0.771993
YCR048W,0.235952
YCR051W,1.063696
YCR052W,0.193725
YCR053W,2.128118
YCR054C,0.043222
YCR057C,0.122044
YCR059C,0.310651
YCR060W,0.378536
YCR061W,0.141813
YCR063W,0.003755
YCR065W,0.036103
YCR066W,0.027702
YCR067C,0.115732
YCR068W,0.008522
YCR069W,0.376256
YCR071C,0.231229
YCR072C,0.318749
YCR073C,0.022092
YCR073WA,0.898081
YCR075C,0.094442
YCR076C,0.247911
YCR077C,0.418917
YCR079W,0.085797
YCR081W,0.011621
YCR082W,0.778377
YCR083W,0.288221
YCR084C,0.318783
YCR086W,0.084262
YCR088W,0.391369
YCR089W,0.020208
YCR090C,0.363796
YCR091W,0.010006
YCR092C,0.019191
YCR093W,0.032865
YCR094W,0.050268
YCR095C,0.08306
YCR096C,0.278916
YCR097W,0.130575
YCR098C,0.020858
YCR099C,0.001335
YCR100C,0.005214
YCR101C,0.005383
YCR102C,0.020836
YCR104W,0.615816
YCR105W,0.032008
YCR106W,0.003374
YCR107W,0.006365
YDL001W,0.098543
YDL002C,0.185712
YDL003W,0.177566
YDL004W,0.874888
YDL005C,0.154678
YDL006W,0.074037
YDL007W,1.493307
YDL008W,0.404789
YDL010W,0.178076
YDL012C,1.328023
YDL013W,0.051596
YDL014W,3.691287
YDL015C,1.158338
YDL017W,0.058898
YDL018C,0.099002
YDL019C,0.136882
YDL020C,0.04946
YDL021W,0.019371
YDL022W,2.550793
YDL024C,0.02226
YDL025C,0.021155
YDL027C,0.01073
YDL028C,0.015842
YDL029W,1.296101
YDL030W,0.029547
YDL031W,0.394624
YDL033C,0.042034
YDL035C,0.054127
YDL036C,0.092516
YDL037C,0.026299
YDL038C,0.010932
YDL039C,0.126393
YDL040C,0.437599
YDL042C,0.169845
YDL043C,0.086215
YDL044C,0.045058
YDL045C,0.098903
YDL045WA,0.442525
YDL046W,0.611063
YDL047W,0.138346
YDL048C,0.047692
YDL049C,0.023319
YDL051W,0.884466
YDL052C,0.597589
YDL053C,0.352385
YDL054C,0.145021
YDL055C,3.683708
YDL056W,0.036952
YDL057W,0.087504
YDL058W,0.038261
YDL059C,0.033135
YDL060W,0.670094
YDL061C,3.74991
YDL063C,0.105767
YDL064W,0.664148
YDL065C,0.198613
YDL066W,1.253105
YDL067C,1.056987
YDL069C,0.037904
YDL070W,0.062314
YDL072C,1.88832
YDL073W,0.022675
YDL074C,0.07184
YDL075W,19.852337
YDL076C,0.11736
YDL077C,0.049265
YDL078C,0.787549
YDL079C,0.009711
YDL080C,0.053302
YDL081C,18.778403
YDL082W,8.331879
YDL083C,8.731049
YDL084W,1.393093
YDL085W,0.047026
YDL086W,0.490228
YDL087C,0.019403
YDL088C,0.069785
YDL089W,0.030976
YDL090C,0.088695
YDL091C,0.035382
YDL092W,0.307607
YDL093W,0.171059
YDL095W,1.389799
YDL097C,0.652239
YDL098C,0.077514
YDL099W,0.25847
YDL100C,1.620151
YDL101C,0.104414
YDL102W,0.148635
YDL103C,0.450316
YDL104C,0.027954
YDL105W,0.036929
YDL106C,0.049285
YDL107W,0.012895
YDL108W,0.132062
YDL109C,0.031417
YDL110C,0.203418
YDL111C,0.435144
YDL112W,0.31764
YDL113C,0.015692
YDL114W,0.013952
YDL115C,0.099272
YDL116W,0.166987
YDL117W,0.121724
YDL119C,0.017176
YDL120W,0.027879
YDL121C,0.421789
YDL122W,0.488385
YDL123W,0.088417
YDL124W,1.55325
YDL125C,2.595557
YDL126C,2.554333
YDL127W,0.045966
YDL128W,1.365866
YDL129W,0.028726
YDL130W,65.648125
YDL131W,1.329306
YDL132W,0.387812
YDL133W,0.075269
YDL134C,0.18459
YDL135C,0.535992
YDL136W,13.094669
YDL137W,2.529652
YDL138W,0.017922
YDL139C,0.048981
YDL140C,0.493787
YDL141W,0.082019
YDL142C,0.072965
YDL143W,0.898344
YDL144C,0.343113
YDL145C,0.490816
YDL146W,0.009006
YDL147W,0.86663
YDL148C,0.232979
YDL149W,0.006506
YDL150W,0.178371
YDL153C,0.961365
YDL154W,0.015435
YDL155W,0.09603
YDL156W,0.018412
YDL157C,0.806052
YDL159W,0.033691
YDL160C,0.277651
YDL161W,0.258223
YDL164C,0.186545
YDL165W,0.797832
YDL166C,0.650828
YDL167C,0.040022
YDL168W,0.698619
YDL169C,0.035984
YDL170W,0.022492
YDL171C,0.348553
YDL173W,0.500557
YDL174C,0.601789
YDL175C,0.065631
YDL176W,0.006609
YDL177C,0.085822
YDL178W,0.213833
YDL179W,0.047355
YDL180W,0.063272
YDL181W,0.174628
YDL182W,2.816737
YDL183C,0.021313
YDL184C,2.665841
YDL185W,2.288516
YDL186W,0.013303
YDL188C,0.421455
YDL189W,0.13361
YDL190C,0.317648
YDL191W,12.639648
YDL192W,12.608456
YDL193W,0.211812
YDL194W,0.027796
YDL195W,0.907464
YDL197C,0.093078
YDL198C,0.835245
YDL199C,0.009953
YDL200C,0.191738
YDL201W,0.455042
YDL202W,0.14645
YDL203C,0.031531
YDL204W,0.010784
YDL205C,0.043726
YDL206W,0.011263
YDL207W,0.057837
YDL208W,4.336548
YDL209C,0.063839
YDL210W,0.015317
YDL211C,0.017487
YDL212W,1.777376
YDL213C,0.757428
YDL214C,0.006874
YDL215C,0.028836
YDL216C,0.018279
YDL217C,0.050768
YDL218W,0.007932
YDL219W,0.342824
YDL220C,0.023507
YDL222C,0.018939
YDL223C,0.023084
YDL224C,0.068275
YDL225W,0.242968
YDL226C,0.575856
YDL227C,0.17758
YDL229W,47.964631
YDL230W,0.225419
YDL231C,0.008415
YDL232W,1.815726
YDL233W,0.036342
YDL234C,0.089243
YDL235C,0.334514
YDL236W,0.669112
YDL237W,0.354343
YDL238C,0.003046
YDL239C,0.003499
YDL240W,0.005641
YDL241W,0.085548
YDL243C,0.02945
YDL244W,0.077832
YDL245C,0.007929
YDL246C,0.029246
YDL247W,0.003846
YDL248W,0.033612
YDR001C,0.297975
YDR002W,4.042364
YDR003W,0.080062
YDR004W,0.026524
YDR005C,0.088665
YDR006C,0.048922
YDR007W,0.152375
YDR009W,0.031794
YDR011W,0.399531
YDR012W,23.007415
YDR013W,0.044927
YDR014W,0.004523
YDR016C,0.312524
YDR017C,0.050313
YDR018C,0.008932
YDR019C,0.339071
YDR020C,0.026915
YDR021W,0.109623
YDR022C,0.022869
YDR023W,2.822393
YDR025W,13.340733
YDR026C,0.016333
YDR027C,0.068096
YDR028C,0.147438
YDR030C,0.032101
YDR031W,0.181109
YDR032C,2.869017
YDR033W,7.422159
YDR034C,0.020251
YDR035W,1.482233
YDR036C,0.209172
YDR037W,2.636696
YDR038C,0.219201
YDR039C,0.676896
YDR040C,0.009765
YDR041W,0.317782
YDR042C,0.029619
YDR043C,0.022525
YDR044W,0.318412
YDR045C,0.548131
YDR046C,0.38906
YDR047W,0.431138
YDR049W,0.078422
YDR050C,64.699331
YDR051C,0.335411
YDR052C,0.022015
YDR054C,0.127069
YDR055W,1.811457
YDR056C,0.469694
YDR057W,0.095149
YDR058C,0.091694
YDR059C,0.199835
YDR060W,0.324903
YDR061W,0.154092
YDR062W,0.999773
YDR063W,0.516578
YDR064W,4.722341
YDR065W,0.005033
YDR066C,0.071469
YDR067C,0.061079
YDR068W,0.265583
YDR069C,0.014749
YDR070C,0.048168
YDR071C,1.324369
YDR072C,0.604528
YDR073W,0.00903
YDR074W,0.223411
YDR075W,0.048038
YDR076W,0.021426
YDR077W,11.127208
YDR078C,0.021756
YDR079W,0.323612
YDR080W,0.039336
YDR081C,0.014651
YDR082W,0.005025
YDR083W,0.437441
YDR084C,0.406912
YDR085C,0.020742
YDR086C,1.117109
YDR087C,0.37624
YDR088C,0.040214
YDR089W,0.050041
YDR090C,0.17519
YDR091C,0.570374
YDR092W,1.335837
YDR093W,0.062697
YDR096W,0.016367
YDR097C,0.157163
YDR098C,0.98613
YDR099W,1.194766
YDR100W,0.592455
YDR101C,0.62551
YDR103W,0.035334
YDR104C,0.006823
YDR105C,0.358518
YDR106W,0.035835
YDR107C,0.077223
YDR108W,0.034172
YDR109C,0.012516
YDR110W,0.081449
YDR111C,0.038379
YDR113C,0.091393
YDR115W,0.707379
YDR116C,0.210117
YDR117C,0.113193
YDR118W,0.013193
YDR119W,0.310171
YDR120C,0.482939
YDR121W,0.122409
YDR122W,0.035205
YDR123C,0.035768
YDR124W,0.013814
YDR125C,0.007199
YDR126W,0.026147
YDR127W,0.346216
YDR128W,0.022274
YDR129C,1.120229
YDR130C,0.068227
YDR131C,0.035746
YDR132C,0.02297
YDR135C,0.109454
YDR137W,0.045616
YDR138W,0.030231
YDR139C,1.39579
YDR140W,0.275813
YDR141C,0.048741
YDR142C,0.013657
YDR143C,0.086791
YDR144C,0.357583
YDR145W,0.191949
YDR146C,0.124491
YDR147W,0.055396
YDR148C,0.274579
YDR150W,0.046389
YDR151C,0.10641
YDR152W,0.471956
YDR153C,0.27997
YDR155C,11.972761
YDR156W,0.952949
YDR158W,1.850313
YDR159W,0.021169
YDR160W,0.014256
YDR161W,0.174864
YDR162C,0.195269
YDR163W,0.229243
YDR164C,0.082084
YDR165W,0.413539
YDR166C,0.022796
YDR167W,0.675942
YDR168W,0.457919
YDR169C,0.046117
YDR170C,0.371622
YDR171W,0.456383
YDR172W,1.470013
YDR173C,0.031973
YDR174W,1.163098
YDR175C,0.164987
YDR176W,0.072193
YDR177W,1.604851
YDR178W,0.726589
YDR179C,0.041401
YDR179WA,0.026835
YDR180W,0.055595
YDR181C,0.065097
YDR182W,0.420543
YDR183W,0.078476
YDR184C,0.151036
YDR185C,0.011484
YDR186C,0.033484
YDR188W,1.762088
YDR189W,0.272194
YDR190C,1.326689
YDR191W,0.030976
YDR192C,0.120493
YDR194C,0.262505
YDR195W,0.04466
YDR196C,0.274403
YDR197W,0.027983
YDR198C,0.062946
YDR200C,0.019359
YDR201W,0.167582
YDR202C,0.063565
YDR204W,0.119601
YDR205W,0.059809
YDR206W,0.054646
YDR207C,0.044905
YDR208W,0.058583
YDR210W,3.749391
YDR211W,0.373607
YDR212W,0.757743
YDR213W,0.013439
YDR214W,0.76711
YDR216W,0.008275
YDR217C,0.00864
YDR218C,0.012336
YDR219C,0.025197
YDR221W,0.045215
YDR222W,0.03902
YDR223W,0.002887
YDR224C,4.507221
YDR225W,8.070406
YDR226W,7.386768
YDR227W,0.046479
YDR228C,0.08419
YDR229W,0.157324
YDR231C,0.117548
YDR232W,0.433512
YDR233C,5.297758
YDR234W,0.784223
YDR235W,0.03262
YDR236C,0.107962
YDR237W,0.279318
YDR238C,0.719977
YDR239C,0.117292
YDR240C,0.018821
YDR242W,0.013987
YDR243C,0.058213
YDR244W,0.031807
YDR245W,0.751997
YDR246W,0.280739
YDR247W,0.01735
YDR248C,0.184276
YDR249C,0.031927
YDR251W,0.235511
YDR252W,0.019614
YDR253C,0.022469
YDR254W,0.009456
YDR255C,0.025068
YDR256C,0.00442
YDR257C,0.054262
YDR258C,0.231158
YDR259C,0.061489
YDR260C,0.084894
YDR261C,0.267209
YDR262W,0.126928
YDR263C,0.018999
YDR264C,0.34837
YDR265W,0.087415
YDR266C,0.135334
YDR267C,0.29407
YDR268W,0.079384
YDR270W,0.054284
YDR272W,0.580315
YDR273W,0.021403
YDR275W,0.043764
YDR276C,5.322459
YDR277C,0.012167
YDR279W,0.032626
YDR280W,0.300546
YDR281C,0.083145
YDR282C,0.069048
YDR283C,0.027021
YDR284C,0.393504
YDR285W,0.026658
YDR286C,0.125724
YDR287W,0.124576
YDR288W,0.043592
YDR289C,0.054958
YDR291W,0.052193
YDR292C,0.341005
YDR293C,0.145512
YDR294C,0.520822
YDR295C,0.012516
YDR296W,0.4101
YDR297W,1.300675
YDR298C,0.635787
YDR299W,0.178497
YDR300C,0.379276
YDR301W,0.043091
YDR302W,0.386144
YDR303C,0.042982
YDR304C,1.978158
YDR305C,0.111919
YDR306C,0.069941
YDR307W,0.146376
YDR308C,0.300769
YDR309C,0.327736
YDR310C,0.043721
YDR311W,0.075123
YDR312W,0.103689
YDR313C,0.013041
YDR314C,0.008928
YDR315C,0.032583
YDR316W,0.049386
YDR317W,0.02736
YDR318W,0.038383
YDR319C,0.048866
YDR320C,0.043504
YDR321W,1.018069
YDR322W,0.321802
YDR323C,0.033016
YDR324C,0.388582
YDR325W,0.074673
YDR326C,0.07046
YDR328C,2.856577
YDR329C,0.182205
YDR330W,0.0285
YDR331W,0.096574
YDR332W,0.004534
YDR333C,0.082783
YDR334W,0.069413
YDR335W,0.176263
YDR336W,0.042
YDR337W,0.183925
YDR338C,0.061892
YDR339C,0.74183
YDR341C,2.900692
YDR342C,2.309116
YDR343C,2.408762
YDR345C,3.051983
YDR346C,0.50262
YDR347W,0.326604
YDR348C,0.150832
YDR349C,0.163357
YDR350C,0.020979
YDR351W,0.027361
YDR352W,0.179309
YDR353W,4.818598
YDR354W,0.316678
YDR356W,0.007889
YDR357C,0.306956
YDR358W,0.089116
YDR359C,0.013984
YDR361C,0.40978
YDR362C,0.056595
YDR363W,0.017312
YDR364C,0.055185
YDR365C,0.306581
YDR366C,0.050588
YDR367W,0.177794
YDR368W,0.867286
YDR369C,0.011572
YDR370C,0.059942
YDR371W,0.023558
YDR372C,0.177355
YDR373W,0.371972
YDR374C,0.012146
YDR375C,0.04338
YDR376W,0.032806
YDR377W,0.374309
YDR378C,0.406396
YDR379W,0.021065
YDR380W,0.390418
YDR381W,0.884181
YDR382W,22.41564
YDR383C,0.037807
YDR384C,0.678165
YDR385W,13.109861
YDR386W,0.015205
YDR387C,0.025186
YDR388W,1.745567
YDR389W,0.054719
YDR390C,0.197673
YDR391C,0.203439
YDR392W,0.14259
YDR393W,0.076722
YDR394W,0.435716
YDR395W,0.354566
YDR397C,0.38847
YDR398W,0.712887
YDR399W,1.332702
YDR400W,0.115597
YDR402C,0.02121
YDR403W,0.007399
YDR404C,0.445106
YDR405W,0.069917
YDR406W,0.020531
YDR407C,0.033173
YDR408C,0.481794
YDR409W,0.021589
YDR410C,0.285465
YDR411C,0.349226
YDR412W,0.257762
YDR414C,0.036021
YDR415C,0.165296
YDR416W,0.046699
YDR418W,5.001888
YDR419W,0.025068
YDR420W,0.032226
YDR421W,0.011287
YDR422C,0.028989
YDR423C,0.123285
YDR424C,1.115004
YDR425W,0.019753
YDR427W,0.772197
YDR428C,0.130832
YDR429C,2.721653
YDR430C,0.047297
YDR432W,0.904081
YDR434W,0.329709
YDR435C,0.070179
YDR436W,0.011122
YDR437W,0.044371
YDR438W,0.003078
YDR439W,0.01516
YDR440W,0.017172
YDR441C,0.163438
YDR443C,0.009628
YDR444W,0.028171
YDR446W,0.023017
YDR447C,9.497187
YDR448W,0.121413
YDR449C,0.186917
YDR450W,10.481391
YDR451C,0.049362
YDR452W,0.453303
YDR453C,0.074081
YDR454C,3.057397
YDR456W,0.120854
YDR457W,0.078262
YDR458C,0.055557
YDR459C,0.022545
YDR460W,0.105549
YDR461W,0.837592
YDR462W,0.290866
YDR463W,0.310261
YDR464W,0.181572
YDR465C,0.834672
YDR466W,0.058708
YDR468C,0.224574
YDR469W,0.107341
YDR470C,0.03685
YDR471W,4.752072
YDR472W,0.226492
YDR473C,0.085402
YDR475C,0.008169
YDR476C,0.31808
YDR477W,0.241203
YDR478W,0.135892
YDR479C,0.081032
YDR480W,0.02944
YDR481C,0.620766
YDR482C,0.14403
YDR483W,1.969447
YDR484W,0.00965
YDR485C,0.057004
YDR486C,0.233458
YDR487C,0.635312
YDR488C,0.005694
YDR489W,0.05178
YDR490C,0.108367
YDR492W,0.678066
YDR493W,0.227659
YDR494W,0.200964
YDR495C,0.012631
YDR496C,0.525884
YDR497C,0.86222
YDR498C,0.122131
YDR499W,0.008654
YDR500C,19.189292
YDR501W,0.01373
YDR502C,0.894991
YDR503C,0.088745
YDR504C,0.76458
YDR505C,0.051016
YDR506C,0.08774
YDR507C,0.313841
YDR508C,1.125194
YDR510W,1.323415
YDR511W,0.221845
YDR512C,0.144782
YDR513W,0.940307
YDR514C,0.131602
YDR515W,0.018802
YDR516C,0.375037
YDR517W,0.478228
YDR518W,0.241774
YDR519W,0.780652
YDR520C,0.028639
YDR522C,0.030378
YDR523C,0.011586
YDR524C,0.028207
YDR527W,0.096003
YDR528W,0.014436
YDR529C,1.123918
YDR530C,0.049611
YDR531W,0.292717
YDR532C,0.027909
YDR533C,1.0763
YDR534C,0.060924
YDR536W,0.014072
YDR538W,0.217612
YDR539W,0.189688
YDR540C,0.010256
YDR541C,0.014856
YDR542W,0.512467
YDR545W,0.260675
YEL001C,1.136468
YEL002C,1.153065
YEL003W,0.958268
YEL004W,0.057057
YEL005C,0.024251
YEL006W,0.027478
YEL007W,0.155817
YEL009C,0.571291
YEL011W,0.0399
YEL012W,0.152729
YEL013W,0.320356
YEL015W,0.176731
YEL016C,0.036554
YEL017CA,18.591893
YEL017W,0.136381
YEL018W,0.206006
YEL019C,0.025182
YEL020C,0.063019
YEL021W,0.122813
YEL022W,0.069168
YEL023C,0.009522
YEL024W,0.35678
YEL025C,0.007618
YEL026W,4.960373
YEL027W,11.616161
YEL029C,0.033703
YEL030W,0.015186
YEL031W,0.675411
YEL032W,0.258396
YEL034W,13.236326
YEL035C,0.013393
YEL036C,1.318802
YEL037C,0.775857
YEL038W,0.509886
YEL039C,0.132867
YEL040W,4.598067
YEL041W,0.017601
YEL042W,0.686586
YEL043W,0.078913
YEL044W,0.655078
YEL046C,1.920825
YEL047C,0.602806
YEL048C,0.013094
YEL049W,0.13018
YEL050C,0.274914
YEL051W,0.813966
YEL052W,0.13601
YEL053C,0.024849
YEL054C,3.229846
YEL055C,0.220321
YEL056W,0.523895
YEL057C,0.103965
YEL058W,1.596882
YEL059CA,0.41206
YEL060C,0.437544
YEL061C,0.004606
YEL062W,0.014986
YEL063C,0.065694
YEL064C,0.031484
YEL065W,0.657478
YEL066W,0.399383
YEL069C,0.006497
YEL070W,0.023324
YEL071W,0.902818
YEL072W,0.006208
YEL073C,0.009257
YEL075C,0.037779
YEL076C,0.022699
YEL076CA,0.0084
YEL077C,0.069195
YER001W,0.52043
YER002W,0.838529
YER003C,0.971971
YER004W,0.78593
YER005W,0.123837
YER006W,0.970347
YER007CA,1.211973
YER007W,0.031754
YER008C,0.118923
YER009W,2.06142
YER010C,0.130488
YER011W,4.82783
YER012W,1.499303
YER013W,0.016526
YER014W,0.118054
YER015W,0.021662
YER016W,0.254648
YER017C,0.225651
YER018C,0.033724
YER019CA,1.767178
YER019W,0.404109
YER020W,0.239488
YER021W,0.742528
YER022W,0.189054
YER023W,1.88734
YER024W,0.043758
YER025W,1.995785
YER026C,0.663303
YER027C,0.252473
YER028C,0.064679
YER029C,0.291581
YER030W,1.004416
YER031C,0.57984
YER032W,0.03885
YER033C,0.012318
YER034W,0.119305
YER035W,1.036713
YER036C,1.755256
YER037W,0.133408
YER038C,0.010559
YER039C,0.013155
YER040W,0.025348
YER041W,0.019133
YER042W,0.985266
YER043C,4.481786
YER044C,0.761552
YER044CA,0.018726
YER045C,0.049937
YER046W,0.158193
YER047C,0.021105
YER048C,0.618455
YER049W,0.876165
YER050C,0.404749
YER051W,0.024769
YER052C,0.773534
YER053C,0.137814
YER054C,0.011038
YER055C,2.610791
YER056C,1.657639
YER056CA,5.264474
YER057C,1.70403
YER058W,0.423622
YER059W,0.090272
YER060W,0.057455
YER060WA,0.037711
YER061C,0.087295
YER062C,0.93357
YER063W,0.304766
YER064C,0.371019
YER065C,0.002664
YER066W,0.122163
YER067W,0.072909
YER068W,0.04154
YER069W,0.150506
YER070W,0.333237
YER071C,0.168707
YER072W,2.674418
YER073W,0.50415
YER074W,4.467532
YER075C,0.02022
YER076C,0.06189
YER077C,0.063463
YER078C,0.062415
YER079W,0.126133
YER080W,0.301396
YER081W,0.152746
YER082C,0.259068
YER083C,0.774592
YER085C,0.023273
YER086W,0.599835
YER087W,0.121339
YER088C,0.347855
YER089C,0.455715
YER090W,0.540061
YER091C,1.240644
YER092W,0.168739
YER093C,0.028256
YER093CA,0.380984
YER094C,2.378644
YER095W,0.535814
YER096W,0.014611
YER098W,0.006355
YER099C,0.426586
YER100W,0.521989
YER101C,0.036097
YER102W,26.998544
YER103W,0.283541
YER104W,0.025864
YER105C,0.152294
YER106W,0.017568
YER107C,0.466077
YER110C,0.575196
YER111C,0.024135
YER112W,0.685439
YER113C,0.062492
YER114C,0.064676
YER115C,0.057676
YER116C,0.011912
YER117W,32.088607
YER118C,0.287146
YER119C,0.092262
YER120W,1.922592
YER122C,0.491381
YER123W,0.057724
YER124C,0.144731
YER125W,0.177548
YER126C,1.023498
YER127W,0.369482
YER128W,0.064587
YER129W,0.012132
YER130C,0.087702
YER131W,2.500954
YER132C,0.045769
YER133W,0.75963
YER134C,0.284805
YER136W,1.148593
YER137C,0.202485
YER138C,0.435937
YER139C,0.01945
YER140W,0.064572
YER141W,0.918981
YER142C,0.039276
YER143W,0.193518
YER144C,0.032119
YER145C,1.908756
YER146W,0.943494
YER147C,0.096389
YER148W,0.797715
YER149C,0.091171
YER150W,0.262821
YER151C,0.167683
YER152C,0.22337
YER153C,0.026765
YER154W,0.529446
YER155C,0.088601
YER156C,0.757712
YER157W,0.046986
YER158C,0.048019
YER159C,0.356664
YER160C,0.538713
YER161C,0.060063
YER162C,0.020524
YER163C,0.272075
YER164W,0.079363
YER165W,1.36844
YER166W,0.054164
YER167W,0.052426
YER168C,0.132077
YER169W,0.050226
YER170W,0.059649
YER171W,0.073465
YER172C,0.015013
YER173W,0.019776
YER174C,0.340593
YER175C,0.037207
YER176W,0.085896
YER177W,10.36358
YER178W,2.258723
YER179W,0.024455
YER180C,0.011591
YER182W,0.165105
YER183C,0.24202
YER184C,0.008251
YER185W,0.024023
YER186C,0.022298
YER187W,0.026306
YER189W,0.065072
YER190W,0.061217
YFL001W,0.109226
YFL002C,0.413221
YFL003C,0.01321
YFL004W,0.419024
YFL005W,0.535922
YFL007W,0.105998
YFL008W,0.040982
YFL009W,0.097058
YFL010C,1.561991
YFL011W,0.010249
YFL012W,0.017955
YFL013C,0.080631
YFL014W,0.521702
YFL016C,0.330415
YFL017C,0.383265
YFL017WA,1.017957
YFL018C,1.521492
YFL020C,0.214143
YFL021W,0.115633
YFL022C,1.623274
YFL023W,0.14614
YFL024C,0.02831
YFL025C,0.02661
YFL026W,0.356998
YFL027C,0.062829
YFL028C,0.526635
YFL029C,0.087645
YFL030W,0.027104
YFL031W,0.210381
YFL033C,0.041921
YFL034CA,0.380103
YFL034W,0.020468
YFL036W,0.071939
YFL037W,1.556939
YFL038C,4.428995
YFL039C,9.058915
YFL040W,0.006916
YFL041W,0.181534
YFL042C,0.038844
YFL044C,0.164943
YFL045C,5.147777
YFL046W,0.114543
YFL047W,0.138437
YFL048C,0.417479
YFL049W,0.056205
YFL050C,0.003857
YFL051C,0.037706
YFL052W,0.008336
YFL053W,0.009764
YFL054C,0.029383
YFL055W,0.046321
YFL056C,0.00709
YFL057C,0.741899
YFL058W,0.03289
YFL059W,0.063632
YFL060C,0.016939
YFL061W,0.015403
YFL062W,0.953272
YFL064C,0.032431
YFL065C,0.045676
YFL066C,0.042583
YFL067W,0.015267
YFL068W,0.036433
YFR001W,0.432485
YFR002W,0.127449
YFR003C,0.311019
YFR004W,1.701606
YFR005C,0.069513
YFR006W,0.745902
YFR007W,0.082512
YFR008W,0.026902
YFR009W,0.627461
YFR010W,0.555781
YFR011C,0.278212
YFR012W,0.032176
YFR013W,0.069004
YFR014C,0.046626
YFR015C,0.018815
YFR016C,0.076919
YFR017C,0.041956
YFR018C,0.171312
YFR019W,0.002585
YFR021W,0.053978
YFR022W,0.012094
YFR023W,0.016946
YFR024CA,0.667346
YFR025C,0.103189
YFR026C,0.040674
YFR027W,0.0214
YFR028C,0.278026
YFR029W,0.034225
YFR030W,0.093018
YFR031C,0.088095
YFR031CA,32.877856
YFR032C,0.004198
YFR033C,1.904048
YFR034C,0.084912
YFR035C,0.046133
YFR036W,0.248244
YFR037C,0.28552
YFR038W,0.018833
YFR039C,0.120381
YFR040W,0.016747
YFR041C,0.248853
YFR042W,0.159146
YFR043C,0.135649
YFR044C,3.333147
YFR045W,0.057254
YFR046C,0.036946
YFR047C,0.489107
YFR048W,0.04598
YFR049W,0.526995
YFR050C,1.284533
YFR051C,0.894217
YFR052W,0.438149
YFR053C,1.503509
YFR055W,0.104844
YFR057W,0.029647
YGL001C,0.947717
YGL002W,0.135636
YGL003C,0.029302
YGL004C,0.148862
YGL005C,0.046904
YGL006W,0.104688
YGL008C,22.8483
YGL009C,1.4208
YGL010W,0.035767
YGL011C,0.874865
YGL012W,3.471367
YGL013C,0.065413
YGL014W,0.042323
YGL015C,0.064208
YGL016W,0.121571
YGL017W,0.06505
YGL018C,0.044782
YGL019W,0.597091
YGL020C,0.772061
YGL021W,0.059586
YGL022W,0.798833
YGL023C,0.146174
YGL025C,0.058718
YGL026C,2.308539
YGL027C,0.272709
YGL028C,0.213812
YGL029W,0.959411
YGL030W,14.376057
YGL031C,24.620015
YGL032C,0.289927
YGL033W,0.133346
YGL035C,0.099214
YGL036W,0.05866
YGL037C,2.37808
YGL038C,0.14387
YGL039W,0.23689
YGL040C,0.965704
YGL043W,0.201977
YGL044C,0.271213
YGL045W,0.02993
YGL047W,0.157385
YGL048C,1.45215
YGL049C,0.082437
YGL050W,0.143472
YGL051W,0.029977
YGL053W,0.024874
YGL054C,0.58805
YGL055W,2.329231
YGL056C,0.158207
YGL057C,0.058382
YGL058W,0.612989
YGL059W,0.011849
YGL060W,0.094525
YGL061C,0.061932
YGL062W,0.279803
YGL063W,0.007335
YGL064C,0.020349
YGL065C,0.091869
YGL066W,0.03571
YGL067W,0.137966
YGL068W,0.761226
YGL070C,0.63819
YGL071W,0.064427
YGL073W,0.043771
YGL075C,0.007575
YGL076C,12.880257
YGL077C,0.790124
YGL078C,1.932872
YGL079W,0.131744
YGL080W,0.582637
YGL081W,0.031951
YGL082W,0.277901
YGL083W,0.047485
YGL084C,0.249881
YGL085W,0.048178
YGL086W,0.057008
YGL087C,0.725712
YGL089C,0.10281
YGL090W,0.013548
YGL091C,0.359318
YGL092W,0.173391
YGL093W,0.062103
YGL094C,0.038956
YGL095C,0.075246
YGL096W,0.027443
YGL097W,0.656999
YGL098W,0.026884
YGL099W,0.465565
YGL100W,0.283854
YGL101W,0.264496
YGL103W,21.410402
YGL104C,0.079406
YGL105W,2.630975
YGL106W,1.543546
YGL107C,0.101728
YGL108C,0.096105
YGL110C,0.023156
YGL111W,0.259665
YGL112C,0.290336
YGL113W,0.084569
YGL114W,0.256951
YGL115W,0.409222
YGL116W,0.041955
YGL117W,0.103825
YGL119W,0.119533
YGL120C,0.731271
YGL121C,0.078292
YGL122C,0.727928
YGL123W,18.688856
YGL124C,0.021424
YGL125W,0.051537
YGL126W,0.737482
YGL127C,0.322804
YGL128C,0.063257
YGL129C,0.08153
YGL130W,0.331006
YGL131C,0.012193
YGL133W,0.023361
YGL134W,0.010554
YGL135W,20.369475
YGL136C,0.103637
YGL137W,0.782546
YGL138C,0.014627
YGL139W,0.14637
YGL140C,0.057011
YGL141W,0.033727
YGL142C,0.048234
YGL143C,0.051722
YGL144C,0.010389
YGL145W,0.033572
YGL146C,0.00634
YGL147C,6.907361
YGL148W,3.436601
YGL150C,0.020627
YGL151W,0.070748
YGL153W,0.146991
YGL154C,0.063136
YGL155W,0.081246
YGL156W,0.017707
YGL157W,0.533351
YGL158W,0.031954
YGL159W,0.116584
YGL160W,0.069273
YGL161C,0.8189
YGL162W,0.034512
YGL163C,0.025822
YGL164C,0.127912
YGL166W,0.203414
YGL167C,0.192014
YGL168W,0.420067
YGL169W,0.041804
YGL170C,0.014912
YGL171W,0.460805
YGL172W,0.565364
YGL173C,0.299944
YGL174W,0.092365
YGL175C,0.003162
YGL176C,0.004882
YGL178W,0.114244
YGL179C,0.066784
YGL180W,0.005206
YGL181W,0.456199
YGL183C,0.036554
YGL184C,0.020902
YGL185C,0.098226
YGL186C,0.781487
YGL187C,0.509262
YGL189C,20.864536
YGL190C,0.068082
YGL191W,1.201955
YGL192W,0.001728
YGL194C,0.027897
YGL195W,0.240582
YGL196W,0.246261
YGL197W,0.012474
YGL198W,0.702494
YGL200C,1.800799
YGL201C,0.065924
YGL202W,2.579348
YGL203C,0.261041
YGL205W,0.006229
YGL206C,0.243631
YGL207W,0.363627
YGL208W,0.059492
YGL209W,0.230393
YGL210W,0.322022
YGL211W,0.12168
YGL212W,0.019594
YGL213C,0.258287
YGL215W,0.052123
YGL216W,0.045747
YGL219C,0.137683
YGL220W,1.281593
YGL221C,1.098614
YGL222C,0.022133
YGL223C,0.069252
YGL224C,0.15705
YGL225W,3.393458
YGL226CA,0.98604
YGL226W,0.152459
YGL227W,0.009493
YGL228W,0.603568
YGL229C,0.018356
YGL230C,0.036924
YGL231C,0.986954
YGL232W,0.202456
YGL233W,0.084424
YGL234W,0.762711
YGL235W,0.029755
YGL236C,0.052038
YGL237C,0.101138
YGL238W,0.207652
YGL240W,0.031814
YGL241W,0.071803
YGL242C,0.628274
YGL243W,0.067465
YGL244W,0.273623
YGL245W,2.949288
YGL246C,0.072106
YGL247W,0.151652
YGL248W,0.150906
YGL249W,0.003762
YGL250W,0.039366
YGL251C,0.013055
YGL252C,0.288189
YGL253W,8.702526
YGL254W,0.02548
YGL255W,0.428317
YGL257C,0.03338
YGL258W,0.008544
YGL259W,0.010191
YGL260W,0.061174
YGL261C,0.730372
YGL262W,0.016
YGL263W,0.013708
YGR001C,0.256319
YGR002C,0.080627
YGR003W,0.031414
YGR004W,0.081456
YGR005C,0.306486
YGR006W,0.024073
YGR007W,0.57092
YGR008C,0.645976
YGR009C,0.225302
YGR010W,0.067152
YGR012W,0.119202
YGR013W,0.05058
YGR014W,0.14207
YGR015C,0.016173
YGR016W,0.012886
YGR017W,0.165166
YGR019W,0.355799
YGR020C,1.010229
YGR021W,0.10162
YGR023W,0.011211
YGR024C,0.224851
YGR026W,0.573042
YGR027C,3.138689
YGR028W,0.132357
YGR029W,0.037807
YGR030C,0.259927
YGR031W,0.158308
YGR032W,0.072428
YGR033C,0.171251
YGR034W,16.337194
YGR035C,0.156944
YGR036C,0.097255
YGR037C,3.728384
YGR038W,0.410455
YGR040W,0.038266
YGR041W,0.036305
YGR042W,0.08147
YGR043C,0.036722
YGR044C,0.320815
YGR046W,0.046699
YGR047C,0.111447
YGR048W,0.131937
YGR049W,0.24748
YGR052W,0.033149
YGR053C,0.012559
YGR054W,0.550998
YGR055W,1.199861
YGR056W,0.018765
YGR057C,0.074956
YGR058W,0.037364
YGR059W,0.007941
YGR060W,8.532634
YGR061C,1.127671
YGR062C,0.04273
YGR063C,0.79479
YGR065C,0.107595
YGR066C,0.022847
YGR067C,0.048815
YGR068C,0.009996
YGR070W,0.014417
YGR071C,0.034558
YGR072W,0.032763
YGR074W,0.238454
YGR075C,0.074757
YGR076C,0.290021
YGR077C,0.140141
YGR078C,0.572842
YGR079W,0.342966
YGR080W,0.227165
YGR081C,0.271513
YGR082W,1.188622
YGR083C,0.265862
YGR084C,0.209833
YGR085C,48.15599
YGR086C,1.360149
YGR087C,0.094703
YGR088W,0.027308
YGR089W,0.02394
YGR090W,0.265156
YGR091W,0.017533
YGR092W,0.031208
YGR093W,0.107891
YGR094W,1.355771
YGR095C,0.964647
YGR096W,0.030799
YGR097W,0.135228
YGR098C,0.049972
YGR099W,0.030524
YGR100W,0.054128
YGR101W,0.202245
YGR102C,0.149647
YGR103W,0.84207
YGR104C,0.088411
YGR105W,0.828287
YGR106C,1.75384
YGR108W,0.091495
YGR109C,0.032924
YGR110W,0.031968
YGR111W,0.084256
YGR112W,0.012685
YGR113W,0.040731
YGR116W,0.096386
YGR117C,0.107423
YGR118W,40.035905
YGR119C,0.214035
YGR120C,0.093206
YGR121C,0.072348
YGR122W,0.023344
YGR123C,0.197193
YGR124W,2.633389
YGR125W,0.172685
YGR126W,0.005559
YGR127W,0.04434
YGR128C,0.457482
YGR129W,0.09061
YGR130C,0.056266
YGR131W,0.075222
YGR132C,0.501037
YGR133W,0.036801
YGR134W,0.016934
YGR135W,1.510587
YGR136W,0.533857
YGR138C,0.094675
YGR140W,0.029477
YGR141W,0.228023
YGR142W,0.069309
YGR143W,0.090383
YGR144W,0.076518
YGR145W,0.310856
YGR146C,0.092305
YGR147C,0.337899
YGR148C,21.230779
YGR149W,0.124702
YGR150C,0.010205
YGR152C,0.143646
YGR153W,0.023464
YGR154C,0.01333
YGR155W,3.717684
YGR156W,0.044034
YGR157W,0.72114
YGR158C,0.26206
YGR159C,2.753696
YGR161C,0.200898
YGR162W,0.494679
YGR163W,0.075864
YGR165W,0.180685
YGR166W,0.04361
YGR167W,0.54697
YGR168C,0.024847
YGR169C,0.044681
YGR170W,0.015785
YGR171C,0.068263
YGR172C,0.53649
YGR173W,0.451334
YGR174C,0.205036
YGR175C,2.193914
YGR177C,0.103613
YGR178C,0.567908
YGR179C,0.042858
YGR180C,2.985512
YGR181W,1.238548
YGR183C,0.664221
YGR184C,0.055798
YGR185C,1.561373
YGR186W,0.200151
YGR187C,0.632288
YGR188C,0.007665
YGR189C,2.219786
YGR191W,1.463142
YGR192C,36.297992
YGR193C,0.329102
YGR194C,0.087713
YGR195W,0.909187
YGR196C,0.029784
YGR197C,0.043333
YGR198W,0.068921
YGR199W,0.354855
YGR200C,0.388393
YGR201C,0.012221
YGR202C,0.064704
YGR203W,0.076861
YGR204W,1.336282
YGR205W,0.022484
YGR206W,0.152312
YGR207C,0.215079
YGR208W,0.395972
YGR209C,4.303101
YGR210C,0.676184
YGR211W,0.634391
YGR212W,0.007001
YGR213C,0.015772
YGR214W,6.430261
YGR215W,0.180732
YGR216C,0.054161
YGR217W,0.03558
YGR218W,0.124661
YGR220C,0.449328
YGR221C,0.004365
YGR222W,0.048324
YGR223C,0.074235
YGR224W,0.010271
YGR225W,0.010416
YGR227W,0.202756
YGR229C,0.879329
YGR230W,0.109053
YGR231C,0.570464
YGR232W,0.487879
YGR233C,0.189697
YGR234W,3.709857
YGR235C,0.782161
YGR236C,0.036832
YGR237C,0.0744
YGR238C,0.011798
YGR239C,0.019717
YGR240C,2.654972
YGR241C,0.202108
YGR243W,0.086998
YGR244C,0.515385
YGR245C,0.287406
YGR246C,0.200941
YGR247W,0.181262
YGR248W,0.137783
YGR249W,0.008186
YGR250C,0.111455
YGR251W,0.159328
YGR252W,0.111963
YGR253C,1.129808
YGR254W,10.540976
YGR255C,0.135152
YGR256W,0.076264
YGR257C,0.056418
YGR258C,0.039667
YGR260W,0.473849
YGR261C,0.141287
YGR262C,0.276143
YGR263C,0.189192
YGR264C,0.922613
YGR266W,0.235309
YGR267C,0.524966
YGR268C,0.175715
YGR270W,0.165382
YGR271W,0.015745
YGR272C,0.437631
YGR273C,0.008041
YGR274C,0.043701
YGR275W,0.414327
YGR276C,0.304104
YGR277C,0.55124
YGR278W,0.043753
YGR279C,5.547383
YGR280C,0.577658
YGR281W,0.177272
YGR282C,6.177625
YGR283C,0.170109
YGR284C,0.851703
YGR285C,5.531899
YGR286C,0.158819
YGR287C,0.005261
YGR288W,0.009389
YGR289C,0.018095
YGR292W,0.018303
YGR294W,0.361641
YGR295C,1.299527
YGR296W,0.13414
YHL001W,7.676296
YHL002W,0.086485
YHL003C,0.622919
YHL004W,0.134355
YHL006C,0.038604
YHL007C,0.069324
YHL008C,0.045418
YHL009C,0.0395
YHL010C,0.026598
YHL011C,0.760172
YHL012W,0.003571
YHL013C,0.302756
YHL014C,0.004486
YHL015W,8.583432
YHL016C,0.018056
YHL017W,0.202175
YHL018W,0.007288
YHL019C,0.0528
YHL020C,0.427542
YHL021C,0.151523
YHL022C,0.015308
YHL023C,0.027243
YHL024W,0.014341
YHL025W,0.255208
YHL026C,0.08349
YHL027W,0.228504
YHL028W,0.02779
YHL029C,0.064804
YHL030W,0.098554
YHL031C,0.366782
YHL032C,0.020886
YHL033C,8.521984
YHL034C,3.247221
YHL035C,0.036368
YHL036W,0.031493
YHL038C,0.082456
YHL039W,0.184726
YHL040C,0.217388
YHL042W,0.019322
YHL043W,0.007504
YHL044W,0.029088
YHL046C,0.280941
YHL047C,0.105208
YHL048W,0.232768
YHL049C,0.02785
YHL050C,0.032392
YHR001W,0.346721
YHR001WA,0.506734
YHR002W,0.018837
YHR003C,0.228556
YHR004C,0.01217
YHR005C,0.70556
YHR005CA,0.723139
YHR006W,0.026323
YHR007C,5.589031
YHR008C,0.913152
YHR009C,0.110476
YHR010W,21.539052
YHR011W,0.036405
YHR012W,0.275996
YHR013C,0.46302
YHR014W,0.020308
YHR015W,0.014
YHR016C,0.118216
YHR017W,0.10582
YHR018C,1.54725
YHR019C,2.002401
YHR020W,2.288733
YHR021C,25.545533
YHR021WA,0.01339
YHR022C,0.010207
YHR023W,0.011185
YHR024C,0.321122
YHR025W,3.078168
YHR026W,2.887232
YHR027C,1.247794
YHR028C,0.337425
YHR029C,0.285133
YHR030C,0.262157
YHR031C,0.023893
YHR032W,0.320985
YHR033W,0.054366
YHR034C,0.091129
YHR035W,0.015443
YHR036W,0.028084
YHR037W,0.404597
YHR038W,0.122003
YHR039C,0.472379
YHR040W,0.179174
YHR041C,0.250204
YHR042W,1.004142
YHR043C,0.10488
YHR044C,0.017536
YHR045W,0.366277
YHR046C,0.106678
YHR047C,0.616165
YHR048W,0.005603
YHR049W,1.199282
YHR050W,0.314175
YHR051W,0.696659
YHR052W,0.610441
YHR053C,26.797674
YHR054C,0.116308
YHR055C,32.37958
YHR056C,0.079801
YHR057C,0.937019
YHR058C,0.17007
YHR059W,0.132405
YHR060W,0.252613
YHR061C,0.032668
YHR062C,0.175761
YHR063C,0.640454
YHR064C,3.485487
YHR065C,0.343636
YHR066W,0.181932
YHR067W,0.030843
YHR068W,2.359358
YHR069C,0.447216
YHR070W,0.559554
YHR071W,0.075151
YHR072W,0.326045
YHR073W,0.038505
YHR074W,0.274974
YHR075C,0.038622
YHR076W,0.228311
YHR077C,0.069378
YHR078W,0.048705
YHR079C,0.011086
YHR079CA,0.024362
YHR080C,0.078842
YHR081W,0.374496
YHR082C,0.056466
YHR083W,0.150062
YHR084W,0.086128
YHR085W,0.284574
YHR086W,0.096891
YHR087W,0.230271
YHR088W,0.588434
YHR089C,4.182785
YHR090C,0.048388
YHR091C,0.067446
YHR092C,0.54814
YHR094C,1.59127
YHR096C,0.025054
YHR097C,0.124132
YHR098C,0.193004
YHR099W,0.004477
YHR100C,0.160995
YHR101C,0.120202
YHR102W,0.056225
YHR103W,0.061812
YHR104W,0.300269
YHR105W,0.017506
YHR106W,0.229739
YHR107C,0.547955
YHR108W,0.267346
YHR109W,0.012148
YHR110W,0.224382
YHR111W,0.223985
YHR112C,0.312345
YHR113W,0.339861
YHR114W,0.150992
YHR115C,0.155129
YHR116W,0.115196
YHR117W,0.14505
YHR118C,0.025193
YHR119W,0.043922
YHR120W,0.023852
YHR121W,0.530684
YHR122W,0.199368
YHR123W,0.239041
YHR124W,0.005574
YHR126C,0.037069
YHR127W,0.308807
YHR128W,1.81134
YHR129C,0.024416
YHR131C,0.025912
YHR132C,1.628988
YHR133C,1.236837
YHR134W,0.0279
YHR135C,0.492468
YHR136C,0.367772
YHR137W,0.290529
YHR138C,0.519458
YHR139C,0.026802
YHR140W,0.019788
YHR141C,5.618194
YHR142W,0.359963
YHR143W,1.862848
YHR143WA,0.882757
YHR144C,0.220468
YHR146W,0.5471
YHR147C,0.3739
YHR148W,0.279729
YHR149C,0.046095
YHR150W,0.005878
YHR151C,0.023838
YHR152W,0.487099
YHR153C,0.016395
YHR154W,0.037935
YHR155W,0.010319
YHR156C,0.026394
YHR157W,0.020083
YHR158C,0.029675
YHR159W,0.01118
YHR160C,0.016004
YHR161C,0.033126
YHR162W,1.644242
YHR163W,0.566223
YHR164C,0.010829
YHR165C,0.051438
YHR166C,0.025866
YHR167W,0.107352
YHR168W,0.034962
YHR169W,0.30679
YHR170W,0.960342
YHR171W,0.04327
YHR172W,0.035567
YHR174W,61.182182
YHR175W,0.260092
YHR176W,0.056313
YHR177W,0.010694
YHR178W,0.027311
YHR179W,5.743388
YHR181W,0.509461
YHR182W,0.040146
YHR183W,6.08375
YHR184W,0.064546
YHR185C,0.041329
YHR186C,0.066536
YHR187W,0.28629
YHR188C,0.704633
YHR189W,0.005634
YHR190W,1.684811
YHR191C,0.218153
YHR192W,0.279348
YHR193C,18.52025
YHR194W,0.041122
YHR195W,0.15514
YHR196W,0.17485
YHR197W,0.522971
YHR198C,0.037793
YHR199C,0.170841
YHR200W,1.687394
YHR201C,0.510447
YHR202W,0.066762
YHR203C,26.606539
YHR204W,0.019601
YHR205W,0.13773
YHR206W,0.160496
YHR207C,0.162317
YHR208W,2.208357
YHR209W,0.039001
YHR210C,0.017008
YHR211W,0.006318
YHR213W,0.016762
YHR214CB,0.417106
YHR214W,0.022926
YHR215W,1.350981
YHR216W,0.482708
YHR218W,0.050263
YHR219W,0.143614
YIL001W,0.059882
YIL002C,0.033893
YIL003W,0.037625
YIL004C,0.250824
YIL005W,0.094393
YIL006W,0.012794
YIL007C,0.084102
YIL008W,1.098862
YIL009CA,0.387351
YIL009W,0.065704
YIL010W,0.293149
YIL011W,0.834171
YIL013C,0.045241
YIL014W,0.093051
YIL015W,0.436759
YIL016W,0.269296
YIL018W,35.255769
YIL019W,0.16856
YIL020C,0.284203
YIL021W,0.884547
YIL022W,0.286165
YIL023C,0.239757
YIL024C,0.111954
YIL026C,0.064847
YIL027C,0.420314
YIL029C,0.016821
YIL030C,0.303487
YIL031W,0.018648
YIL033C,0.796748
YIL034C,0.634727
YIL035C,0.329883
YIL036W,0.075086
YIL037C,0.009407
YIL038C,0.245635
YIL039W,1.06735
YIL040W,0.41572
YIL041W,2.492818
YIL042C,0.053299
YIL043C,1.873187
YIL044C,0.134365
YIL045W,0.023937
YIL046W,0.094529
YIL047C,0.113307
YIL048W,0.132793
YIL049W,0.094966
YIL050W,0.040335
YIL051C,5.309323
YIL052C,12.205385
YIL053W,13.788983
YIL055C,0.022818
YIL056W,0.019652
YIL057C,0.034282
YIL060W,0.045701
YIL061C,0.070917
YIL062C,2.907783
YIL063C,0.367911
YIL064W,0.308119
YIL065C,0.237692
YIL066C,0.141257
YIL067C,0.160749
YIL068C,0.107273
YIL069C,4.071421
YIL070C,0.806081
YIL071C,0.007355
YIL072W,0.012171
YIL073C,0.005023
YIL074C,0.380913
YIL075C,0.671128
YIL076W,1.106865
YIL077C,0.02932
YIL078W,4.477654
YIL079C,0.078284
YIL082WA,0.01399
YIL083C,0.527729
YIL084C,0.009887
YIL085C,0.188118
YIL087C,0.10883
YIL088C,0.430846
YIL089W,0.022026
YIL090W,0.112713
YIL091C,0.118781
YIL092W,0.017353
YIL093C,0.124361
YIL094C,1.080103
YIL095W,0.025311
YIL096C,0.144748
YIL097W,0.023972
YIL098C,0.333154
YIL099W,0.010875
YIL101C,0.034782
YIL102C,0.036055
YIL103W,0.27215
YIL104C,0.382021
YIL105C,0.036037
YIL106W,0.176647
YIL107C,0.0616
YIL108W,0.186765
YIL109C,0.62532
YIL110W,0.169569
YIL111W,0.215301
YIL112W,0.050878
YIL113W,0.02296
YIL114C,0.210558
YIL115C,0.0794
YIL116W,0.408873
YIL117C,0.153253
YIL118W,0.35937
YIL119C,0.02316
YIL120W,0.003863
YIL121W,0.028306
YIL122W,0.01544
YIL123W,1.708957
YIL124W,0.804154
YIL125W,0.164845
YIL126W,0.057156
YIL127C,0.509639
YIL128W,0.187941
YIL129C,0.124433
YIL130W,0.052026
YIL131C,0.17633
YIL132C,0.017419
YIL133C,10.061518
YIL134W,0.015916
YIL135C,0.123818
YIL136W,0.082625
YIL137C,0.09016
YIL138C,0.174645
YIL139C,0.01103
YIL140W,0.137259
YIL142W,1.771144
YIL143C,0.160668
YIL144W,0.023344
YIL145C,0.32727
YIL146C,0.023182
YIL147C,0.066968
YIL148W,5.308673
YIL149C,0.053217
YIL150C,0.031658
YIL151C,0.021525
YIL152W,0.304635
YIL153W,0.03389
YIL154C,0.667071
YIL155C,0.066438
YIL156W,0.033775
YIL157C,0.651476
YIL158W,0.930512
YIL159W,0.009541
YIL160C,0.009572
YIL161W,0.121026
YIL162W,0.112385
YIL164C,0.008752
YIL165C,0.398542
YIL166C,0.007243
YIL169C,0.016088
YIL172C,0.004871
YIL173W,0.010188
YIL176C,0.205515
YIR001C,0.073062
YIR002C,0.060805
YIR003W,0.172257
YIR004W,0.312106
YIR005W,0.101405
YIR006C,0.179438
YIR007W,0.066407
YIR008C,0.226402
YIR009W,0.045362
YIR010W,0.064284
YIR011C,0.794598
YIR012W,1.465078
YIR013C,0.934543
YIR014W,0.038726
YIR015W,0.011131
YIR016W,0.19375
YIR017C,0.035352
YIR018W,0.012527
YIR019C,0.019931
YIR021W,0.091534
YIR022W,0.875981
YIR023W,0.037105
YIR024C,0.097164
YIR025W,0.052746
YIR026C,0.777354
YIR027C,0.006506
YIR028W,0.035055
YIR029W,0.085208
YIR030C,0.04326
YIR031C,0.003146
YIR032C,0.041433
YIR033W,0.032495
YIR034C,0.546749
YIR035C,0.833948
YIR036C,0.362684
YIR037W,2.147215
YIR038C,0.571286
YIR039C,0.009932
YIR041W,0.090906
YIR042C,0.004888
YJL001W,1.186974
YJL002C,2.106401
YJL003W,0.106449
YJL004C,0.20383
YJL005W,0.02001
YJL006C,0.203022
YJL008C,1.226867
YJL010C,0.183121
YJL011C,0.505079
YJL012C,1.374502
YJL013C,0.028679
YJL014W,1.243889
YJL016W,0.165948
YJL019W,0.022546
YJL020C,0.067409
YJL023C,0.026514
YJL024C,0.047556
YJL025W,0.023343
YJL026W,1.842247
YJL027C,0.205613
YJL029C,0.057242
YJL030W,0.220888
YJL031C,0.083302
YJL033W,0.146016
YJL034W,4.053222
YJL035C,0.110315
YJL036W,0.089549
YJL037W,0.138446
YJL038C,0.018478
YJL039C,0.00949
YJL041W,0.316596
YJL042W,0.24877
YJL043W,0.018606
YJL044C,0.032636
YJL045W,0.025108
YJL046W,0.030128
YJL047C,0.017281
YJL048C,0.131505
YJL049W,0.072277
YJL050W,0.188214
YJL051W,0.015344
YJL052W,2.585627
YJL053W,0.266561
YJL054W,0.095321
YJL055W,1.703425
YJL056C,0.008419
YJL057C,0.045455
YJL058C,0.034776
YJL059W,0.095663
YJL060W,0.084037
YJL061W,0.160356
YJL062W,0.15326
YJL063C,0.556762
YJL065C,0.415785
YJL066C,0.069777
YJL068C,0.425581
YJL069C,0.344016
YJL070C,0.020076
YJL071W,0.056601
YJL072C,0.173384
YJL073W,0.03289
YJL074C,0.025169
YJL076W,0.027344
YJL077C,0.049476
YJL078C,0.143053
YJL079C,0.545703
YJL080C,1.079909
YJL081C,0.156332
YJL082W,0.10801
YJL083W,0.017145
YJL084C,0.062849
YJL085W,0.010149
YJL087C,0.03948
YJL088W,0.062782
YJL089W,0.008179
YJL090C,0.018439
YJL091C,0.159972
YJL092W,0.023151
YJL093C,0.029139
YJL094C,0.01752
YJL095W,0.012605
YJL096W,0.373869
YJL097W,0.999154
YJL098W,0.195921
YJL099W,0.040747
YJL100W,0.046092
YJL101C,0.112551
YJL102W,0.046934
YJL103C,0.004686
YJL104W,0.170223
YJL105W,0.004449
YJL106W,0.004033
YJL107C,0.024537
YJL108C,0.096832
YJL109C,0.196672
YJL110C,0.021629
YJL111W,0.611513
YJL112W,0.037671
YJL115W,0.296821
YJL116C,0.076319
YJL117W,1.044289
YJL118W,0.02449
YJL121C,0.966778
YJL122W,0.766277
YJL123C,0.703585
YJL124C,0.276106
YJL125C,0.406164
YJL126W,0.267913
YJL127C,0.008929
YJL128C,0.166812
YJL129C,0.107771
YJL130C,1.085204
YJL131C,0.027632
YJL132W,0.007721
YJL133W,0.18501
YJL134W,0.431961
YJL136C,20.509349
YJL137C,0.03154
YJL138C,5.284186
YJL139C,0.05637
YJL140W,0.3957
YJL141C,0.037627
YJL143W,0.971943
YJL144W,0.066273
YJL145W,0.522696
YJL146W,0.019361
YJL147C,0.010633
YJL148W,0.878456
YJL149W,0.053985
YJL151C,1.974078
YJL153C,0.014411
YJL154C,0.096698
YJL155C,0.092384
YJL156C,0.042669
YJL157C,0.579864
YJL158C,15.409255
YJL159W,4.525564
YJL160C,0.043324
YJL161W,0.022871
YJL162C,0.015081
YJL163C,0.02992
YJL164C,0.098032
YJL165C,0.040449
YJL166W,1.655624
YJL167W,3.107708
YJL168C,0.029838
YJL170C,0.100203
YJL171C,0.590936
YJL172W,0.387162
YJL173C,1.61989
YJL174W,1.48573
YJL176C,0.035975
YJL177W,19.240878
YJL178C,0.552524
YJL179W,0.181154
YJL180C,0.176376
YJL181W,0.036234
YJL183W,0.394548
YJL184W,0.392683
YJL185C,0.018263
YJL186W,0.489624
YJL187C,0.01972
YJL189W,25.45652
YJL190C,22.462538
YJL191W,2.387999
YJL192C,0.414274
YJL193W,0.032047
YJL194W,0.01286
YJL196C,2.184899
YJL197W,0.063483
YJL198W,0.52808
YJL200C,0.205542
YJL201W,0.016759
YJL203W,0.069114
YJL204C,0.053255
YJL206C,0.030109
YJL207C,0.019973
YJL208C,0.136932
YJL209W,0.073612
YJL210W,0.150891
YJL212C,0.288963
YJL213W,0.130556
YJL214W,0.02072
YJL216C,0.002044
YJL217W,0.928877
YJL218W,0.128373
YJL219W,0.001772
YJL221C,0.00441
YJL222W,0.025395
YJL223C,0.185322
YJL225C,0.037584
YJR001W,0.223813
YJR002W,0.290695
YJR003C,0.082701
YJR004C,0.038852
YJR005W,0.03641
YJR006W,0.073171
YJR007W,1.098992
YJR008W,0.017791
YJR009C,45.512733
YJR010CA,0.102588
YJR010W,0.044853
YJR011C,0.017393
YJR012C,0.123257
YJR013W,0.213497
YJR014W,0.549044
YJR015W,0.982433
YJR016C,1.119064
YJR017C,0.432348
YJR019C,0.052606
YJR021C,0.020944
YJR022W,0.238209
YJR024C,0.640387
YJR025C,1.2132
YJR026W,0.836939
YJR027W,0.30991
YJR028W,0.884113
YJR029W,0.308628
YJR030C,0.040372
YJR031C,0.08576
YJR032W,0.212129
YJR033C,0.023354
YJR034W,0.153938
YJR035W,0.007048
YJR036C,0.007659
YJR039W,0.008746
YJR040W,0.13383
YJR041C,0.077465
YJR042W,0.194853
YJR043C,0.197857
YJR044C,0.675927
YJR045C,1.286475
YJR046W,0.063561
YJR047C,0.187249
YJR048W,1.31418
YJR049C,0.18698
YJR050W,0.095006
YJR051W,0.092583
YJR052W,0.033408
YJR053W,0.0102
YJR054W,0.051217
YJR055W,0.018423
YJR056C,0.063558
YJR057W,0.209917
YJR058C,0.492817
YJR059W,0.18545
YJR060W,0.29543
YJR061W,0.007308
YJR062C,0.049856
YJR063W,0.5529
YJR064W,1.887081
YJR065C,0.738891
YJR066W,0.011581
YJR067C,0.204207
YJR068W,0.269368
YJR069C,0.556099
YJR070C,1.948268
YJR072C,1.084786
YJR073C,0.542414
YJR074W,0.336535
YJR075W,0.438144
YJR076C,0.339711
YJR077C,3.156254
YJR078W,0.060641
YJR079W,0.013882
YJR080C,0.171879
YJR082C,0.136748
YJR083C,0.08922
YJR084W,0.208144
YJR085C,2.305871
YJR086W,0.540918
YJR088C,0.223624
YJR089W,0.027168
YJR090C,0.037431
YJR091C,0.052855
YJR092W,0.043801
YJR093C,0.082858
YJR094C,0.011648
YJR094WA,15.761831
YJR095W,0.026852
YJR096W,0.164637
YJR097W,0.040125
YJR098C,0.011413
YJR099W,0.166677
YJR100C,0.155346
YJR101W,0.296702
YJR102C,0.042798
YJR103W,0.188253
YJR104C,9.17499
YJR105W,4.591194
YJR106W,0.006399
YJR107W,0.116253
YJR108W,0.009843
YJR109C,0.223801
YJR110W,0.010572
YJR111C,0.158311
YJR112W,0.176098
YJR113C,0.484783
YJR115W,0.056209
YJR116W,0.193285
YJR117W,1.024619
YJR118C,0.161295
YJR119C,0.01017
YJR120W,0.095903
YJR121W,1.194041
YJR122W,0.050097
YJR123W,21.668497
YJR124C,0.152381
YJR125C,0.390065
YJR126C,0.121676
YJR127C,0.031572
YJR129C,0.009835
YJR130C,0.071767
YJR131W,0.125192
YJR132W,0.030689
YJR133W,0.865654
YJR134C,0.068742
YJR135C,0.005816
YJR136C,0.048934
YJR137C,0.008347
YJR138W,0.045714
YJR139C,2.465368
YJR140C,0.024606
YJR141W,0.069436
YJR142W,0.167127
YJR143C,1.44672
YJR144W,0.441514
YJR145C,14.355383
YJR147W,0.031076
YJR148W,1.755522
YJR149W,0.062118
YJR150C,0.10375
YJR151C,0.066118
YJR152W,0.004897
YJR153W,0.002517
YJR154W,0.005864
YJR155W,0.011951
YJR156C,0.017686
YJR158W,0.003476
YJR159W,0.089046
YJR160C,0.010052
YJR161C,0.338395
YKL001C,0.250477
YKL002W,0.503916
YKL003C,0.628119
YKL004W,0.347956
YKL005C,0.027761
YKL006CA,0.382132
YKL006W,15.492438
YKL007W,0.426038
YKL008C,0.593444
YKL009W,2.267623
YKL010C,0.096714
YKL011C,0.036712
YKL012W,0.132497
YKL013C,0.30371
YKL014C,0.055974
YKL015W,0.020815
YKL016C,0.869547
YKL017C,0.036647
YKL018W,0.107881
YKL019W,0.251581
YKL020C,0.023808
YKL021C,0.385577
YKL022C,0.060744
YKL023W,0.051982
YKL024C,0.910424
YKL025C,0.07242
YKL026C,0.139044
YKL027W,0.200898
YKL028W,0.596138
YKL029C,0.891726
YKL032C,0.281409
YKL033W,0.041807
YKL034W,0.175128
YKL035W,1.987234
YKL037W,0.194364
YKL038W,0.014995
YKL039W,0.551287
YKL040C,0.20997
YKL041W,0.181135
YKL042W,0.054012
YKL043W,0.071608
YKL045W,0.20467
YKL046C,1.149584
YKL047W,0.019687
YKL048C,0.00423
YKL049C,0.116547
YKL050C,0.008273
YKL051W,0.037674
YKL052C,0.048129
YKL054C,2.056168
YKL055C,0.015513
YKL056C,18.491019
YKL057C,0.057749
YKL058W,0.462105
YKL059C,0.289373
YKL060C,87.108982
YKL061W,0.032258
YKL062W,0.120839
YKL063C,0.342023
YKL064W,0.033014
YKL065C,1.143733
YKL067W,0.695329
YKL068W,0.174656
YKL069W,0.233801
YKL070W,0.006757
YKL071W,0.008395
YKL072W,0.034101
YKL073W,0.121556
YKL074C,0.202088
YKL075C,0.029841
YKL077W,1.037
YKL078W,0.108441
YKL079W,0.05315
YKL080W,1.189798
YKL081W,2.005565
YKL082C,0.352898
YKL084W,0.662181
YKL085W,0.906953
YKL086W,0.050483
YKL087C,0.179781
YKL088W,0.153851
YKL089W,0.056373
YKL090W,0.009463
YKL091C,0.124242
YKL092C,0.013321
YKL093W,0.008525
YKL094W,0.935856
YKL095W,0.017082
YKL096W,2.923863
YKL098W,0.060934
YKL099C,0.544539
YKL100C,0.235599
YKL101W,0.065595
YKL103C,0.124977
YKL104C,0.564506
YKL105C,0.042331
YKL106W,0.122173
YKL107W,0.009053
YKL108W,0.036049
YKL109W,0.049118
YKL110C,0.31134
YKL112W,0.29359
YKL113C,0.49716
YKL114C,0.345536
YKL116C,0.035908
YKL117W,3.266038
YKL119C,0.258324
YKL120W,1.740275
YKL121W,0.060429
YKL122C,1.6814
YKL124W,0.029247
YKL125W,0.231162
YKL126W,0.324403
YKL127W,0.977001
YKL128C,0.608428
YKL129C,0.018173
YKL130C,0.117629
YKL132C,0.02562
YKL133C,0.03801
YKL134C,0.011384
YKL135C,0.291469
YKL137W,0.315212
YKL138C,0.335783
YKL139W,0.035112
YKL140W,0.328578
YKL141W,0.474875
YKL142W,0.862118
YKL143W,0.042663
YKL144C,0.30561
YKL145W,2.089707
YKL146W,0.360807
YKL148C,0.250223
YKL149C,0.100275
YKL150W,0.911599
YKL151C,0.365038
YKL152C,17.852449
YKL154W,0.261891
YKL155C,0.021143
YKL156W,6.730571
YKL157W,0.959676
YKL159C,0.169522
YKL160W,1.425061
YKL161C,0.010828
YKL162C,0.015547
YKL163W,0.832855
YKL164C,5.44617
YKL165C,0.394656
YKL166C,0.096718
YKL167C,0.542878
YKL168C,0.0313
YKL170W,0.583212
YKL171W,0.003661
YKL172W,1.204685
YKL173W,0.123475
YKL174C,0.382726
YKL175W,0.843307
YKL176C,0.023801
YKL178C,0.036808
YKL179C,0.107257
YKL180W,24.778581
YKL181W,1.952615
YKL182W,1.225608
YKL183W,0.184094
YKL184W,0.26515
YKL185W,0.14863
YKL186C,0.782214
YKL187C,0.003657
YKL188C,0.005893
YKL189W,0.07164
YKL190W,0.718208
YKL191W,0.749484
YKL192C,2.475889
YKL193C,0.225868
YKL194C,0.029033
YKL195W,0.289641
YKL196C,1.217773
YKL197C,0.030126
YKL198C,0.017928
YKL201C,0.00812
YKL203C,0.016472
YKL204W,0.270411
YKL205W,0.111637
YKL206C,0.182773
YKL207W,0.476963
YKL208W,0.109119
YKL209C,0.145725
YKL210W,1.297348
YKL211C,0.985985
YKL212W,0.350739
YKL213C,0.366619
YKL214C,0.408381
YKL215C,0.058532
YKL216W,3.000591
YKL217W,0.026094
YKL218C,0.093576
YKL219W,0.074808
YKL220C,0.003233
YKL221W,0.016701
YKL222C,0.004789
YKL224C,0.248772
YKR001C,0.410085
YKR002W,0.360208
YKR003W,0.181351
YKR004C,0.027096
YKR005C,0.021844
YKR006C,0.543703
YKR007W,0.358973
YKR008W,0.059549
YKR009C,0.00712
YKR010C,0.038969
YKR011C,0.060359
YKR013W,2.715594
YKR014C,0.525124
YKR015C,0.004711
YKR016W,0.19694
YKR017C,0.012501
YKR018C,0.614985
YKR019C,0.020834
YKR020W,0.033643
YKR021W,0.05107
YKR022C,0.021998
YKR023W,0.037946
YKR024C,0.109651
YKR025W,0.462517
YKR026C,0.526708
YKR027W,0.016612
YKR028W,0.141928
YKR029C,0.043112
YKR030W,0.226064
YKR031C,0.039824
YKR034W,0.01525
YKR036C,0.064853
YKR037C,0.101647
YKR038C,0.325017
YKR039W,0.465725
YKR041W,0.015324
YKR042W,17.924623
YKR043C,1.872253
YKR044W,0.027982
YKR045C,0.00978
YKR046C,0.301959
YKR048C,1.992809
YKR049C,0.358646
YKR050W,0.004558
YKR051W,0.01981
YKR052C,0.123016
YKR053C,0.035512
YKR054C,0.011132
YKR055W,0.073974
YKR056W,0.435093
YKR057W,17.683951
YKR058W,0.021038
YKR059W,7.306105
YKR060W,0.301394
YKR061W,0.048467
YKR062W,0.255624
YKR063C,0.062139
YKR064W,0.03388
YKR065C,0.843511
YKR066C,1.136947
YKR067W,0.134606
YKR068C,0.518701
YKR069W,0.039137
YKR070W,0.332003
YKR071C,0.588617
YKR072C,0.096995
YKR074W,1.210618
YKR075C,0.12533
YKR076W,0.092724
YKR077W,0.081557
YKR078W,0.023512
YKR079C,0.085129
YKR080W,0.417944
YKR081C,1.784228
YKR082W,0.130642
YKR083C,0.103903
YKR084C,0.262999
YKR085C,0.278207
YKR086W,0.016731
YKR087C,0.104738
YKR088C,0.132295
YKR089C,0.156424
YKR090W,0.027617
YKR091W,0.07587
YKR092C,0.343647
YKR093W,0.667328
YKR094C,10.79715
YKR095W,0.055586
YKR096W,0.074197
YKR097W,0.010866
YKR098C,0.011335
YKR099W,0.054584
YKR100C,0.134483
YKR101W,0.017187
YKR102W,0.01434
YKR103W,0.002787
YKR104W,0.012451
YKR105C,0.034193
YKR106W,0.040864
YLL001W,0.103229
YLL002W,0.079887
YLL003W,0.019526
YLL004W,0.075429
YLL005C,0.006414
YLL006W,0.030985
YLL007C,0.039264
YLL008W,0.460721
YLL009C,0.864589
YLL010C,0.073111
YLL011W,0.224669
YLL012W,0.271114
YLL013C,0.010767
YLL014W,0.904624
YLL015W,0.058522
YLL018C,2.34169
YLL019C,0.015275
YLL021W,0.059013
YLL022C,0.438325
YLL023C,1.142777
YLL024C,19.638604
YLL025W,1.860102
YLL026W,1.332993
YLL027W,0.414672
YLL028W,0.370428
YLL029W,0.247874
YLL031C,0.33052
YLL032C,0.0205
YLL033W,0.006452
YLL034C,0.473095
YLL035W,0.051315
YLL036C,0.251775
YLL038C,0.023644
YLL039C,1.048498
YLL040C,0.039985
YLL041C,0.18854
YLL042C,0.147153
YLL043W,0.161985
YLL045C,5.539934
YLL046C,0.030272
YLL048C,0.372454
YLL049W,0.144508
YLL050C,6.621613
YLL051C,0.065147
YLL052C,0.081258
YLL053C,0.242544
YLL054C,0.013715
YLL055W,0.008119
YLL056C,0.012566
YLL057C,0.00939
YLL058W,0.131681
YLL060C,0.11603
YLL061W,0.079763
YLL062C,0.071547
YLL063C,0.024983
YLL064C,0.723991
YLL066C,0.098604
YLL067C,0.169431
YLR001C,0.092981
YLR002C,0.232375
YLR003C,0.205183
YLR004C,0.01054
YLR005W,0.241769
YLR006C,0.023054
YLR007W,0.06435
YLR008C,0.267131
YLR009W,0.958506
YLR010C,0.039847
YLR011W,0.108209
YLR012C,0.028994
YLR013W,0.038734
YLR014C,0.011107
YLR015W,0.072982
YLR016C,0.28642
YLR017W,1.227519
YLR018C,0.213197
YLR019W,0.079992
YLR020C,0.101376
YLR021W,0.118425
YLR022C,0.308813
YLR023C,0.143598
YLR024C,0.007424
YLR025W,0.390488
YLR026C,0.152437
YLR027C,2.094802
YLR028C,0.699081
YLR029C,12.001922
YLR030W,0.007479
YLR031W,0.014504
YLR032W,0.064817
YLR033W,0.087815
YLR034C,0.879368
YLR035C,0.011583
YLR036C,0.049147
YLR037C,0.567596
YLR038C,0.845546
YLR039C,0.048672
YLR040C,0.243435
YLR042C,0.171996
YLR043C,1.949697
YLR044C,69.882538
YLR045C,0.039306
YLR046C,0.133207
YLR047C,0.007546
YLR048W,6.04835
YLR049C,0.129982
YLR050C,0.531617
YLR051C,0.326787
YLR052W,0.097453
YLR053C,0.054771
YLR054C,0.017234
YLR055C,0.118206
YLR056W,6.617447
YLR057W,0.042008
YLR058C,4.158187
YLR059C,0.257503
YLR060W,3.215928
YLR061W,27.958166
YLR063W,0.04737
YLR064W,0.531644
YLR065C,1.952544
YLR066W,0.380955
YLR067C,0.005615
YLR068W,0.269392
YLR069C,0.285355
YLR070C,0.036897
YLR071C,0.03395
YLR072W,0.105807
YLR073C,0.074406
YLR074C,1.115879
YLR075W,31.30195
YLR077W,0.051317
YLR078C,0.396138
YLR079W,0.388262
YLR080W,0.031346
YLR081W,0.143416
YLR082C,0.081747
YLR083C,0.916492
YLR084C,0.078368
YLR085C,0.255415
YLR086W,0.011981
YLR087C,0.009601
YLR088W,0.372586
YLR089C,0.489595
YLR090W,0.188259
YLR091W,0.035129
YLR092W,0.006148
YLR093C,0.169178
YLR094C,0.039663
YLR095C,0.096326
YLR096W,0.054637
YLR097C,0.012555
YLR098C,0.023602
YLR099C,0.315682
YLR100W,1.454347
YLR102C,0.072654
YLR103C,0.096983
YLR104W,0.435676
YLR105C,0.111291
YLR106C,0.051306
YLR107W,0.058951
YLR108C,0.038248
YLR109W,14.891433
YLR110C,38.633632
YLR113W,0.782973
YLR114C,0.063138
YLR115W,0.053284
YLR116W,0.037069
YLR117C,0.023886
YLR118C,0.269326
YLR119W,0.423472
YLR120C,0.491121
YLR121C,0.108503
YLR125W,0.009696
YLR126C,0.181224
YLR127C,0.004244
YLR128W,0.054229
YLR129W,0.262544
YLR130C,0.158399
YLR131C,0.020949
YLR132C,0.079687
YLR133W,0.161476
YLR134W,0.698091
YLR135W,0.021639
YLR136C,0.019765
YLR137W,0.067991
YLR138W,0.159206
YLR139C,0.02423
YLR141W,0.024844
YLR142W,0.042697
YLR143W,0.133282
YLR144C,0.052945
YLR145W,0.316441
YLR146C,0.268163
YLR147C,0.777304
YLR148W,0.017942
YLR149C,0.017224
YLR150W,8.503286
YLR151C,0.067813
YLR152C,0.020307
YLR153C,1.870244
YLR154C,1.740302
YLR155C,0.017226
YLR156W,0.126492
YLR157C,0.023544
YLR158C,0.009595
YLR159W,0.178011
YLR160C,0.010622
YLR161W,0.121548
YLR162W,0.004094
YLR163C,0.082041
YLR164W,0.016974
YLR165C,0.050062
YLR166C,0.025059
YLR167W,20.160645
YLR168C,0.178831
YLR170C,0.290032
YLR172C,1.41492
YLR173W,0.01408
YLR174W,0.015674
YLR175W,2.146824
YLR176C,0.00848
YLR177W,0.068541
YLR178C,0.538807
YLR179C,1.546025
YLR180W,2.753511
YLR181C,0.163607
YLR182W,0.043447
YLR183C,0.088314
YLR185W,12.330876
YLR186W,1.199887
YLR187W,0.01427
YLR188W,0.244894
YLR189C,0.074316
YLR190W,0.043031
YLR191W,0.10571
YLR192C,1.149631
YLR193C,0.181115
YLR194C,0.754756
YLR195C,0.441785
YLR196W,1.408318
YLR197W,1.45097
YLR199C,0.325157
YLR200W,0.287469
YLR201C,0.179882
YLR203C,0.342109
YLR204W,0.656251
YLR205C,0.517778
YLR206W,0.266119
YLR207W,0.02345
YLR208W,1.926092
YLR209C,0.304394
YLR210W,0.049582
YLR211C,0.081566
YLR212C,0.060942
YLR213C,0.037807
YLR214W,0.504885
YLR215C,0.12302
YLR216C,1.858743
YLR218C,0.491397
YLR219W,0.10757
YLR220W,0.234983
YLR221C,0.298552
YLR222C,0.497792
YLR223C,0.084102
YLR224W,0.043889
YLR225C,0.253225
YLR226W,0.076691
YLR227C,0.013127
YLR228C,0.030328
YLR229C,1.641384
YLR231C,0.233545
YLR233C,0.014783
YLR234W,0.00773
YLR237W,0.124508
YLR238W,0.035421
YLR239C,0.07468
YLR240W,0.043672
YLR241W,0.170406
YLR242C,0.032703
YLR243W,0.599032
YLR244C,1.172988
YLR245C,0.027789
YLR246W,0.02768
YLR247C,0.040558
YLR248W,0.61242
YLR249W,10.2418
YLR250W,0.302055
YLR251W,0.085536
YLR253W,0.051458
YLR254C,0.108751
YLR256W,0.105383
YLR257W,0.52277
YLR258W,0.1707
YLR259C,7.086537
YLR260W,0.092369
YLR262C,0.262598
YLR263W,0.019325
YLR264W,2.04017
YLR265C,0.026163
YLR266C,0.010687
YLR267W,0.004399
YLR268W,0.284183
YLR270W,0.304764
YLR271W,0.055072
YLR272C,0.033078
YLR273C,0.013273
YLR274W,0.052262
YLR275W,0.340654
YLR276C,0.394465
YLR277C,0.061044
YLR278C,0.011058
YLR281C,0.059724
YLR283W,0.139206
YLR284C,0.044745
YLR285W,0.848587
YLR286C,3.507753
YLR287C,0.09345
YLR287CA,12.945238
YLR288C,0.043787
YLR289W,0.046691
YLR290C,0.113586
YLR291C,0.538596
YLR292C,0.481981
YLR293C,5.301181
YLR295C,1.27795
YLR297W,0.104713
YLR298C,0.190716
YLR299W,0.279068
YLR300W,8.758683
YLR301W,0.564059
YLR303W,0.589503
YLR304C,1.178023
YLR305C,0.073172
YLR306W,0.07808
YLR307W,0.034965
YLR308W,0.030118
YLR309C,0.218185
YLR310C,0.086329
YLR312C,0.015052
YLR312WA,0.047592
YLR313C,0.007697
YLR314C,0.163243
YLR315W,0.010259
YLR316C,0.226249
YLR318W,0.001796
YLR319C,0.033385
YLR320W,0.012784
YLR321C,0.126804
YLR323C,0.063441
YLR324W,0.075472
YLR325C,5.971578
YLR326W,0.13087
YLR327C,0.079726
YLR328W,0.116978
YLR329W,0.024886
YLR330W,0.387643
YLR332W,0.142706
YLR333C,5.649928
YLR335W,0.34597
YLR336C,0.102839
YLR340W,16.801435
YLR341W,0.023668
YLR342W,0.674752
YLR343W,0.011134
YLR344W,1.746063
YLR345W,0.041802
YLR346C,0.182833
YLR347C,0.249803
YLR348C,0.262305
YLR350W,1.64819
YLR351C,0.598022
YLR352W,0.022875
YLR353W,0.023447
YLR354C,1.979049
YLR355C,7.207033
YLR356W,0.179479
YLR357W,0.059303
YLR359W,2.101577
YLR360W,0.020998
YLR361C,0.060474
YLR362W,0.071926
YLR363C,0.044037
YLR364W,0.522832
YLR367W,2.230183
YLR368W,0.040147
YLR369W,0.018317
YLR370C,0.723819
YLR371W,0.03078
YLR372W,3.826534
YLR373C,0.058286
YLR375W,0.150741
YLR376C,0.037419
YLR377C,0.060376
YLR378C,1.645799
YLR380W,0.820297
YLR381W,0.018432
YLR382C,0.023605
YLR383W,0.046985
YLR384C,0.219294
YLR385C,0.021322
YLR386W,0.025861
YLR387C,0.290998
YLR388W,36.471063
YLR389C,0.139423
YLR390W,0.486409
YLR392C,0.012341
YLR393W,0.005722
YLR394W,0.011982
YLR395C,1.099588
YLR396C,0.072087
YLR397C,0.232596
YLR398C,0.185353
YLR399C,0.092536
YLR401C,0.354859
YLR403W,0.053571
YLR404W,0.039265
YLR405W,0.201139
YLR406C,5.864124
YLR407W,0.126706
YLR408C,0.095169
YLR409C,0.165091
YLR410W,0.130865
YLR411W,0.075356
YLR412W,0.207218
YLR413W,1.063126
YLR414C,1.002323
YLR415C,0.013956
YLR417W,0.044088
YLR418C,0.253845
YLR419W,0.032291
YLR420W,1.165093
YLR421C,1.181591
YLR422W,0.019354
YLR423C,0.023343
YLR424W,0.013125
YLR425W,0.016058
YLR426W,0.04691
YLR427W,0.084757
YLR429W,0.538313
YLR430W,0.066227
YLR431C,0.024249
YLR432W,1.446263
YLR433C,0.0849
YLR435W,0.416087
YLR436C,0.021152
YLR437C,0.359529
YLR438W,0.83682
YLR439W,0.277428
YLR440C,0.116769
YLR441C,6.966986
YLR442C,0.044253
YLR443W,0.074991
YLR445W,0.049383
YLR446W,0.003552
YLR447C,1.3684
YLR448W,7.981046
YLR449W,1.285985
YLR450W,0.127999
YLR451W,0.027442
YLR452C,0.131467
YLR453C,0.016653
YLR454W,0.08304
YLR455W,0.02536
YLR456W,0.036907
YLR457C,0.02167
YLR459W,0.398477
YLR460C,0.049716
YLR461W,0.399247
YLR462W,0.011463
YLR464W,0.011593
YLR466W,0.135069
YLR467W,0.032307
YML001W,1.087278
YML002W,0.006176
YML003W,0.01332
YML004C,0.861407
YML005W,0.096493
YML006C,0.12835
YML007W,0.118515
YML008C,2.511014
YML009C,1.83665
YML010W,0.399641
YML011C,0.14371
YML012W,2.783101
YML013W,0.058397
YML014W,0.225241
YML015C,0.063339
YML016C,0.047057
YML017W,0.043199
YML018C,0.189462
YML019W,0.178096
YML020W,0.039649
YML021C,0.125992
YML022W,2.012181
YML023C,0.041154
YML024W,13.758376
YML025C,0.201833
YML026C,15.445409
YML027W,0.170096
YML028W,20.114067
YML029W,0.096994
YML030W,0.458511
YML031W,0.281593
YML032C,0.10143
YML034W,0.010015
YML035C,0.405973
YML036W,0.246705
YML037C,0.018513
YML038C,0.097151
YML039W,0.369473
YML040W,0.523218
YML041C,0.053711
YML042W,0.026552
YML043C,0.015655
YML045W,0.483485
YML046W,0.088562
YML047C,0.031814
YML048W,0.533782
YML049C,0.019986
YML050W,0.024269
YML051W,0.063748
YML052W,2.447814
YML053C,0.359805
YML054C,0.016618
YML055W,0.505264
YML056C,1.846556
YML057W,0.120223
YML058W,2.813102
YML059C,0.053421
YML060W,0.111075
YML061C,0.045672
YML062C,0.053031
YML063W,2.104916
YML064C,0.148926
YML065W,0.039678
YML066C,0.02251
YML067C,1.404266
YML068W,0.030503
YML069W,0.595098
YML070W,0.721182
YML071C,0.08109
YML072C,0.457276
YML073C,3.956407
YML074C,2.074311
YML075C,0.405233
YML076C,0.039572
YML077W,0.428805
YML078W,1.815595
YML079W,0.229018
YML080W,0.461266
YML081W,0.0431
YML082W,0.066166
YML083C,0.018611
YML085C,1.331271
YML086C,1.186687
YML087C,0.015242
YML088W,0.089336
YML091C,0.050736
YML092C,2.298653
YML093W,0.306106
YML094W,0.581769
YML095C,0.023043
YML096W,0.028474
YML097C,0.157333
YML098W,0.197465
YML099C,0.013359
YML100W,0.109096
YML100WA,0.106633
YML101C,0.365344
YML102W,0.16714
YML103C,0.061577
YML104C,0.012087
YML105C,0.693203
YML106W,0.812842
YML107C,0.048765
YML108W,0.20949
YML109W,0.022766
YML110C,0.935401
YML111W,0.03324
YML112W,0.077001
YML113W,0.575378
YML114C,0.13845
YML115C,0.298582
YML116W,0.19168
YML117W,0.076939
YML118W,0.012253
YML119W,0.218671
YML120C,0.102601
YML121W,0.168842
YML123C,4.546489
YML124C,1.226389
YML125C,1.163961
YML126C,3.894186
YML127W,0.634664
YML128C,0.0434
YML129C,0.16375
YML130C,0.751944
YML131W,0.255463
YML132W,0.410172
YML133C,0.105935
YMR001C,0.070205
YMR002W,1.081697
YMR003W,0.140955
YMR004W,0.091616
YMR005W,0.401373
YMR006C,0.401609
YMR008C,0.865857
YMR009W,0.405341
YMR010W,0.104586
YMR011W,1.74689
YMR012W,0.656234
YMR013C,0.051822
YMR014W,0.176047
YMR015C,0.218907
YMR016C,0.140112
YMR017W,0.017709
YMR018W,0.01685
YMR019W,0.036305
YMR020W,0.051997
YMR021C,0.122433
YMR022W,0.198943
YMR023C,0.043985
YMR024W,0.198592
YMR025W,0.008945
YMR026C,0.050693
YMR027W,0.318942
YMR028W,0.110479
YMR029C,0.042269
YMR030W,0.104373
YMR031C,0.116994
YMR032W,0.161745
YMR033W,0.230168
YMR034C,0.021451
YMR035W,0.207957
YMR036C,0.031138
YMR037C,0.061858
YMR038C,0.494472
YMR039C,0.175218
YMR040W,0.039268
YMR041C,0.09105
YMR042W,0.051878
YMR043W,0.737497
YMR044W,0.209551
YMR045C,0.30443
YMR046C,0.06487
YMR047C,0.237728
YMR048W,0.024966
YMR049C,0.634102
YMR050C,0.375008
YMR051C,0.860457
YMR052W,0.046283
YMR053C,0.025641
YMR054W,0.322902
YMR055C,0.067269
YMR056C,0.017653
YMR058W,1.106373
YMR059W,0.321441
YMR060C,0.069973
YMR061W,0.128161
YMR062C,0.233778
YMR063W,0.004394
YMR064W,0.018623
YMR065W,0.029575
YMR066W,0.017652
YMR067C,0.034491
YMR068W,0.011218
YMR069W,0.017526
YMR070W,0.042627
YMR071C,0.611885
YMR072W,1.047558
YMR073C,0.485649
YMR074C,1.30905
YMR075W,0.015429
YMR076C,0.087674
YMR077C,0.065966
YMR078C,0.025071
YMR079W,1.010894
YMR080C,0.153368
YMR081C,0.033628
YMR083W,1.925418
YMR084W,0.020147
YMR085W,0.018402
YMR086W,0.035142
YMR087W,0.113981
YMR088C,0.083807
YMR089C,0.353145
YMR090W,0.153651
YMR091C,0.351663
YMR092C,0.839078
YMR093W,0.178879
YMR094W,0.013786
YMR095C,0.007971
YMR096W,0.076075
YMR097C,0.036056
YMR098C,0.048109
YMR099C,0.748432
YMR100W,0.034237
YMR101C,0.029459
YMR102C,0.069829
YMR104C,0.006474
YMR105C,0.03832
YMR106C,0.014064
YMR107W,0.030846
YMR108W,1.215408
YMR109W,0.128567
YMR110C,0.319431
YMR111C,0.12374
YMR112C,0.97293
YMR113W,0.299028
YMR114C,0.054019
YMR115W,0.057365
YMR116C,52.461219
YMR117C,0.00907
YMR118C,0.010025
YMR119W,0.072753
YMR120C,0.473585
YMR121C,0.596364
YMR123W,2.194215
YMR124W,0.021275
YMR125W,0.199232
YMR126C,0.017234
YMR127C,0.011492
YMR128W,0.135471
YMR129W,0.091178
YMR130W,0.08915
YMR131C,1.121548
YMR132C,0.04705
YMR133W,0.041761
YMR134W,0.103739
YMR135C,0.193375
YMR136W,0.041574
YMR137C,0.013422
YMR138W,0.124292
YMR139W,0.086067
YMR140W,0.048166
YMR142C,4.894853
YMR143W,2.546625
YMR144W,0.051297
YMR145C,1.283952
YMR146C,1.771361
YMR147W,0.02975
YMR148W,0.288889
YMR149W,0.796795
YMR150C,0.65996
YMR152W,0.25292
YMR153W,0.171368
YMR154C,0.019436
YMR155W,0.029357
YMR156C,0.059479
YMR157C,0.121809
YMR158W,0.238791
YMR159C,0.022737
YMR160W,0.022532
YMR161W,0.112893
YMR162C,0.01133
YMR163C,0.019551
YMR164C,0.039504
YMR165C,0.046035
YMR166C,0.051086
YMR167W,0.010856
YMR168C,0.008116
YMR169C,0.00753
YMR170C,0.051337
YMR171C,0.056733
YMR172W,0.00807
YMR173W,0.27821
YMR174C,0.412216
YMR175W,0.030497
YMR176W,0.007271
YMR177W,0.087518
YMR178W,0.151175
YMR179W,0.017737
YMR180C,0.028072
YMR181C,0.064864
YMR182C,0.00485
YMR183C,0.334867
YMR184W,0.701851
YMR185W,0.009828
YMR186W,2.357738
YMR187C,0.052098
YMR188C,0.193453
YMR189W,0.343805
YMR190C,0.007298
YMR191W,0.091383
YMR192W,0.024392
YMR193W,0.150481
YMR194W,4.31162
YMR195W,0.341707
YMR196W,0.009885
YMR197C,0.286426
YMR198W,0.049212
YMR199W,0.042471
YMR200W,0.56002
YMR201C,0.052709
YMR202W,5.241769
YMR203W,1.064191
YMR204C,0.037583
YMR205C,2.35163
YMR206W,0.01365
YMR207C,0.036242
YMR208W,0.40958
YMR209C,0.06635
YMR210W,0.030135
YMR211W,0.0662
YMR212C,0.133369
YMR213W,0.040309
YMR214W,0.511573
YMR215W,1.529859
YMR216C,0.050279
YMR217W,2.894113
YMR218C,0.056004
YMR219W,0.041008
YMR220W,0.518341
YMR221C,0.36858
YMR222C,0.34852
YMR223W,0.011662
YMR224C,0.011311
YMR225C,0.621927
YMR226C,2.607234
YMR227C,0.083859
YMR228W,0.095397
YMR229C,0.231276
YMR230W,4.467185
YMR231W,0.027051
YMR232W,0.009659
YMR233W,0.153975
YMR234W,0.026068
YMR235C,0.433597
YMR236W,0.825014
YMR237W,0.189056
YMR238W,0.970139
YMR239C,0.239743
YMR240C,0.097836
YMR241W,1.499607
YMR242C,4.525732
YMR243C,1.721177
YMR244CA,0.609671
YMR244W,0.065838
YMR246W,1.198219
YMR247C,0.02749
YMR250W,0.062621
YMR251W,0.020818
YMR251WA,7.212857
YMR252C,0.2325
YMR253C,0.027516
YMR255W,0.252614
YMR256C,0.939463
YMR257C,0.01531
YMR258C,0.092355
YMR259C,0.103254
YMR260C,1.221955
YMR261C,0.26807
YMR262W,0.057677
YMR263W,0.261134
YMR264W,1.173341
YMR265C,0.05859
YMR266W,0.369288
YMR267W,0.122272
YMR268C,0.05758
YMR269W,0.420044
YMR270C,0.095748
YMR271C,0.02993
YMR272C,0.937486
YMR273C,0.078406
YMR274C,0.171841
YMR275C,0.025117
YMR276W,1.409881
YMR277W,0.073952
YMR278W,0.167921
YMR279C,0.007247
YMR280C,0.007627
YMR281W,0.242212
YMR282C,0.020271
YMR283C,0.065859
YMR284W,0.039723
YMR285C,0.061876
YMR286W,1.137444
YMR287C,0.004874
YMR288W,0.020123
YMR289W,0.17007
YMR290C,0.608956
YMR291W,0.032473
YMR292W,0.435094
YMR293C,0.167145
YMR294W,0.180883
YMR295C,3.559421
YMR296C,1.272484
YMR297W,3.137968
YMR298W,1.294666
YMR299C,0.017212
YMR300C,0.16275
YMR301C,0.171915
YMR302C,0.169268
YMR303C,0.809803
YMR304W,0.059273
YMR305C,2.003646
YMR306W,0.004706
YMR307W,22.129674
YMR308C,1.104059
YMR309C,0.472088
YMR310C,0.358018
YMR311C,0.258402
YMR312W,0.214965
YMR313C,0.057522
YMR314W,1.099428
YMR315W,0.862927
YMR316W,0.098677
YMR317W,0.003183
YMR318C,2.883633
YMR319C,0.189226
YMR321C,2.023164
YMR322C,0.066735
YMR323W,0.024609
YMR325W,0.034084
YNL001W,0.145587
YNL002C,0.621569
YNL003C,0.301444
YNL004W,0.234939
YNL005C,0.241575
YNL006W,0.516736
YNL007C,3.103443
YNL008C,0.145266
YNL009W,0.028896
YNL010W,0.828869
YNL011C,0.022812
YNL012W,0.002317
YNL014W,0.033592
YNL015W,0.915088
YNL016W,0.608746
YNL018C,0.01985
YNL019C,0.00758
YNL020C,0.021555
YNL021W,0.080184
YNL022C,0.245793
YNL023C,0.159883
YNL024C,0.059033
YNL025C,0.009218
YNL026W,0.169592
YNL027W,0.068071
YNL029C,0.06289
YNL030W,6.724358
YNL031C,15.073716
YNL032W,0.472058
YNL033W,0.00241
YNL034W,0.014659
YNL035C,0.081366
YNL036W,0.347559
YNL037C,0.6864
YNL038W,0.066119
YNL039W,0.085825
YNL040W,0.158494
YNL041C,0.045608
YNL042W,0.02402
YNL044W,0.889283
YNL045W,0.301696
YNL046W,0.186103
YNL047C,0.062975
YNL048W,0.365175
YNL049C,0.079909
YNL050C,0.159628
YNL051W,0.053004
YNL052W,1.024145
YNL053W,0.038871
YNL054W,0.029554
YNL055C,8.289835
YNL056W,0.522229
YNL058C,0.430266
YNL059C,0.111072
YNL061W,0.733598
YNL062C,0.491832
YNL063W,0.085179
YNL064C,3.551483
YNL065W,0.088331
YNL066W,1.296517
YNL067W,3.797387
YNL068C,0.040989
YNL069C,11.949063
YNL070W,3.167597
YNL071W,1.195504
YNL072W,0.152064
YNL073W,0.039814
YNL074C,0.040825
YNL075W,0.829973
YNL076W,0.033273
YNL077W,0.015383
YNL078W,0.160429
YNL079C,2.094699
YNL080C,0.067256
YNL081C,0.520466
YNL082W,0.040429
YNL083W,0.018383
YNL084C,0.370608
YNL085W,0.337266
YNL086W,0.358523
YNL087W,0.296833
YNL088W,0.148358
YNL090W,0.160066
YNL091W,0.047716
YNL092W,0.019634
YNL093W,0.015299
YNL094W,0.044233
YNL095C,0.018052
YNL096C,3.403514
YNL097C,0.22328
YNL098C,0.872268
YNL099C,0.319205
YNL100W,0.537954
YNL101W,0.030395
YNL102W,0.074989
YNL103W,0.043246
YNL104C,1.909297
YNL106C,0.01497
YNL107W,0.175523
YNL108C,0.395844
YNL110C,1.263429
YNL111C,0.530743
YNL112W,2.82742
YNL113W,1.286646
YNL115C,0.1001
YNL116W,0.044334
YNL117W,0.036489
YNL118C,0.136224
YNL119W,0.094728
YNL121C,0.486704
YNL122C,0.164249
YNL123W,0.376705
YNL124W,0.271883
YNL125C,0.073891
YNL126W,0.014036
YNL127W,0.018394
YNL128W,0.011402
YNL129W,0.211577
YNL130C,0.767398
YNL131W,0.726925
YNL132W,0.274575
YNL133C,0.054184
YNL134C,2.650568
YNL135C,6.965215
YNL136W,0.063034
YNL137C,0.22858
YNL138W,1.065506
YNL139C,0.029514
YNL141W,0.617566
YNL142W,0.108866
YNL144C,0.016459
YNL145W,6.983683
YNL146W,0.029719
YNL147W,0.430983
YNL148C,0.044241
YNL149C,0.871744
YNL151C,0.374932
YNL152W,0.031122
YNL153C,0.624341
YNL154C,0.405291
YNL155W,0.092586
YNL156C,0.619509
YNL157W,1.148046
YNL158W,0.05586
YNL159C,0.054263
YNL160W,2.351163
YNL161W,0.072638
YNL162W,11.262762
YNL163C,0.206467
YNL164C,0.163033
YNL165W,0.050878
YNL166C,0.212252
YNL167C,0.058247
YNL168C,0.406902
YNL169C,0.260451
YNL172W,0.039376
YNL173C,0.073881
YNL175C,0.980261
YNL176C,0.051448
YNL177C,0.15238
YNL178W,42.068852
YNL180C,0.203425
YNL181W,0.24581
YNL182C,0.227262
YNL183C,0.053756
YNL185C,0.09847
YNL186W,0.261922
YNL187W,0.006998
YNL188W,0.056026
YNL189W,0.682719
YNL190W,4.794872
YNL191W,0.077351
YNL192W,0.18834
YNL193W,0.083778
YNL194C,0.012911
YNL195C,0.006508
YNL196C,5e-05
YNL197C,0.028511
YNL199C,0.066917
YNL200C,0.144792
YNL201C,0.015636
YNL202W,0.097054
YNL204C,0.019213
YNL206C,0.136368
YNL207W,0.402746
YNL208W,3.443426
YNL209W,6.920834
YNL210W,0.010167
YNL211C,0.108931
YNL212W,0.198355
YNL213C,0.025824
YNL214W,0.031027
YNL215W,0.117147
YNL216W,0.119679
YNL217W,0.239069
YNL218W,0.014574
YNL219C,0.484081
YNL220W,0.999524
YNL221C,0.120755
YNL222W,0.159007
YNL223W,0.034497
YNL224C,0.031519
YNL225C,0.046707
YNL227C,0.041127
YNL229C,0.391887
YNL230C,0.00485
YNL231C,0.66751
YNL232W,0.889539
YNL233W,0.031798
YNL234W,0.058795
YNL236W,0.078498
YNL237W,0.023969
YNL238W,0.222333
YNL239W,0.835327
YNL240C,0.360853
YNL241C,0.660673
YNL242W,0.036138
YNL243W,0.516714
YNL244C,2.773388
YNL245C,0.077997
YNL246W,0.172589
YNL247W,0.761774
YNL248C,0.87632
YNL249C,0.082619
YNL250W,0.011005
YNL251C,0.043198
YNL252C,0.225349
YNL253W,0.06968
YNL254C,0.018965
YNL255C,1.471139
YNL256W,0.107429
YNL257C,0.024119
YNL258C,0.066615
YNL259C,1.362377
YNL260C,0.024669
YNL261W,0.058091
YNL262W,0.010398
YNL263C,0.984888
YNL264C,0.115178
YNL265C,0.089244
YNL267W,0.018622
YNL268W,1.437558
YNL269W,0.008079
YNL270C,0.019209
YNL271C,0.062003
YNL272C,0.071886
YNL273W,0.01959
YNL274C,0.251875
YNL275W,0.016452
YNL277W,0.027124
YNL278W,0.039314
YNL279W,0.008509
YNL280C,0.813034
YNL281W,0.811701
YNL282W,0.056191
YNL283C,0.149936
YNL284C,0.409728
YNL286W,0.070971
YNL287W,0.483593
YNL288W,0.267513
YNL289W,0.192145
YNL290W,0.13769
YNL291C,0.051113
YNL292W,0.249402
YNL293W,0.026075
YNL294C,0.035363
YNL295W,0.011547
YNL297C,0.03216
YNL298W,0.052999
YNL299W,0.031121
YNL300W,2.221247
YNL301C,3.698588
YNL302C,18.861336
YNL304W,0.027897
YNL305C,0.64583
YNL306W,0.521328
YNL307C,0.202278
YNL308C,0.804485
YNL309W,0.024036
YNL310C,0.171699
YNL311C,0.026717
YNL312W,0.933679
YNL313C,0.398801
YNL314W,0.021593
YNL315C,0.314469
YNL316C,0.097426
YNL317W,0.098591
YNL318C,0.010263
YNL320W,0.121486
YNL321W,0.113985
YNL322C,2.944159
YNL323W,0.342481
YNL325C,0.032222
YNL326C,0.101871
YNL327W,1.712049
YNL328C,0.008883
YNL329C,0.018945
YNL330C,0.217403
YNL331C,0.022953
YNL332W,0.100855
YNL333W,0.054376
YNL334C,0.076121
YNL335W,0.00513
YNL336W,0.399807
YNL339C,0.047595
YNR001C,1.531975
YNR002C,0.03087
YNR003C,0.177014
YNR004W,0.008765
YNR006W,0.128511
YNR007C,0.035082
YNR008W,0.129583
YNR009W,0.146269
YNR010W,0.140219
YNR011C,0.048109
YNR012W,0.186865
YNR013C,0.332063
YNR014W,0.140717
YNR015W,0.26388
YNR016C,0.435868
YNR017W,0.812335
YNR018W,1.557793
YNR019W,0.079407
YNR020C,0.222787
YNR021W,1.576981
YNR022C,0.304212
YNR023W,0.0327
YNR024W,0.307627
YNR026C,0.171283
YNR027W,0.141019
YNR028W,0.15917
YNR029C,0.170992
YNR030W,0.492185
YNR031C,0.025802
YNR032W,0.053006
YNR033W,0.13409
YNR034W,0.123073
YNR035C,0.919459
YNR036C,0.559189
YNR037C,0.538745
YNR038W,0.275696
YNR039C,0.111302
YNR040W,0.233466
YNR041C,0.251803
YNR043W,1.37306
YNR044W,0.756601
YNR045W,0.040537
YNR046W,1.297419
YNR047W,0.019188
YNR048W,0.044343
YNR049C,0.203656
YNR050C,0.891443
YNR051C,0.042984
YNR052C,0.623943
YNR053C,0.852487
YNR054C,0.468726
YNR055C,0.259783
YNR056C,0.005284
YNR057C,0.051265
YNR058W,0.021373
YNR059W,0.011683
YNR060W,0.034802
YNR061C,0.356039
YNR062C,0.00366
YNR063W,0.00813
YNR064C,0.019673
YNR065C,0.109156
YNR066C,0.011069
YNR067C,0.324392
YNR068C,0.004783
YNR069C,0.002664
YNR070W,0.007998
YNR071C,0.030575
YNR072W,0.007097
YNR073C,0.026788
YNR074C,0.124384
YNR075W,0.005
YNR076W,0.473689
YOL001W,0.025145
YOL002C,0.774962
YOL003C,0.046312
YOL004W,0.183889
YOL005C,0.667755
YOL006C,0.071515
YOL007C,0.251283
YOL008W,0.066873
YOL009C,0.102609
YOL010W,0.203636
YOL011W,0.009157
YOL012C,0.464296
YOL013C,0.035493
YOL014W,0.475141
YOL015W,0.003537
YOL016C,0.345057
YOL017W,0.038795
YOL018C,0.055056
YOL019W,0.478213
YOL020W,0.202276
YOL021C,0.375741
YOL022C,0.380935
YOL023W,0.010553
YOL024W,0.03258
YOL025W,0.014528
YOL026C,0.273189
YOL027C,0.386639
YOL028C,0.05109
YOL029C,0.092291
YOL030W,2.796726
YOL031C,0.106846
YOL032W,0.189965
YOL033W,0.057857
YOL034W,0.030462
YOL036W,0.069988
YOL038W,1.615352
YOL039W,21.852148
YOL040C,18.853387
YOL041C,0.058954
YOL042W,0.06267
YOL043C,0.126792
YOL044W,0.105987
YOL045W,0.016712
YOL047C,0.01527
YOL048C,0.07438
YOL049W,0.473763
YOL051W,0.102134
YOL052C,0.378746
YOL053W,0.059107
YOL054W,0.134
YOL055C,0.012874
YOL056W,0.205509
YOL057W,0.190724
YOL058W,0.220608
YOL059W,0.450824
YOL060C,0.178038
YOL061W,1.1354
YOL062C,0.10273
YOL063C,0.026534
YOL064C,0.546803
YOL065C,0.080323
YOL066C,0.062053
YOL067C,0.007812
YOL068C,0.087887
YOL069W,0.012298
YOL070C,0.139579
YOL071W,0.166322
YOL072W,0.01488
YOL073C,0.140935
YOL075C,0.015146
YOL076W,0.054265
YOL077C,0.886741
YOL078W,0.015416
YOL080C,0.169259
YOL081W,0.022749
YOL082W,0.074424
YOL083W,0.115638
YOL084W,0.019169
YOL086C,48.683355
YOL087C,0.020552
YOL088C,0.373907
YOL089C,0.013883
YOL090W,0.138324
YOL091W,0.007341
YOL092W,1.63349
YOL093W,0.156085
YOL094C,0.381038
YOL095C,0.024794
YOL096C,0.058706
YOL097C,2.118914
YOL098C,0.20666
YOL100W,0.014779
YOL101C,0.085321
YOL102C,0.252621
YOL103W,0.219675
YOL104C,0.013547
YOL105C,0.024091
YOL107W,0.038953
YOL108C,0.370101
YOL109W,20.232963
YOL110W,0.097977
YOL111C,0.739624
YOL112W,0.070808
YOL113W,0.008225
YOL114C,0.033141
YOL115W,0.054045
YOL116W,0.026022
YOL117W,0.007869
YOL119C,0.242697
YOL120C,15.267444
YOL121C,22.297993
YOL122C,0.220571
YOL123W,0.889061
YOL124C,0.672588
YOL125W,0.108922
YOL126C,0.116291
YOL127W,12.904202
YOL128C,0.044811
YOL129W,0.957253
YOL130W,0.093081
YOL131W,0.057757
YOL132W,0.022014
YOL133W,0.365283
YOL135C,0.155271
YOL136C,0.037056
YOL137W,0.065204
YOL138C,0.009069
YOL139C,4.195891
YOL140W,0.074116
YOL141W,0.017822
YOL142W,0.428496
YOL143C,1.086424
YOL144W,0.111374
YOL145C,0.058331
YOL146W,0.239998
YOL147C,0.85316
YOL148C,0.091269
YOL149W,0.260764
YOL151W,0.982196
YOL152W,0.014313
YOL154W,0.057179
YOL155C,0.051421
YOL156W,0.002088
YOL157C,0.009933
YOL158C,0.409321
YOL159C,0.131973
YOL161C,0.160627
YOL162W,0.053772
YOL163W,0.051789
YOL164W,0.008366
YOL165C,0.050368
YOR001W,0.43871
YOR002W,0.318285
YOR003W,0.00375
YOR004W,1.376134
YOR005C,0.007499
YOR006C,0.215247
YOR007C,2.510455
YOR008C,0.419468
YOR008CA,0.051685
YOR009W,0.259377
YOR010C,2.824101
YOR011W,0.034594
YOR012W,0.090611
YOR014W,0.065855
YOR016C,0.272999
YOR017W,0.09617
YOR018W,0.028587
YOR019W,0.008725
YOR020C,2.345212
YOR021C,1.353129
YOR022C,0.037689
YOR023C,0.138085
YOR025W,0.030887
YOR026W,0.085143
YOR027W,2.148127
YOR028C,0.044834
YOR030W,0.006655
YOR032C,0.003477
YOR033C,0.037777
YOR034C,0.071205
YOR035C,0.021292
YOR036W,0.086869
YOR037W,0.024936
YOR038C,0.01905
YOR039W,0.205283
YOR040W,0.067541
YOR042W,0.409423
YOR043W,0.152044
YOR044W,0.154538
YOR045W,1.687445
YOR046C,1.197962
YOR047C,0.081396
YOR048C,0.139489
YOR049C,0.009065
YOR051C,0.324207
YOR052C,0.183349
YOR054C,0.027563
YOR056C,0.666621
YOR057W,0.107686
YOR058C,0.008193
YOR059C,0.12737
YOR060C,0.005151
YOR061W,0.379599
YOR062C,0.080463
YOR063W,22.862378
YOR064C,0.058595
YOR065W,0.095335
YOR066W,0.034688
YOR067C,0.839956
YOR068C,0.010477
YOR069W,0.107796
YOR070C,0.033274
YOR071C,0.036234
YOR073W,0.057651
YOR074C,0.093681
YOR075W,0.061617
YOR076C,0.024187
YOR077W,0.092033
YOR078W,0.372211
YOR079C,0.225404
YOR080W,0.019783
YOR081C,0.051401
YOR083W,0.019841
YOR084W,0.110428
YOR085W,0.565902
YOR086C,0.258138
YOR087W,0.040619
YOR089C,0.515349
YOR090C,0.102404
YOR091W,0.587074
YOR092W,0.053193
YOR093C,0.030215
YOR094W,0.267699
YOR095C,0.593725
YOR096W,6.527709
YOR097C,0.137193
YOR098C,0.060738
YOR099W,2.637328
YOR100C,0.014505
YOR101W,0.300442
YOR103C,0.831039
YOR104W,0.080671
YOR106W,0.142235
YOR107W,0.01036
YOR108W,0.670467
YOR109W,0.15511
YOR110W,0.067631
YOR111W,0.066697
YOR112W,0.058694
YOR113W,0.01845
YOR114W,0.027597
YOR115C,0.32744
YOR116C,0.227275
YOR117W,0.782198
YOR118W,0.07943
YOR119C,0.164601
YOR120W,0.013045
YOR122C,1.925198
YOR123C,0.437774
YOR124C,0.14623
YOR125C,0.118688
YOR126C,0.174725
YOR127W,0.028308
YOR128C,0.322558
YOR129C,0.031719
YOR130C,0.208054
YOR131C,0.456689
YOR132W,0.231774
YOR133W,11.043989
YOR134W,0.032391
YOR136W,1.896319
YOR137C,0.005479
YOR138C,0.147715
YOR140W,0.020211
YOR141C,0.153392
YOR142W,0.686272
YOR143C,0.176593
YOR144C,0.044211
YOR145C,0.766919
YOR147W,0.012026
YOR148C,0.093192
YOR149C,0.023648
YOR150W,0.370828
YOR151C,0.678773
YOR152C,0.010707
YOR153W,0.43047
YOR154W,0.028781
YOR155C,0.088525
YOR156C,0.006981
YOR157C,1.038061
YOR158W,0.109918
YOR159C,0.521664
YOR160W,0.043726
YOR161C,0.20537
YOR162C,0.017141
YOR163W,0.498369
YOR164C,0.350202
YOR165W,0.262474
YOR166C,0.031762
YOR167C,9.871751
YOR168W,0.964295
YOR171C,0.031837
YOR172W,0.020286
YOR173W,0.029942
YOR174W,0.179786
YOR175C,0.499581
YOR176W,0.703134
YOR177C,0.022687
YOR178C,0.003553
YOR179C,0.135645
YOR180C,0.019316
YOR181W,0.092408
YOR182C,27.357196
YOR183W,0.055355
YOR184W,1.11967
YOR185C,0.485255
YOR186W,0.038112
YOR187W,1.645865
YOR188W,0.081156
YOR189W,0.19886
YOR190W,0.007931
YOR191W,0.043748
YOR192C,0.008323
YOR193W,0.01509
YOR194C,0.492396
YOR195W,0.016613
YOR196C,0.388286
YOR197W,0.448749
YOR198C,0.808372
YOR201C,0.07256
YOR202W,0.374688
YOR204W,0.861902
YOR205C,0.027801
YOR206W,0.55954
YOR207C,0.487148
YOR208W,0.043364
YOR209C,0.853147
YOR210W,1.180348
YOR211C,0.02463
YOR212W,0.302647
YOR213C,0.07794
YOR214C,0.009424
YOR215C,0.353157
YOR216C,0.115066
YOR217W,0.11933
YOR219C,0.030461
YOR220W,0.335596
YOR221C,0.182624
YOR222W,0.332437
YOR223W,0.076784
YOR224C,1.518293
YOR226C,0.694801
YOR227W,0.030575
YOR228C,0.13001
YOR229W,0.208603
YOR230W,2.534986
YOR231W,0.061176
YOR232W,0.548133
YOR233W,0.059903
YOR234C,6.312052
YOR236W,0.171852
YOR237W,0.01137
YOR238W,0.135847
YOR239W,0.162859
YOR241W,0.429668
YOR242C,0.031457
YOR243C,0.371432
YOR244W,0.066713
YOR245C,0.189042
YOR246C,0.330885
YOR247W,3.342282
YOR249C,0.029131
YOR250C,0.168544
YOR251C,0.461655
YOR252W,0.204755
YOR253W,0.636843
YOR254C,1.019554
YOR255W,0.025506
YOR256C,0.129246
YOR257W,0.437458
YOR258W,0.066972
YOR259C,1.18069
YOR260W,1.044102
YOR261C,0.494934
YOR262W,0.230214
YOR264W,0.077668
YOR265W,0.621505
YOR266W,0.06081
YOR267C,0.381783
YOR268C,0.135657
YOR269W,0.039009
YOR270C,2.480321
YOR271C,1.808757
YOR272W,0.582425
YOR273C,0.08507
YOR274W,0.131542
YOR275C,0.031914
YOR276W,2.828408
YOR278W,0.12569
YOR279C,0.063774
YOR280C,0.20979
YOR281C,0.262264
YOR283W,0.465568
YOR284W,0.036969
YOR285W,3.7585
YOR286W,0.992648
YOR287C,0.045644
YOR288C,0.319596
YOR289W,0.119993
YOR290C,0.091146
YOR291W,0.155179
YOR292C,0.038706
YOR293W,16.012269
YOR294W,0.371291
YOR295W,0.025667
YOR296W,0.009456
YOR297C,0.080536
YOR298W,0.00804
YOR299W,0.065589
YOR301W,0.075563
YOR302W,7.500389
YOR303W,0.464655
YOR304CA,0.248262
YOR304W,0.050862
YOR305W,0.120576
YOR306C,0.14207
YOR307C,0.07082
YOR308C,0.02069
YOR310C,3.014851
YOR311C,0.313737
YOR312C,9.843081
YOR313C,0.005424
YOR315W,0.068975
YOR316C,0.261836
YOR317W,0.539184
YOR319W,0.082157
YOR320C,0.15836
YOR321W,0.13386
YOR322C,0.077864
YOR323C,1.341095
YOR324C,0.015787
YOR326W,0.397129
YOR327C,1.040293
YOR328W,0.022377
YOR329C,0.069942
YOR330C,0.02102
YOR332W,2.816276
YOR334W,0.014891
YOR335C,1.88873
YOR336W,0.092881
YOR337W,0.038142
YOR338W,0.043991
YOR339C,0.009093
YOR340C,0.715573
YOR341W,0.28981
YOR342C,0.237368
YOR344C,0.107443
YOR346W,0.047967
YOR347C,0.114426
YOR348C,0.055687
YOR349W,0.010177
YOR350C,0.009431
YOR351C,0.00814
YOR352W,0.056665
YOR353C,0.039473
YOR354C,0.079271
YOR355W,0.190849
YOR356W,0.290163
YOR357C,0.233097
YOR358W,0.029216
YOR359W,0.125985
YOR360C,0.235656
YOR361C,1.614074
YOR362C,1.781998
YOR363C,0.030884
YOR365C,0.006595
YOR367W,0.132219
YOR368W,0.01938
YOR369C,7.166647
YOR370C,0.382401
YOR371C,0.013991
YOR372C,0.030658
YOR373W,0.042515
YOR374W,0.713662
YOR375C,3.050659
YOR377W,0.057492
YOR378W,0.002529
YOR380W,0.045694
YOR381W,0.001809
YOR382W,1.071756
YOR383C,1.993158
YOR384W,0.001099
YOR385W,0.090856
YOR386W,0.019438
YOR387C,0.020665
YOR388C,0.011936
YOR389W,0.04242
YOR390W,0.023975
YOR391C,0.05022
YOR393W,0.052469
YOR394W,0.091715
YPL001W,0.098011
YPL002C,0.066224
YPL003W,0.040745
YPL004C,1.399501
YPL005W,0.042155
YPL006W,0.054386
YPL007C,0.117986
YPL008W,0.030163
YPL009C,0.185197
YPL010W,0.854575
YPL011C,0.166323
YPL012W,0.453607
YPL013C,0.932568
YPL014W,0.016708
YPL015C,0.049372
YPL016W,0.013776
YPL017C,0.01224
YPL018W,0.027021
YPL019C,0.795406
YPL020C,0.062684
YPL021W,0.035203
YPL022W,0.033882
YPL023C,0.386906
YPL024W,0.138133
YPL026C,0.059137
YPL027W,0.041853
YPL028W,3.963597
YPL029W,0.025312
YPL030W,0.353417
YPL031C,0.465717
YPL032C,0.286598
YPL033C,0.02188
YPL034W,0.099867
YPL036W,0.062437
YPL037C,11.550376
YPL038W,0.21255
YPL039W,0.056468
YPL040C,0.016655
YPL041C,0.03198
YPL042C,0.031854
YPL043W,0.603385
YPL045W,0.01587
YPL046C,0.169387
YPL047W,0.1518
YPL048W,1.127439
YPL049C,0.181813
YPL050C,0.851107
YPL051W,0.135136
YPL052W,0.079564
YPL053C,0.912743
YPL054W,0.080056
YPL055C,0.121471
YPL056C,0.270417
YPL057C,0.142403
YPL058C,0.09986
YPL059W,0.387468
YPL060W,0.011092
YPL061W,4.434407
YPL063W,0.514828
YPL064C,0.11754
YPL065W,0.097556
YPL066W,0.008179
YPL067C,0.112929
YPL068C,0.072863
YPL069C,0.052855
YPL070W,0.052285
YPL071C,0.056742
YPL072W,0.019479
YPL074W,0.032564
YPL075W,0.016375
YPL076W,0.050734
YPL077C,0.012355
YPL078C,0.906781
YPL079W,59.864651
YPL081W,1.070698
YPL082C,0.034529
YPL083C,0.031234
YPL084W,0.082611
YPL085W,0.075591
YPL086C,0.492538
YPL087W,0.827209
YPL088W,0.042783
YPL089C,0.108481
YPL090C,8.853833
YPL091W,1.493953
YPL092W,0.155677
YPL093W,0.999752
YPL094C,0.840909
YPL095C,0.062624
YPL096W,0.195651
YPL097W,0.15591
YPL098C,1.200394
YPL099C,0.108205
YPL100W,0.168015
YPL101W,0.177015
YPL103C,0.077329
YPL104W,0.044059
YPL105C,0.133504
YPL106C,2.833436
YPL107W,0.049911
YPL108W,0.073098
YPL109C,0.016902
YPL110C,0.057822
YPL111W,1.388446
YPL112C,0.17863
YPL113C,0.033463
YPL115C,0.052852
YPL116W,0.041102
YPL117C,1.372011
YPL118W,0.30128
YPL119C,0.010621
YPL120W,0.06159
YPL121C,0.018036
YPL122C,0.128134
YPL123C,0.024655
YPL124W,0.050242
YPL125W,0.05529
YPL126W,0.175371
YPL127C,0.54005
YPL128C,0.312831
YPL129W,0.649225
YPL130W,0.011072
YPL131W,40.293216
YPL132W,0.063592
YPL133C,0.021574
YPL134C,0.196404
YPL135W,0.460231
YPL137C,0.022119
YPL138C,0.093037
YPL139C,0.234669
YPL140C,0.028887
YPL141C,0.011901
YPL143W,13.355242
YPL144W,0.392742
YPL145C,0.577697
YPL146C,0.229523
YPL147W,0.012361
YPL148C,0.048714
YPL149W,0.1371
YPL150W,0.022164
YPL151C,0.047043
YPL152W,0.037644
YPL153C,0.016043
YPL154C,2.761532
YPL155C,0.013421
YPL156C,0.041603
YPL157W,0.080304
YPL158C,0.036292
YPL159C,0.09348
YPL160W,1.126194
YPL161C,0.047092
YPL162C,0.014357
YPL163C,1.630174
YPL164C,0.005123
YPL165C,0.005189
YPL166W,0.017017
YPL167C,0.032756
YPL168W,0.079448
YPL169C,0.55369
YPL170W,0.459374
YPL171C,0.057097
YPL172C,0.049538
YPL173W,0.333088
YPL174C,0.002772
YPL175W,0.027304
YPL176C,0.24105
YPL177C,0.206959
YPL178W,0.614371
YPL179W,0.075677
YPL180W,0.0495
YPL181W,0.060661
YPL183C,0.110251
YPL184C,0.140082
YPL186C,0.035149
YPL187W,0.241797
YPL188W,0.130899
YPL189W,0.016346
YPL190C,0.133764
YPL191C,0.007221
YPL192C,0.009971
YPL193W,0.042806
YPL194W,0.021122
YPL195W,0.156421
YPL196W,0.109149
YPL198W,5.083877
YPL199C,0.649922
YPL200W,0.0242
YPL201C,0.017745
YPL202C,0.049311
YPL203W,0.118763
YPL204W,0.531809
YPL206C,0.738518
YPL207W,0.586272
YPL208W,0.093329
YPL209C,0.021396
YPL210C,0.29014
YPL211W,0.884224
YPL212C,0.479163
YPL213W,0.045372
YPL214C,0.078544
YPL215W,0.130658
YPL216W,0.009005
YPL217C,0.358908
YPL218W,2.094741
YPL219W,0.038796
YPL220W,23.021958
YPL221W,0.216444
YPL222W,0.01882
YPL223C,0.04414
YPL224C,0.104739
YPL225W,1.939865
YPL226W,0.711788
YPL227C,0.334684
YPL228W,0.133902
YPL229W,0.233926
YPL230W,0.017356
YPL231W,0.94824
YPL232W,0.443169
YPL233W,0.033217
YPL234C,1.711029
YPL235W,1.394119
YPL236C,0.017742
YPL237W,1.546561
YPL239W,0.723257
YPL240C,1.273079
YPL241C,0.027041
YPL242C,0.025308
YPL243W,0.571072
YPL244C,0.233724
YPL245W,0.216374
YPL246C,0.781694
YPL247C,0.060576
YPL248C,0.005192
YPL249C,0.049087
YPL250C,0.23167
YPL252C,0.961472
YPL253C,0.023537
YPL254W,0.098801
YPL255W,0.020588
YPL256C,0.402811
YPL257W,0.008745
YPL258C,0.009971
YPL259C,0.088417
YPL260W,0.336421
YPL262W,1.832649
YPL263C,0.262338
YPL264C,0.048895
YPL265W,0.346453
YPL266W,0.760581
YPL267W,0.065157
YPL268W,0.023263
YPL269W,0.002463
YPL270W,0.062959
YPL271W,1.5296
YPL272C,0.006406
YPL273W,1.6292
YPL274W,0.426488
YPL277C,0.011838
YPL278C,0.05699
YPL279C,0.04644
YPL280W,0.016357
YPL281C,0.032489
YPL282C,0.069959
YPL283C,0.152641
YPR001W,0.011426
YPR002W,0.017176
YPR003C,0.013871
YPR004C,0.429453
YPR005C,0.025898
YPR006C,0.055536
YPR007C,0.049814
YPR008W,0.07914
YPR009W,0.053057
YPR010C,1.178896
YPR011C,0.047022
YPR013C,0.028079
YPR015C,0.034506
YPR016C,1.378601
YPR017C,0.061232
YPR018W,0.048003
YPR019W,0.117736
YPR020W,0.325161
YPR021C,0.049569
YPR022C,0.023558
YPR023C,0.367626
YPR024W,0.11809
YPR025C,0.047565
YPR026W,0.014348
YPR027C,0.006508
YPR028W,2.588679
YPR029C,0.201996
YPR030W,0.007188
YPR031W,0.01403
YPR032W,0.032158
YPR033C,1.830315
YPR034W,0.191972
YPR035W,5.035937
YPR036W,2.295958
YPR037C,0.715458
YPR040W,0.074346
YPR041W,1.063716
YPR042C,0.027467
YPR043W,12.051583
YPR045C,0.019205
YPR046W,0.08896
YPR047W,0.056714
YPR048W,0.138701
YPR049C,0.0127
YPR051W,0.383334
YPR052C,1.195341
YPR054W,0.000265
YPR055W,0.076364
YPR056W,0.08903
YPR057W,0.090772
YPR058W,0.446023
YPR060C,0.630053
YPR061C,0.015778
YPR062W,3.151384
YPR063C,0.927585
YPR065W,0.203395
YPR066W,0.030772
YPR067W,0.170572
YPR068C,0.025822
YPR069C,1.556729
YPR070W,0.029113
YPR071W,0.045175
YPR072W,0.268858
YPR073C,0.230142
YPR074C,3.178213
YPR075C,0.124163
YPR078C,0.018092
YPR079W,0.110267
YPR080W,54.723068
YPR081C,0.102829
YPR082C,0.386007
YPR083W,0.010357
YPR084W,0.03373
YPR085C,0.011569
YPR086W,0.486045
YPR088C,0.992128
YPR089W,0.051612
YPR091C,0.07419
YPR093C,0.033532
YPR094W,0.951706
YPR095C,0.008254
YPR097W,0.106392
YPR098C,0.961404
YPR100W,0.727277
YPR101W,0.099305
YPR102C,17.810459
YPR103W,2.658746
YPR104C,0.027249
YPR105C,0.031496
YPR106W,0.101576
YPR107C,0.053768
YPR108W,1.062015
YPR109W,0.082636
YPR110C,1.208713
YPR111W,0.0189
YPR112C,0.17349
YPR113W,1.381722
YPR114W,0.477474
YPR115W,0.102567
YPR116W,0.014262
YPR117W,0.027074
YPR118W,0.449488
YPR119W,0.031016
YPR120C,0.081094
YPR121W,0.012249
YPR122W,0.008679
YPR124W,0.596941
YPR125W,0.423766
YPR127W,0.075546
YPR128C,0.232602
YPR129W,0.297245
YPR131C,0.324297
YPR132W,24.677082
YPR133C,0.503176
YPR134W,0.112029
YPR135W,0.104115
YPR137W,0.21313
YPR138C,0.072738
YPR139C,0.288843
YPR140W,0.126339
YPR141C,0.026645
YPR143W,0.434346
YPR144C,0.210086
YPR145W,2.942417
YPR147C,0.153038
YPR148C,0.931646
YPR149W,2.63283
YPR151C,0.044201
YPR152C,0.021486
YPR153W,0.004167
YPR154W,0.167969
YPR155C,0.020016
YPR156C,0.139267
YPR157W,0.007669
YPR158W,0.108069
YPR159W,0.566865
YPR160W,0.167537
YPR161C,0.160778
YPR162C,0.133515
YPR163C,1.679756
YPR164W,0.011709
YPR165W,1.862811
YPR166C,2.274417
YPR167C,0.10156
YPR168W,0.006145
YPR169W,0.191032
YPR171W,0.01265
YPR172W,0.095492
YPR173C,0.292717
YPR174C,0.037884
YPR175W,0.034431
YPR176C,0.347286
YPR178W,0.121755
YPR179C,0.01737
YPR180W,0.205802
YPR181C,0.576191
YPR182W,0.636272
YPR183W,1.042714
YPR184W,0.005903
YPR185W,0.024114
YPR186C,0.053689
YPR187W,1.055687
YPR188C,0.321606
YPR189W,0.055406
YPR190C,0.126421
YPR191W,0.559398
YPR192W,0.010408
YPR193C,0.019201
YPR194C,0.021259
YPR196W,0.005535
YPR198W,0.115948
YPR199C,0.042642
YPR200C,0.058073
YPR201W,0.019064
YPR202W,0.00571
YPR203W,0.028984
