A.GCA,A.GCC,A.GCG,C.TGC,D.GAC,E.GAA,F.TTC,G.GGA,G.GGC,G.GGG,H.CAC,I.ATA,I.ATC,K.AAA,L.CTA,L.CTC,L.CTG,L.CTT,L.TTA,N.AAC,P.CCA,P.CCC,P.CCG,Q.CAA,R.AGA,R.AGG,R.CGA,R.CGC,R.CGG,S.TCA,S.TCC,S.TCG,T.ACA,T.ACC,T.ACG,V.GTA,V.GTC,V.GTG,Y.TAC,Z.AGT,
-0.488882,-0.140091,-0.570081,-0.308705,0.131618,0.270651,0.215991,-0.902824,-0.477886,-0.761175,0.212174,-0.850327,0.0993826,-0.272242,-0.288725,-0.783022,-0.504006,-0.500902,-0.234035,0.343087,0.251598,-0.290737,-0.617357,0.294301,0.10264,-0.573066,-1.69081,-0.701412,-1.70716,-0.416054,0.0145845,-0.515013,-0.408662,0.0541598,-0.642169,-0.489417,0.232688,-0.437435,0.310432,-0.0275017,
-0.473039,-0.135248,-0.305949,-0.0226662,0.04621,0.15536,-0.0181357,-0.817197,-0.44776,-0.733006,0.0939397,-0.452096,-0.192502,-0.111245,-0.303203,-0.527924,-0.559132,-0.566744,-0.101831,0.127779,0.089745,-0.22212,-0.16913,0.0762313,-0.0236179,-0.618113,-1.56747,-0.782643,-1.65149,-0.267874,-0.151606,-0.393882,-0.371137,0.0953856,-0.376,-0.43881,0.245938,-0.324051,-0.0417863,0.0561004,
-0.439395,-0.157726,-0.398477,-0.103438,0.04621,0.0213585,-0.0237772,-0.79561,-0.495804,-0.75006,0.121759,-0.336146,-0.186182,-0.0917039,-0.527707,-0.546537,-0.583473,-0.687956,-0.180186,0.0133748,0.0806829,-0.184682,-0.160693,0.0200308,-0.0142784,-0.818821,-1.4803,-0.856186,-1.38818,-0.205167,-0.215419,-0.292034,-0.264994,0.183411,-0.253925,-0.322219,-0.162973,-0.314217,0.0741412,-0.0404279,
-0.293948,-0.0483765,-0.35166,-0.0424538,0.04621,0.0213585,0.068656,-0.770591,-0.528347,-0.714467,0.05612,-0.192294,-0.183523,0.112471,-0.556503,-0.371053,-0.611333,-0.630345,-0.185836,0.0604078,0.134362,-0.100177,-0.0952564,-0.0346022,-0.0218165,-0.926683,-1.43373,-0.957962,-1.31325,-0.266699,-0.233795,-0.2994,-0.114888,-0.045267,-0.03485,-0.322219,-0.162973,-0.314217,-0.118651,0.0843131,
-0.327516,-0.0320509,-0.3826,-0.0668163,-0.0208982,0.0213585,0.0742748,-0.770591,-0.528347,-0.714467,0.0775129,-0.0594144,0.0678431,-0.159202,-0.487341,-0.492924,-0.579243,-0.608294,-0.102146,0.0535295,0.0417477,-0.13493,0.000783997,-0.0380765,0.0957406,-0.757152,-1.65195,-1.0711,-1.40487,-0.266699,-0.233795,-0.2994,-0.0901451,-0.052165,-0.0570864,-0.438078,-0.259504,-0.546905,0.0405895,0.0660461,
-0.307745,-0.152074,-0.219897,-0.0755505,-0.0247763,0.0546612,0.191959,-0.703506,-0.678463,-0.574361,0.0775129,-0.0322425,0.280807,-0.0524064,-0.449501,-0.636942,-0.663671,-0.511851,-0.0994245,0.0836498,0.0789369,0.0628743,0.0571981,-0.00917673,0.285964,-0.910632,-1.55384,-1.03378,-1.39306,-0.174872,-0.220778,-0.139649,-0.0455837,-0.165477,-0.0704544,-0.695783,-0.411726,-0.578402,0.0857249,0.101517,
-0.31755,0.0443864,-0.226335,-0.194161,0.11169,0.0546612,0.191959,-0.728473,-0.674688,-0.665628,0.0775129,-0.210184,0.106343,-0.172385,-0.329986,-0.67248,-0.690347,-0.633988,-0.0927156,0.0836498,0.187332,0.10758,-0.126258,0.131113,0.447819,-1.02841,-1.51559,-0.97788,-1.33308,-0.310665,-0.208396,-0.252934,0.0275537,-0.0695046,-0.17428,-0.63561,-0.444091,-0.425908,0.112659,0.101517,
-0.195182,-0.0569253,-0.222414,-0.194161,0.11169,0.0546612,0.191959,-0.728473,-0.674688,-0.665628,0.0775129,-0.312678,0.112941,-0.172385,-0.329986,-0.67248,-0.690347,-0.633988,-0.0927156,0.0836498,0.187332,0.10758,-0.126258,0.127664,0.331948,-1.03114,-1.63858,-1.1033,-1.29,-0.133562,-0.151743,-0.204217,-0.0543444,-0.0310862,-0.176678,-0.63561,-0.444091,-0.425908,0.112659,0.101517,
-0.195182,-0.0569253,-0.222414,-0.170308,0.11169,0.151426,0.191959,-0.73332,-0.65234,-0.582011,0.194684,-0.438104,0.0823317,-0.224084,-0.23961,-0.707113,-0.599947,-0.612663,-0.0973282,0.0836498,0.187332,0.10758,-0.126258,0.127664,0.527624,-1.00936,-1.59543,-1.12492,-1.31225,-0.133562,-0.151743,-0.204217,-0.0543444,-0.0310862,-0.176678,-0.521032,-0.290783,-0.333131,0.174811,0.101517,
-0.195182,-0.0569253,-0.222414,-0.170308,0.147948,0.151426,0.191959,-0.713821,-0.518503,-0.543788,0.194684,-0.438104,0.0823317,-0.224084,-0.23961,-0.707113,-0.599947,-0.612663,-0.0973282,0.132645,0.187332,0.10758,-0.126258,0.114546,0.358297,-0.949745,-1.58702,-1.06171,-1.36085,-0.263497,-0.225534,-0.252501,-0.0443329,-0.046929,-0.22844,-0.574011,-0.277119,-0.346536,0.174811,-0.0718477,
-0.193453,0.0556252,-0.246199,-0.152376,0.112744,0.151426,0.191959,-0.494026,-0.355322,-0.394784,0.194684,-0.536241,0.073715,-0.224084,-0.351732,-0.777129,-0.569425,-0.656091,-0.253575,0.202352,0.149239,0.0763408,-0.12095,0.114546,0.358297,-0.949745,-1.58702,-1.06171,-1.36085,-0.27867,-0.108185,-0.243277,-0.0593986,-0.0586212,-0.291732,-0.574011,-0.277119,-0.346536,0.174811,0.100957,
-0.193453,0.0556252,-0.246199,-0.152376,0.112744,0.147298,0.191959,-0.519882,-0.315642,-0.341335,0.194684,-0.536241,0.073715,-0.196493,-0.351732,-0.777129,-0.569425,-0.656091,-0.253575,0.271276,0.149239,0.0763408,-0.12095,0.213921,0.402266,-1.02446,-1.51963,-1.07411,-1.37732,-0.128664,-0.0507238,-0.180426,-0.181943,-0.0641392,-0.381466,-0.542334,-0.139718,-0.409437,0.174811,-0.00273478,
-0.230501,0.102607,-0.353681,-0.200656,0.0739896,0.146689,0.214286,-0.517025,-0.387274,-0.422249,0.16165,-0.536241,0.073715,-0.196493,-0.351732,-0.777129,-0.569425,-0.656091,-0.253575,0.250225,0.322714,-0.0101573,-0.149527,0.221765,0.692113,-1.10198,-1.50403,-0.819819,-1.46983,-0.133225,-0.0728634,-0.241644,-0.272041,-0.0449893,-0.372275,-0.542334,-0.139718,-0.409437,0.174811,0.0281758,
-0.199827,0.0705604,-0.316307,-0.200656,0.0739896,0.142451,0.214286,-0.478953,-0.348778,-0.391676,0.16165,-0.508677,0.217893,-0.180223,-0.351732,-0.777129,-0.569425,-0.656091,-0.253575,0.250225,0.209123,0.0127771,-0.285514,0.198766,0.692113,-1.10198,-1.50403,-0.819819,-1.46983,-0.146666,-0.0406073,-0.277966,-0.266891,-0.0575298,-0.494434,-0.609554,-0.219876,-0.481106,0.231869,0.0281758,
-0.199827,0.0705604,-0.316307,-0.200656,0.0739896,0.142451,0.214286,-0.49861,-0.318439,-0.453526,0.132099,-0.508677,0.217893,-0.179309,-0.351732,-0.777129,-0.569425,-0.656091,-0.253575,0.250225,0.209123,0.0127771,-0.285514,0.198766,0.737194,-1.03126,-1.68196,-0.744768,-1.44464,-0.124488,-0.0820039,-0.208521,-0.266891,-0.0575298,-0.494434,-0.609554,-0.219876,-0.481106,0.175992,0.0281758,
-0.199827,0.0705604,-0.316307,-0.200656,0.0739896,0.210644,0.191354,-0.49861,-0.318439,-0.453526,0.132099,-0.508677,0.217893,-0.179309,-0.351732,-0.777129,-0.569425,-0.656091,-0.253575,0.243366,0.190936,-0.0613088,-0.33185,0.225824,0.737194,-1.03126,-1.68196,-0.744768,-1.44464,-0.146594,-0.0211148,-0.251914,-0.235284,0.0457439,-0.470085,-0.609554,-0.219876,-0.481106,0.175992,0.0281758,
-0.199827,0.0705604,-0.316307,-0.281363,0.0739896,0.210644,0.191354,-0.49861,-0.318439,-0.453526,0.132099,-0.508677,0.217893,-0.242189,-0.351732,-0.777129,-0.569425,-0.656091,-0.253575,0.249186,0.176706,-0.0967566,-0.341338,0.225824,0.737194,-1.03126,-1.68196,-0.744768,-1.44464,-0.146594,-0.0211148,-0.251914,-0.235284,0.0457439,-0.470085,-0.609554,-0.219876,-0.481106,0.175992,0.0149544,
-0.199827,0.0705604,-0.316307,-0.281363,0.0739896,0.210644,0.219309,-0.49861,-0.318439,-0.453526,0.132099,-0.508677,0.217893,-0.242189,-0.351732,-0.777129,-0.569425,-0.656091,-0.253575,0.249186,0.176706,-0.0967566,-0.341338,0.225824,0.704385,-1.1493,-1.63534,-0.668774,-1.50883,-0.210702,-0.027713,-0.31026,-0.235284,0.0457439,-0.470085,-0.609554,-0.219876,-0.481106,0.175992,0.0149544,
-0.199827,0.0705604,-0.316307,-0.231498,0.0739896,0.210644,0.219309,-0.604813,-0.370851,-0.525871,0.132099,-0.508677,0.217893,-0.242189,-0.351732,-0.777129,-0.569425,-0.656091,-0.253575,0.249186,0.176706,-0.0967566,-0.341338,0.241138,0.704385,-1.1493,-1.63534,-0.668774,-1.50883,-0.210702,-0.027713,-0.31026,-0.235284,0.0457439,-0.470085,-0.609554,-0.219876,-0.481106,0.175992,0.0149544,
-0.199827,0.0705604,-0.316307,-0.292446,0.0739896,0.205539,0.219309,-0.603265,-0.379136,-0.502175,0.132099,-0.508677,0.217893,-0.236585,-0.351732,-0.777129,-0.569425,-0.656091,-0.253575,0.249186,0.176706,-0.0967566,-0.341338,0.241138,0.704385,-1.1493,-1.63534,-0.668774,-1.50883,-0.210702,-0.027713,-0.31026,-0.3466,0.0454557,-0.524399,-0.609554,-0.219876,-0.481106,0.253892,0.0149544,
-0.199827,0.0705604,-0.316307,-0.292446,0.0739896,0.205539,0.219309,-0.603265,-0.379136,-0.502175,0.132099,-0.508677,0.217893,-0.236585,-0.390412,-0.723784,-0.540928,-0.501966,-0.305442,0.249186,0.176706,-0.0967566,-0.341338,0.241138,0.704385,-1.1493,-1.63534,-0.668774,-1.50883,-0.241801,-0.142004,-0.309124,-0.281231,-0.0572043,-0.457843,-0.609554,-0.219876,-0.481106,0.253892,-0.007014,
-0.199827,0.0705604,-0.316307,-0.292446,0.123428,0.190608,0.219309,-0.603265,-0.379136,-0.502175,0.132099,-0.508677,0.217893,-0.236585,-0.390412,-0.723784,-0.540928,-0.501966,-0.305442,0.249186,0.0963251,-0.102645,-0.462761,0.241138,0.757745,-1.13313,-1.58831,-0.70396,-1.37318,-0.241801,-0.142004,-0.309124,-0.307093,0.00751304,-0.428815,-0.609554,-0.219876,-0.481106,0.253892,-0.007014,
-0.199827,0.0705604,-0.316307,-0.246672,0.0886437,0.190608,0.219309,-0.603265,-0.379136,-0.502175,0.132099,-0.508677,0.217893,-0.236585,-0.390412,-0.723784,-0.540928,-0.501966,-0.305442,0.249186,0.071986,-0.165116,-0.425706,0.318005,0.72531,-1.08152,-1.59965,-0.638634,-1.40816,-0.314876,-0.135027,-0.382555,-0.307093,0.00751304,-0.428815,-0.606102,-0.21637,-0.389552,0.253892,-0.007014,
-0.218198,0.0618759,-0.38742,-0.246672,0.0886437,0.190608,0.195753,-0.603265,-0.379136,-0.502175,0.132099,-0.508677,0.217893,-0.236585,-0.390412,-0.723784,-0.540928,-0.501966,-0.305442,0.249186,0.071986,-0.165116,-0.425706,0.318005,0.72531,-1.08152,-1.59965,-0.638634,-1.40816,-0.314876,-0.135027,-0.382555,-0.307093,0.00751304,-0.428815,-0.695416,-0.210053,-0.499639,0.253892,0.0318865,
-0.218198,0.0618759,-0.38742,-0.246672,0.0886437,0.190608,0.195753,-0.603265,-0.379136,-0.502175,0.132099,-0.555846,0.198963,-0.236585,-0.390412,-0.723784,-0.540928,-0.501966,-0.305442,0.249186,0.071986,-0.165116,-0.425706,0.318005,0.72531,-1.08152,-1.59965,-0.638634,-1.40816,-0.314876,-0.135027,-0.382555,-0.315091,-0.041795,-0.503563,-0.695416,-0.210053,-0.499639,0.253892,0.0318865,
-0.218198,0.0618759,-0.38742,-0.246672,0.0927626,0.190608,0.195753,-0.603265,-0.379136,-0.502175,0.159452,-0.555846,0.198963,-0.190607,-0.390412,-0.723784,-0.540928,-0.501966,-0.305442,0.249186,0.071986,-0.165116,-0.425706,0.286033,0.748015,-0.965846,-1.58196,-0.815579,-1.46389,-0.314876,-0.135027,-0.382555,-0.315091,-0.041795,-0.503563,-0.695416,-0.210053,-0.499639,0.253892,0.0318865,
-0.284064,0.0240734,-0.441955,-0.246672,0.0927626,0.190608,0.228568,-0.603265,-0.379136,-0.502175,0.159452,-0.555846,0.198963,-0.190607,-0.300916,-0.631941,-0.542438,-0.412125,-0.218332,0.249186,0.071986,-0.165116,-0.425706,0.286033,0.748015,-0.965846,-1.58196,-0.815579,-1.46389,-0.314876,-0.135027,-0.382555,-0.315091,-0.041795,-0.503563,-0.695416,-0.210053,-0.499639,0.253892,0.0318865,
-0.284064,0.0240734,-0.441955,-0.299366,0.0927626,0.190608,0.233049,-0.635659,-0.374468,-0.539445,0.159452,-0.555846,0.198963,-0.223679,-0.300916,-0.631941,-0.542438,-0.412125,-0.218332,0.274735,0.0708206,-0.242694,-0.508043,0.286033,0.748015,-0.965846,-1.58196,-0.815579,-1.46389,-0.314876,-0.135027,-0.382555,-0.315091,-0.041795,-0.503563,-0.695416,-0.210053,-0.499639,0.253892,0.0318865,
-0.284064,0.0240734,-0.441955,-0.299366,0.0927626,0.190608,0.233049,-0.653771,-0.336832,-0.509764,0.156,-0.555846,0.198963,-0.223679,-0.300916,-0.631941,-0.542438,-0.412125,-0.218332,0.274735,0.0708206,-0.242694,-0.508043,0.286033,0.748015,-0.965846,-1.58196,-0.815579,-1.46389,-0.314876,-0.135027,-0.382555,-0.315091,-0.041795,-0.503563,-0.695416,-0.210053,-0.499639,0.253892,0.0318865,
-0.284064,0.0240734,-0.441955,-0.299366,0.107446,0.190608,0.233049,-0.653771,-0.336832,-0.509764,0.156,-0.603459,0.169731,-0.223679,-0.300916,-0.631941,-0.542438,-0.412125,-0.218332,0.274735,0.0708206,-0.242694,-0.508043,0.286033,0.740895,-1.03933,-1.5779,-0.742717,-1.43233,-0.314876,-0.135027,-0.382555,-0.315091,-0.041795,-0.503563,-0.695416,-0.210053,-0.499639,0.253892,0.0318865,
-0.284064,0.0240734,-0.441955,-0.299366,0.107446,0.190608,0.219793,-0.653771,-0.336832,-0.509764,0.156,-0.603459,0.169731,-0.223679,-0.300916,-0.631941,-0.542438,-0.412125,-0.218332,0.274735,0.0267729,-0.325807,-0.473732,0.286033,0.770564,-1.05999,-1.64,-0.718662,-1.50926,-0.314876,-0.135027,-0.382555,-0.315091,-0.041795,-0.503563,-0.695416,-0.210053,-0.499639,0.253892,0.0318865,
-0.284064,0.0240734,-0.441955,-0.299366,0.107446,0.190608,0.219793,-0.614904,-0.3142,-0.530879,0.156,-0.561785,0.156611,-0.223679,-0.300916,-0.631941,-0.542438,-0.412125,-0.218332,0.291009,0.0939446,-0.29266,-0.472249,0.295478,0.770564,-1.05999,-1.64,-0.718662,-1.50926,-0.49464,-0.0504718,-0.552092,-0.315091,-0.041795,-0.503563,-0.727932,-0.131994,-0.561357,0.253892,0.0318865,
-0.284064,0.0240734,-0.441955,-0.299366,0.107446,0.2254,0.219793,-0.613358,-0.297949,-0.520565,0.156,-0.599155,0.122704,-0.223679,-0.300916,-0.631941,-0.542438,-0.412125,-0.218332,0.291009,0.0939446,-0.29266,-0.472249,0.295478,0.770564,-1.05999,-1.64,-0.718662,-1.50926,-0.49464,-0.0504718,-0.552092,-0.315091,-0.041795,-0.503563,-0.727932,-0.131994,-0.561357,0.253892,0.0288726,
-0.284064,0.0240734,-0.441955,-0.298267,0.107446,0.2254,0.219793,-0.613358,-0.297949,-0.520565,0.156,-0.599155,0.122704,-0.223679,-0.27314,-0.628473,-0.473876,-0.338384,-0.172853,0.291009,0.105572,-0.231048,-0.426069,0.295478,0.770564,-1.05999,-1.64,-0.718662,-1.50926,-0.467816,-0.10645,-0.557378,-0.315091,-0.041795,-0.503563,-0.727932,-0.131994,-0.561357,0.253892,0.0288726,
-0.284064,0.0240734,-0.441955,-0.298267,0.109814,0.2254,0.219793,-0.613358,-0.297949,-0.520565,0.156,-0.599155,0.122704,-0.209963,-0.27314,-0.628473,-0.473876,-0.338384,-0.172853,0.291009,0.167174,-0.240458,-0.395855,0.295478,0.782001,-1.02135,-1.7006,-0.684267,-1.55967,-0.407765,-0.0791636,-0.496384,-0.315091,-0.041795,-0.503563,-0.727932,-0.131994,-0.561357,0.242492,0.0288726,
-0.284064,0.0240734,-0.441955,-0.298267,0.109814,0.2254,0.219793,-0.613358,-0.297949,-0.520565,0.156,-0.599155,0.122704,-0.209963,-0.27314,-0.628473,-0.473876,-0.338384,-0.172853,0.279813,0.138818,-0.221672,-0.444471,0.295478,0.781441,-1.00357,-1.63883,-0.654077,-1.53228,-0.407765,-0.0791636,-0.496384,-0.315091,-0.041795,-0.503563,-0.683427,-0.186994,-0.545826,0.242492,0.0288726,
-0.284064,0.0240734,-0.441955,-0.298267,0.109814,0.2254,0.219793,-0.613358,-0.297949,-0.520565,0.156,-0.66171,0.106071,-0.209438,-0.27314,-0.628473,-0.473876,-0.338384,-0.172853,0.279813,0.22194,-0.209323,-0.442631,0.295478,0.781441,-1.00357,-1.63883,-0.654077,-1.53228,-0.407765,-0.0791636,-0.496384,-0.315091,-0.041795,-0.503563,-0.679537,-0.146711,-0.503837,0.242492,0.0288726,
-0.284064,0.0240734,-0.441955,-0.298267,0.109814,0.2254,0.219793,-0.613358,-0.297949,-0.520565,0.156,-0.66171,0.106071,-0.23383,-0.27314,-0.628473,-0.473876,-0.338384,-0.172853,0.279813,0.22194,-0.209323,-0.442631,0.295478,0.781441,-1.00357,-1.63883,-0.654077,-1.53228,-0.504089,-0.178934,-0.548537,-0.315091,-0.041795,-0.503563,-0.679537,-0.146711,-0.503837,0.242492,0.0288726,
-0.284064,0.0240734,-0.441955,-0.323842,0.109814,0.2254,0.203946,-0.613358,-0.297949,-0.520565,0.156,-0.66171,0.106071,-0.23383,-0.260586,-0.569526,-0.393561,-0.349178,-0.159166,0.279813,0.22194,-0.209323,-0.442631,0.295478,0.786987,-0.955876,-1.70818,-0.651419,-1.55562,-0.504089,-0.178934,-0.548537,-0.315091,-0.041795,-0.503563,-0.679537,-0.146711,-0.503837,0.242492,0.0216549,
-0.284064,0.0240734,-0.441955,-0.291214,0.109814,0.191264,0.203946,-0.613358,-0.297949,-0.520565,0.156,-0.675319,0.135259,-0.23383,-0.260586,-0.569526,-0.393561,-0.349178,-0.159166,0.279813,0.219943,-0.237275,-0.435288,0.295478,0.786987,-0.955876,-1.70818,-0.651419,-1.55562,-0.504089,-0.178934,-0.548537,-0.315091,-0.041795,-0.503563,-0.679537,-0.146711,-0.503837,0.242492,0.0216549,
-0.287134,0.0327409,-0.450081,-0.319681,0.109814,0.191264,0.203946,-0.550973,-0.264741,-0.457119,0.156,-0.675319,0.135259,-0.23383,-0.260586,-0.569526,-0.393561,-0.349178,-0.159166,0.279813,0.219943,-0.237275,-0.435288,0.295478,0.786987,-0.955876,-1.70818,-0.651419,-1.55562,-0.442844,-0.179512,-0.510986,-0.315091,-0.041795,-0.503563,-0.679537,-0.146711,-0.503837,0.242492,0.0216549,
-0.287134,0.0327409,-0.450081,-0.319681,0.0873538,0.191264,0.256837,-0.550973,-0.264741,-0.457119,0.167876,-0.709904,0.138436,-0.23383,-0.28816,-0.606761,-0.405905,-0.306393,-0.1053,0.279813,0.219943,-0.237275,-0.435288,0.295478,0.786987,-0.955876,-1.70818,-0.651419,-1.55562,-0.442844,-0.179512,-0.510986,-0.315091,-0.041795,-0.503563,-0.648041,-0.104103,-0.495501,0.242492,0.00745844,
-0.284566,-0.0354146,-0.508162,-0.325759,0.0873538,0.191264,0.256837,-0.550973,-0.264741,-0.457119,0.167876,-0.650971,0.158053,-0.23383,-0.28816,-0.606761,-0.405905,-0.306393,-0.1053,0.274598,0.192115,-0.212196,-0.426246,0.295478,0.786987,-0.955876,-1.70818,-0.651419,-1.55562,-0.442844,-0.179512,-0.510986,-0.371634,0.0189153,-0.561966,-0.648041,-0.104103,-0.495501,0.242492,0.00745844,
-0.284566,-0.0354146,-0.508162,-0.325759,0.0945949,0.191264,0.256837,-0.550973,-0.264741,-0.457119,0.167876,-0.650971,0.158053,-0.23383,-0.313662,-0.605799,-0.427054,-0.338948,-0.0897503,0.274598,0.192115,-0.212196,-0.426246,0.354783,0.667837,-0.906343,-1.68031,-0.6575,-1.48642,-0.442844,-0.179512,-0.510986,-0.317791,-0.0243171,-0.533423,-0.648041,-0.104103,-0.495501,0.242492,0.00745844,
-0.284566,-0.0354146,-0.508162,-0.326772,0.0945949,0.214291,0.235493,-0.550973,-0.264741,-0.457119,0.167876,-0.633045,0.192891,-0.244557,-0.313662,-0.605799,-0.427054,-0.338948,-0.0897503,0.28645,0.194742,-0.25819,-0.50013,0.321957,0.611507,-0.917694,-1.67339,-0.627253,-1.50457,-0.442844,-0.179512,-0.510986,-0.317791,-0.0243171,-0.533423,-0.648041,-0.104103,-0.495501,0.242492,0.0126598,
-0.280719,-0.017467,-0.473801,-0.326772,0.114503,0.214291,0.235493,-0.550973,-0.264741,-0.457119,0.167876,-0.633045,0.192891,-0.244557,-0.313662,-0.605799,-0.427054,-0.338948,-0.0897503,0.28645,0.194742,-0.25819,-0.50013,0.307564,0.568122,-0.899833,-1.6814,-0.676312,-1.48855,-0.422863,-0.149038,-0.539636,-0.317791,-0.0243171,-0.533423,-0.648041,-0.104103,-0.495501,0.242492,0.0172499,
-0.280719,-0.017467,-0.473801,-0.326772,0.114503,0.214291,0.253641,-0.550973,-0.264741,-0.457119,0.167876,-0.633045,0.192891,-0.244557,-0.313662,-0.605799,-0.427054,-0.338948,-0.0897503,0.28645,0.16302,-0.212968,-0.522932,0.30775,0.568122,-0.899833,-1.6814,-0.676312,-1.48855,-0.422863,-0.149038,-0.539636,-0.317791,-0.0243171,-0.533423,-0.644808,-0.0686787,-0.466574,0.249046,0.0123543,
-0.317892,-0.0796987,-0.495395,-0.326772,0.114503,0.214291,0.253641,-0.550973,-0.264741,-0.457119,0.168228,-0.633045,0.192891,-0.244557,-0.234881,-0.595859,-0.443595,-0.345445,-0.0720954,0.28645,0.16302,-0.212968,-0.522932,0.334218,0.573538,-0.87336,-1.73639,-0.692065,-1.52525,-0.422863,-0.149038,-0.539636,-0.317791,-0.0243171,-0.533423,-0.643071,-0.0777652,-0.464373,0.263306,0.0123543,
-0.317892,-0.0796987,-0.495395,-0.319508,0.114503,0.214291,0.241,-0.543869,-0.29778,-0.454626,0.168228,-0.633045,0.192891,-0.244557,-0.234881,-0.595859,-0.443595,-0.345445,-0.0720954,0.28645,0.16302,-0.212968,-0.522932,0.360656,0.630711,-0.871614,-1.74971,-0.714016,-1.51906,-0.422863,-0.149038,-0.539636,-0.317791,-0.0243171,-0.533423,-0.643071,-0.0777652,-0.464373,0.263306,0.0123543,
-0.317892,-0.0796987,-0.495395,-0.326159,0.120735,0.214291,0.241,-0.543869,-0.29778,-0.454626,0.168228,-0.633045,0.192891,-0.271104,-0.234881,-0.595859,-0.443595,-0.345445,-0.0720954,0.28645,0.16302,-0.212968,-0.522932,0.336802,0.708072,-0.81677,-1.76246,-0.714857,-1.56143,-0.422863,-0.149038,-0.539636,-0.317791,-0.0243171,-0.533423,-0.643071,-0.0777652,-0.464373,0.263306,0.0123543,
-0.367677,-0.0475071,-0.525248,-0.326159,0.120735,0.235571,0.241,-0.644005,-0.20883,-0.475913,0.168228,-0.633045,0.192891,-0.271104,-0.234881,-0.595859,-0.443595,-0.345445,-0.0720954,0.278766,0.16302,-0.212968,-0.522932,0.336802,0.736395,-0.789683,-1.77055,-0.69531,-1.60427,-0.422863,-0.149038,-0.539636,-0.317791,-0.0243171,-0.533423,-0.625471,-0.0388518,-0.420719,0.263306,0.0123543,
-0.367677,-0.0475071,-0.525248,-0.326159,0.104272,0.235571,0.241,-0.661559,-0.248263,-0.520962,0.175819,-0.633045,0.192891,-0.271104,-0.192318,-0.604501,-0.452895,-0.320901,-0.11581,0.278766,0.16302,-0.212968,-0.522932,0.344037,0.754104,-0.843275,-1.79336,-0.662522,-1.6154,-0.422863,-0.149038,-0.539636,-0.349509,0.00761344,-0.546826,-0.625471,-0.0388518,-0.420719,0.259403,0.0235862,
-0.367677,-0.0475071,-0.525248,-0.325295,0.124871,0.213823,0.241,-0.661559,-0.248263,-0.520962,0.190824,-0.695304,0.142134,-0.271104,-0.192318,-0.604501,-0.452895,-0.320901,-0.11581,0.278766,0.16302,-0.212968,-0.522932,0.355859,0.754104,-0.843275,-1.79336,-0.662522,-1.6154,-0.422863,-0.149038,-0.539636,-0.349509,0.00761344,-0.546826,-0.629261,-0.0577074,-0.438326,0.259403,0.0148984,
-0.367677,-0.0475071,-0.525248,-0.33512,0.124871,0.213823,0.239203,-0.677608,-0.287731,-0.544042,0.190824,-0.695304,0.142134,-0.271104,-0.182592,-0.615086,-0.446832,-0.336817,-0.0894833,0.278766,0.24124,-0.246744,-0.506983,0.363067,0.736473,-0.885088,-1.81527,-0.702095,-1.61069,-0.422863,-0.149038,-0.539636,-0.35385,0.0355696,-0.600873,-0.629261,-0.0577074,-0.438326,0.258089,0.022566,
-0.367677,-0.0475071,-0.525248,-0.33512,0.124871,0.197363,0.239203,-0.677608,-0.287731,-0.544042,0.190824,-0.695304,0.142134,-0.271104,-0.127089,-0.603266,-0.438185,-0.353069,-0.0826502,0.326153,0.24124,-0.246744,-0.506983,0.363067,0.736473,-0.885088,-1.81527,-0.702095,-1.61069,-0.498576,-0.131147,-0.550412,-0.35385,0.0355696,-0.600873,-0.625317,-0.0607735,-0.430595,0.258033,0.022566,
-0.367677,-0.0475071,-0.525248,-0.341074,0.1393,0.21817,0.241509,-0.677608,-0.287731,-0.544042,0.190824,-0.695304,0.142134,-0.271104,-0.127089,-0.603266,-0.438185,-0.353069,-0.0826502,0.326153,0.222009,-0.270498,-0.500422,0.374693,0.736473,-0.885088,-1.81527,-0.702095,-1.61069,-0.498576,-0.131147,-0.550412,-0.374288,0.0721894,-0.585668,-0.625317,-0.0607735,-0.430595,0.258033,0.022566,
-0.367677,-0.0475071,-0.525248,-0.341074,0.132629,0.210449,0.241509,-0.677608,-0.287731,-0.544042,0.190824,-0.695304,0.142134,-0.241857,-0.134448,-0.614344,-0.401084,-0.362999,-0.109702,0.326153,0.224828,-0.222707,-0.503089,0.358154,0.766396,-0.910408,-1.82412,-0.744194,-1.66158,-0.488945,-0.120696,-0.532944,-0.385717,0.0595066,-0.546841,-0.625317,-0.0607735,-0.430595,0.258033,0.0375025,
-0.367677,-0.0475071,-0.525248,-0.341074,0.132629,0.210449,0.241509,-0.677608,-0.287731,-0.544042,0.183175,-0.695304,0.142134,-0.241857,-0.134448,-0.614344,-0.401084,-0.362999,-0.109702,0.310992,0.224828,-0.222707,-0.503089,0.358154,0.766396,-0.910408,-1.82412,-0.744194,-1.66158,-0.488945,-0.120696,-0.532944,-0.385717,0.0595066,-0.546841,-0.625317,-0.0607735,-0.430595,0.258033,0.0375025,
-0.367677,-0.0475071,-0.525248,-0.341074,0.132629,0.223921,0.241509,-0.677608,-0.287731,-0.544042,0.183175,-0.695304,0.142134,-0.241857,-0.134448,-0.614344,-0.401084,-0.362999,-0.109702,0.310992,0.224828,-0.222707,-0.503089,0.310017,0.734482,-0.883835,-1.85171,-0.782551,-1.64494,-0.461966,-0.123331,-0.539619,-0.385717,0.0595066,-0.546841,-0.625317,-0.0607735,-0.430595,0.258033,0.0375025,
-0.367677,-0.0475071,-0.525248,-0.341074,0.132629,0.232383,0.241509,-0.698005,-0.302234,-0.574953,0.203315,-0.695304,0.142134,-0.241857,-0.134448,-0.614344,-0.401084,-0.362999,-0.109702,0.310992,0.224828,-0.222707,-0.503089,0.32271,0.734482,-0.883835,-1.85171,-0.782551,-1.64494,-0.461966,-0.123331,-0.539619,-0.385717,0.0595066,-0.546841,-0.625317,-0.0607735,-0.430595,0.257087,0.030246,
-0.341775,-0.0296104,-0.533331,-0.341074,0.122461,0.239915,0.262746,-0.698005,-0.302234,-0.574953,0.203315,-0.648157,0.17609,-0.241857,-0.110972,-0.622312,-0.378132,-0.338235,-0.161222,0.320274,0.224828,-0.222707,-0.503089,0.346504,0.734482,-0.883835,-1.85171,-0.782551,-1.64494,-0.461966,-0.123331,-0.539619,-0.385717,0.0595066,-0.546841,-0.625317,-0.0607735,-0.430595,0.257087,0.0133503,
-0.341775,-0.0296104,-0.533331,-0.341074,0.138428,0.234626,0.256846,-0.698005,-0.302234,-0.574953,0.202635,-0.648157,0.17609,-0.276073,-0.110972,-0.622312,-0.378132,-0.338235,-0.161222,0.320274,0.224828,-0.222707,-0.503089,0.373431,0.731471,-0.852747,-1.88896,-0.768968,-1.65345,-0.461966,-0.123331,-0.539619,-0.402033,0.0731652,-0.581899,-0.625317,-0.0607735,-0.430595,0.25243,0.0133503,
-0.347617,0.0011015,-0.509487,-0.3638,0.136072,0.234626,0.256846,-0.698005,-0.302234,-0.574953,0.202635,-0.648157,0.17609,-0.261633,-0.110972,-0.622312,-0.378132,-0.338235,-0.161222,0.320274,0.224828,-0.222707,-0.503089,0.375734,0.728108,-0.855336,-1.90041,-0.728217,-1.66433,-0.438897,-0.0430417,-0.528297,-0.39157,0.0493756,-0.596362,-0.625317,-0.0607735,-0.430595,0.25243,0.0133503,
-0.350161,0.000599209,-0.51937,-0.3638,0.136072,0.234626,0.256093,-0.698005,-0.302234,-0.574953,0.202635,-0.648157,0.17609,-0.261633,-0.117502,-0.615817,-0.386122,-0.366007,-0.160442,0.320274,0.224828,-0.222707,-0.503089,0.36439,0.715942,-0.764218,-1.90106,-0.729239,-1.65395,-0.438897,-0.0430417,-0.528297,-0.39157,0.0493756,-0.596362,-0.625317,-0.0607735,-0.430595,0.27312,0.0133503,
-0.368519,0.00590516,-0.525826,-0.364106,0.11326,0.220253,0.257948,-0.697026,-0.30573,-0.539548,0.202635,-0.648157,0.17609,-0.260869,-0.0830883,-0.600163,-0.400285,-0.355034,-0.169578,0.320274,0.224828,-0.222707,-0.503089,0.36439,0.728387,-0.750308,-1.87658,-0.713393,-1.62985,-0.438897,-0.0430417,-0.528297,-0.39157,0.0493756,-0.596362,-0.625317,-0.0607735,-0.430595,0.284983,0.0133503,
-0.368519,0.00590516,-0.525826,-0.364106,0.127831,0.256413,0.279386,-0.697026,-0.30573,-0.539548,0.202635,-0.648157,0.17609,-0.260869,-0.0830883,-0.600163,-0.400285,-0.355034,-0.169578,0.320274,0.224828,-0.222707,-0.503089,0.380712,0.728387,-0.750308,-1.87658,-0.713393,-1.62985,-0.438897,-0.0430417,-0.528297,-0.39157,0.0493756,-0.596362,-0.625317,-0.0607735,-0.430595,0.284983,0.0162897,
-0.368519,0.00590516,-0.525826,-0.36309,0.127831,0.250527,0.279386,-0.692793,-0.395559,-0.555769,0.188738,-0.648157,0.17609,-0.275353,-0.08344,-0.608649,-0.389742,-0.358248,-0.134095,0.315441,0.240281,-0.265465,-0.561219,0.363061,0.713288,-0.705358,-1.88064,-0.703887,-1.62999,-0.438897,-0.0430417,-0.528297,-0.39157,0.0493756,-0.596362,-0.625317,-0.0607735,-0.430595,0.284983,0.0271514,
-0.368519,0.00590516,-0.525826,-0.36309,0.132658,0.26308,0.279386,-0.692793,-0.395559,-0.555769,0.200481,-0.648157,0.17609,-0.275353,-0.08344,-0.608649,-0.389742,-0.358248,-0.134095,0.315441,0.240281,-0.265465,-0.561219,0.377886,0.681357,-0.688741,-1.84811,-0.74423,-1.64284,-0.422943,-0.0207654,-0.519289,-0.364372,0.0573508,-0.584885,-0.625317,-0.0607735,-0.430595,0.284983,0.0271514,
-0.368519,0.00590516,-0.525826,-0.36309,0.113762,0.26308,0.279386,-0.70421,-0.361983,-0.586894,0.200481,-0.649155,0.222137,-0.275353,-0.0866083,-0.58354,-0.398601,-0.373451,-0.137886,0.317433,0.240281,-0.265465,-0.561219,0.388582,0.681357,-0.688741,-1.84811,-0.74423,-1.64284,-0.393077,-0.00629724,-0.483113,-0.364372,0.0573508,-0.584885,-0.625317,-0.0607735,-0.430595,0.284983,0.0271514,
-0.368519,0.00590516,-0.525826,-0.356356,0.113762,0.246544,0.264827,-0.70421,-0.361983,-0.586894,0.200481,-0.649155,0.222137,-0.275353,-0.0866083,-0.58354,-0.398601,-0.373451,-0.137886,0.317433,0.240281,-0.265465,-0.561219,0.351937,0.681357,-0.688741,-1.84811,-0.74423,-1.64284,-0.393077,-0.00629724,-0.483113,-0.364372,0.0573508,-0.584885,-0.599565,0.0150407,-0.41812,0.276994,0.0287909,
-0.368519,0.00590516,-0.525826,-0.356356,0.113762,0.238983,0.255843,-0.680384,-0.344076,-0.545297,0.200481,-0.649155,0.222137,-0.267493,-0.0892706,-0.56068,-0.379144,-0.331486,-0.119126,0.317433,0.240281,-0.265465,-0.561219,0.347108,0.678468,-0.664157,-1.81901,-0.763282,-1.62797,-0.393077,-0.00629724,-0.483113,-0.369183,0.0408513,-0.587794,-0.599565,0.0150407,-0.41812,0.300726,0.0287909,
-0.399601,-0.0129343,-0.535054,-0.356356,0.114849,0.239038,0.262748,-0.705456,-0.328797,-0.570505,0.200481,-0.650512,0.264153,-0.240779,-0.101555,-0.592232,-0.352105,-0.318258,-0.110926,0.317433,0.28091,-0.263285,-0.530075,0.347108,0.682066,-0.695964,-1.87136,-0.737114,-1.6495,-0.393077,-0.00629724,-0.483113,-0.374948,0.0248854,-0.598238,-0.628324,0.0225902,-0.424912,0.290854,0.017665,
-0.399601,-0.0129343,-0.535054,-0.344599,0.105198,0.269366,0.262748,-0.707323,-0.29305,-0.579466,0.198628,-0.684427,0.228535,-0.281883,-0.113731,-0.576648,-0.335062,-0.338511,-0.0989508,0.309153,0.238008,-0.262937,-0.549094,0.358598,0.690052,-0.671871,-1.88566,-0.740088,-1.67011,-0.424374,-0.0288351,-0.487223,-0.387042,0.033936,-0.589089,-0.628324,0.0225902,-0.424912,0.298318,0.00640664,
-0.400884,0.0037729,-0.545833,-0.322142,0.137404,0.206906,0.272431,-0.734152,-0.312007,-0.605274,0.199201,-0.658765,0.252483,-0.252496,-0.144278,-0.597963,-0.323939,-0.336725,-0.0665674,0.311301,0.226195,-0.271493,-0.548865,0.360841,0.690052,-0.671871,-1.88566,-0.740088,-1.67011,-0.441982,-0.0346948,-0.484447,-0.387042,0.033936,-0.589089,-0.628324,0.0225902,-0.424912,0.274391,0.0264304,
-0.400884,0.0037729,-0.545833,-0.340364,0.138228,0.224029,0.270338,-0.734152,-0.312007,-0.605274,0.199201,-0.679594,0.203066,-0.27885,-0.135456,-0.599893,-0.335118,-0.30513,-0.0539654,0.311301,0.226195,-0.271493,-0.548865,0.387412,0.690068,-0.677372,-1.88305,-0.736547,-1.65616,-0.434934,-0.0411668,-0.507761,-0.387042,0.033936,-0.589089,-0.628324,0.0225902,-0.424912,0.272087,0.0264304,
-0.400884,0.0037729,-0.545833,-0.339218,0.13049,0.244146,0.268368,-0.748098,-0.330211,-0.595377,0.199201,-0.673853,0.243302,-0.283708,-0.135456,-0.599893,-0.335118,-0.30513,-0.0539654,0.3126,0.233861,-0.258669,-0.573867,0.387412,0.690068,-0.677372,-1.88305,-0.736547,-1.65616,-0.439231,-0.0292538,-0.501779,-0.387042,0.033936,-0.589089,-0.628324,0.0225902,-0.424912,0.296274,0.00835031,
-0.400884,0.0037729,-0.545833,-0.332602,0.133874,0.239306,0.278259,-0.751978,-0.368393,-0.611991,0.19778,-0.673853,0.243302,-0.28452,-0.135456,-0.599893,-0.335118,-0.30513,-0.0539654,0.295511,0.251759,-0.276969,-0.548984,0.380627,0.672934,-0.687536,-1.88805,-0.742156,-1.67693,-0.439231,-0.0292538,-0.501779,-0.433156,-0.00623111,-0.609039,-0.628324,0.0225902,-0.424912,0.295559,0.0178065,
-0.405998,0.00991382,-0.542183,-0.342041,0.117932,0.239306,0.278259,-0.760709,-0.408197,-0.629416,0.18464,-0.698171,0.207777,-0.292362,-0.0961811,-0.60487,-0.341134,-0.334304,-0.0517404,0.310035,0.251759,-0.276969,-0.548984,0.379612,0.672934,-0.687536,-1.88805,-0.742156,-1.67693,-0.428824,-0.0112126,-0.476845,-0.433156,-0.00623111,-0.609039,-0.628324,0.0225902,-0.424912,0.295559,0.0178065,
-0.405998,0.00991382,-0.542183,-0.324876,0.13696,0.239306,0.2772,-0.760709,-0.408197,-0.629416,0.190866,-0.698171,0.207777,-0.258512,-0.0961811,-0.60487,-0.341134,-0.334304,-0.0517404,0.310035,0.233425,-0.28413,-0.54387,0.390879,0.672934,-0.687536,-1.88805,-0.742156,-1.67693,-0.428824,-0.0112126,-0.476845,-0.429079,-0.0255627,-0.626453,-0.628324,0.0225902,-0.424912,0.284245,0.012653,
-0.386381,0.0287597,-0.538137,-0.327738,0.131432,0.23419,0.249203,-0.760709,-0.408197,-0.629416,0.190866,-0.69791,0.225883,-0.259954,-0.0961811,-0.60487,-0.341134,-0.334304,-0.0517404,0.322751,0.233425,-0.28413,-0.54387,0.345292,0.672934,-0.687536,-1.88805,-0.742156,-1.67693,-0.428824,-0.0112126,-0.476845,-0.429079,-0.0255627,-0.626453,-0.628324,0.0225902,-0.424912,0.284245,0.019831,
-0.386381,0.0287597,-0.538137,-0.313288,0.11152,0.22091,0.285826,-0.760709,-0.408197,-0.629416,0.190866,-0.71496,0.214507,-0.257331,-0.0961811,-0.60487,-0.341134,-0.334304,-0.0517404,0.298394,0.264736,-0.261,-0.541414,0.361625,0.672934,-0.687536,-1.88805,-0.742156,-1.67693,-0.413264,-0.0109038,-0.481849,-0.429079,-0.0255627,-0.626453,-0.628324,0.0225902,-0.424912,0.284245,0.0270361,
-0.386381,0.0287597,-0.538137,-0.322877,0.11152,0.232512,0.278463,-0.768831,-0.396595,-0.630444,0.195305,-0.71496,0.214507,-0.273626,-0.107506,-0.61367,-0.34203,-0.32546,-0.0405235,0.300116,0.260383,-0.250998,-0.560764,0.368359,0.672934,-0.687536,-1.88805,-0.742156,-1.67693,-0.413264,-0.0109038,-0.481849,-0.41013,-0.0107954,-0.632457,-0.633256,0.0297951,-0.415722,0.283653,0.017732,
-0.375965,0.0452162,-0.550068,-0.334607,0.11152,0.264406,0.282295,-0.755479,-0.385295,-0.6057,0.187506,-0.721393,0.216731,-0.272153,-0.107506,-0.61367,-0.34203,-0.32546,-0.0405235,0.339789,0.260383,-0.250998,-0.560764,0.354388,0.672934,-0.687536,-1.88805,-0.742156,-1.67693,-0.442941,-0.00271803,-0.507587,-0.411411,0.0374578,-0.637862,-0.633256,0.0297951,-0.415722,0.282359,0.0204353,
-0.375965,0.0452162,-0.550068,-0.343904,0.11152,0.251673,0.268795,-0.750132,-0.390338,-0.617588,0.208485,-0.71336,0.18083,-0.2743,-0.107506,-0.61367,-0.34203,-0.32546,-0.0405235,0.326389,0.277647,-0.248766,-0.577754,0.3764,0.677406,-0.677438,-1.8845,-0.736157,-1.6785,-0.427265,0.00486323,-0.498148,-0.411411,0.0374578,-0.637862,-0.633256,0.0297951,-0.415722,0.286901,0.0267214,
-0.399772,0.0255324,-0.579429,-0.364279,0.122487,0.262658,0.273721,-0.748894,-0.411791,-0.631691,0.202864,-0.71336,0.18083,-0.2743,-0.165055,-0.63844,-0.382729,-0.318211,-0.0304324,0.326529,0.277647,-0.248766,-0.577754,0.398839,0.678671,-0.67791,-1.88411,-0.733329,-1.68867,-0.428274,0.0160641,-0.50323,-0.441685,0.0301047,-0.638141,-0.633256,0.0297951,-0.415722,0.286901,0.00547122,
-0.403242,0.0174158,-0.585639,-0.397595,0.12833,0.262096,0.265903,-0.771259,-0.423105,-0.644385,0.181314,-0.71336,0.18083,-0.275126,-0.152665,-0.622828,-0.385315,-0.333076,-0.0458813,0.314698,0.299091,-0.249339,-0.571582,0.361696,0.678671,-0.67791,-1.88411,-0.733329,-1.68867,-0.422362,0.0059038,-0.503099,-0.433156,0.00564099,-0.636363,-0.633256,0.0297951,-0.415722,0.286809,0.0266696,
-0.403242,0.0174158,-0.585639,-0.397352,0.136162,0.271926,0.251272,-0.787534,-0.399101,-0.656025,0.183654,-0.71336,0.18083,-0.272604,-0.162806,-0.630349,-0.382425,-0.340501,-0.0683465,0.313463,0.299091,-0.249339,-0.571582,0.392287,0.678671,-0.67791,-1.88411,-0.733329,-1.68867,-0.422362,0.0059038,-0.503099,-0.444658,-0.00846791,-0.654077,-0.633256,0.0297951,-0.415722,0.286809,0.0242442,
-0.382092,0.0222803,-0.570805,-0.358137,0.116676,0.278585,0.274336,-0.798221,-0.409621,-0.651649,0.197801,-0.71336,0.18083,-0.255345,-0.144146,-0.621659,-0.372867,-0.350374,-0.0876823,0.335368,0.299091,-0.249339,-0.571582,0.398211,0.678671,-0.67791,-1.88411,-0.733329,-1.68867,-0.420625,0.0336855,-0.493729,-0.454305,-0.0217341,-0.634725,-0.633256,0.0297951,-0.415722,0.290654,0.00761513,
-0.382092,0.0222803,-0.570805,-0.361143,0.128605,0.267791,0.284949,-0.798221,-0.409621,-0.651649,0.21592,-0.721197,0.159361,-0.262553,-0.144146,-0.621659,-0.372867,-0.350374,-0.0876823,0.343639,0.299091,-0.249339,-0.571582,0.396896,0.662515,-0.678912,-1.88506,-0.759047,-1.6483,-0.416165,0.0359998,-0.502119,-0.454305,-0.0217341,-0.634725,-0.633256,0.0297951,-0.415722,0.292119,0.0206889,
-0.39246,-0.0268102,-0.571258,-0.361143,0.123793,0.244808,0.29248,-0.794581,-0.394344,-0.652909,0.203024,-0.743186,0.163534,-0.271403,-0.144146,-0.621659,-0.372867,-0.350374,-0.0876823,0.336641,0.291856,-0.258786,-0.558141,0.406816,0.660469,-0.663855,-1.89386,-0.793104,-1.65838,-0.408665,0.0382076,-0.494045,-0.454305,-0.0217341,-0.634725,-0.633256,0.0297951,-0.415722,0.285892,0.0206889,
-0.396219,-0.0385128,-0.570151,-0.353927,0.119441,0.22855,0.28766,-0.787792,-0.373426,-0.660584,0.198715,-0.7296,0.206333,-0.274255,-0.145909,-0.638998,-0.385075,-0.363226,-0.0859874,0.333667,0.29502,-0.280533,-0.571348,0.381871,0.648493,-0.660633,-1.90067,-0.792336,-1.65789,-0.408665,0.0382076,-0.494045,-0.454305,-0.0217341,-0.634725,-0.603402,0.0350934,-0.39744,0.285892,0.0206889,
-0.413735,-0.0522935,-0.575353,-0.381,0.114319,0.245561,0.271238,-0.766346,-0.35025,-0.643363,0.198715,-0.725601,0.22601,-0.276386,-0.154091,-0.657844,-0.391085,-0.368949,-0.0961109,0.332791,0.29502,-0.280533,-0.571348,0.386986,0.643953,-0.66497,-1.90477,-0.779054,-1.66629,-0.413985,0.0334943,-0.492469,-0.447665,-0.00680156,-0.632814,-0.606744,0.0398783,-0.411158,0.305766,0.00426123,
-0.425545,-0.0326593,-0.559818,-0.391362,0.0941261,0.242523,0.267646,-0.775937,-0.348922,-0.626817,0.194557,-0.725601,0.22601,-0.301547,-0.154091,-0.657844,-0.391085,-0.368949,-0.0961109,0.321123,0.3054,-0.279904,-0.586161,0.371022,0.60659,-0.663489,-1.90241,-0.768113,-1.69025,-0.407108,0.037445,-0.487239,-0.458022,-0.00325183,-0.638141,-0.626195,0.0098501,-0.40791,0.292305,0.0313688,
-0.42389,-0.0545867,-0.580468,-0.348996,0.106212,0.22574,0.267646,-0.751719,-0.345794,-0.60719,0.190431,-0.729352,0.22833,-0.277035,-0.154091,-0.657844,-0.391085,-0.368949,-0.0961109,0.328778,0.3054,-0.279904,-0.586161,0.37565,0.606662,-0.66679,-1.90664,-0.743779,-1.69206,-0.413462,0.0535223,-0.48494,-0.464588,-0.000949827,-0.64437,-0.634592,0.00450994,-0.414267,0.287958,0.0250109,
-0.415912,-0.0336823,-0.610198,-0.370647,0.133247,0.242001,0.273183,-0.752275,-0.347792,-0.618186,0.203089,-0.729352,0.22833,-0.276447,-0.154091,-0.657844,-0.391085,-0.368949,-0.0961109,0.315631,0.258413,-0.284477,-0.589213,0.37565,0.606662,-0.66679,-1.90664,-0.743779,-1.69206,-0.405183,0.0524546,-0.466644,-0.435129,0.0127217,-0.630934,-0.646447,-0.0105016,-0.43262,0.276812,0.0315885,
-0.417268,-0.0289437,-0.60792,-0.373627,0.116475,0.264893,0.298466,-0.737801,-0.356356,-0.617922,0.205199,-0.715428,0.240248,-0.312957,-0.127715,-0.670552,-0.40234,-0.375732,-0.101238,0.314603,0.255267,-0.3009,-0.613477,0.39074,0.605024,-0.677633,-1.91526,-0.7384,-1.6913,-0.405183,0.0524546,-0.466644,-0.435041,0.00968669,-0.661501,-0.646447,-0.0105016,-0.43262,0.277768,0.0200135,
-0.429472,-0.0404568,-0.612734,-0.370084,0.130144,0.264893,0.279681,-0.731059,-0.342564,-0.603682,0.198843,-0.715428,0.240248,-0.2955,-0.122408,-0.680404,-0.401886,-0.380201,-0.107091,0.325158,0.255267,-0.3009,-0.613477,0.379381,0.591587,-0.66843,-1.92007,-0.729404,-1.68077,-0.405183,0.0524546,-0.466644,-0.435041,0.00968669,-0.661501,-0.653954,-0.0118757,-0.456386,0.288302,0.0200135,
-0.431476,-0.033534,-0.620978,-0.359591,0.137376,0.264893,0.286392,-0.7342,-0.329206,-0.598565,0.186159,-0.736719,0.213004,-0.2955,-0.140441,-0.663604,-0.401716,-0.376071,-0.117832,0.325158,0.256119,-0.30873,-0.589952,0.401581,0.609037,-0.651974,-1.91892,-0.710372,-1.68567,-0.405183,0.0524546,-0.466644,-0.435754,-0.00604466,-0.652852,-0.641299,0.00226941,-0.449822,0.304004,0.019102,
-0.429252,-0.0122148,-0.612096,-0.367026,0.126371,0.247371,0.306343,-0.724715,-0.329763,-0.596338,0.198581,-0.736719,0.213004,-0.278005,-0.140441,-0.663604,-0.401716,-0.376071,-0.117832,0.355274,0.257874,-0.286622,-0.582313,0.388236,0.612281,-0.623519,-1.919,-0.710019,-1.69482,-0.398936,0.0456321,-0.480131,-0.435754,-0.00604466,-0.652852,-0.641299,0.00226941,-0.449822,0.294815,0.0176988,
-0.446002,-0.00472434,-0.614435,-0.357857,0.13435,0.266202,0.276646,-0.724715,-0.329763,-0.596338,0.198989,-0.761863,0.185336,-0.27817,-0.140441,-0.663604,-0.401716,-0.376071,-0.117832,0.355869,0.27241,-0.297173,-0.583981,0.376505,0.61591,-0.594005,-1.90111,-0.692888,-1.68278,-0.397425,0.0356659,-0.486385,-0.414751,-0.0120159,-0.645081,-0.651985,0.00865878,-0.455599,0.287231,0.0252869,
-0.437927,0.0012535,-0.617275,-0.344868,0.131272,0.264422,0.282797,-0.744749,-0.336185,-0.613194,0.193306,-0.761863,0.185336,-0.268428,-0.175143,-0.680948,-0.416726,-0.372582,-0.117104,0.365454,0.268785,-0.299289,-0.584513,0.381822,0.61591,-0.594005,-1.90111,-0.692888,-1.68278,-0.397425,0.0356659,-0.486385,-0.425771,-0.000329705,-0.63624,-0.651985,0.00865878,-0.455599,0.306481,0.00979748,
-0.436818,-0.0181632,-0.607949,-0.370202,0.11233,0.233087,0.265132,-0.731451,-0.328738,-0.618938,0.181968,-0.740071,0.186663,-0.267346,-0.161653,-0.680816,-0.414556,-0.383278,-0.070822,0.326962,0.284291,-0.28669,-0.594627,0.379673,0.629531,-0.580855,-1.91157,-0.694903,-1.69105,-0.407057,0.0269788,-0.482543,-0.444066,-0.0111203,-0.632631,-0.640001,0.000355953,-0.445441,0.298551,0.00347996,
-0.431038,-0.0269228,-0.606004,-0.350806,0.131009,0.223728,0.269056,-0.731555,-0.351817,-0.617605,0.186347,-0.771401,0.16942,-0.294408,-0.155305,-0.680526,-0.418988,-0.375775,-0.0540529,0.337238,0.281195,-0.283149,-0.604221,0.381296,0.621486,-0.58094,-1.91967,-0.705264,-1.69509,-0.411908,0.014626,-0.481537,-0.444066,-0.0111203,-0.632631,-0.634103,0.0121731,-0.434783,0.295099,0.0143458,
-0.431038,-0.0269228,-0.606004,-0.382899,0.119631,0.251195,0.273153,-0.734885,-0.347512,-0.604284,0.188112,-0.784262,0.153407,-0.300602,-0.161438,-0.689653,-0.417154,-0.3784,-0.0648135,0.328998,0.253587,-0.281364,-0.589362,0.409351,0.589336,-0.538029,-1.92452,-0.713658,-1.69879,-0.401901,0.017516,-0.476587,-0.439714,-0.000952823,-0.617616,-0.636799,0.0229463,-0.441195,0.295075,0.0298051,
-0.431038,-0.0269228,-0.606004,-0.384039,0.132124,0.259262,0.270637,-0.730677,-0.346968,-0.597291,0.181538,-0.77059,0.156629,-0.269569,-0.169376,-0.682939,-0.415723,-0.39432,-0.0683475,0.334912,0.262434,-0.302329,-0.587809,0.358253,0.60497,-0.523802,-1.91879,-0.71679,-1.70067,-0.399494,0.0124967,-0.481579,-0.441202,0.010411,-0.651523,-0.648758,0.0102874,-0.419908,0.27569,0.0245275,
-0.431038,-0.0269228,-0.606004,-0.39658,0.121383,0.259262,0.274354,-0.732805,-0.341923,-0.602662,0.188309,-0.772673,0.158952,-0.263057,-0.172908,-0.691806,-0.429915,-0.397872,-0.0626939,0.33333,0.276371,-0.288851,-0.591616,0.368547,0.651364,-0.5264,-1.91742,-0.694725,-1.68904,-0.40328,-0.00422566,-0.481449,-0.44969,-0.0014461,-0.636287,-0.648758,0.0102874,-0.419908,0.29487,0.0341315,
-0.427446,-0.0247399,-0.598946,-0.370145,0.129044,0.240579,0.28694,-0.732805,-0.341923,-0.602662,0.205545,-0.795484,0.143738,-0.27334,-0.179002,-0.692456,-0.425764,-0.394268,-0.0744433,0.311984,0.27989,-0.288132,-0.598533,0.372886,0.634472,-0.522697,-1.91157,-0.688367,-1.69337,-0.407889,-0.00198092,-0.488987,-0.463676,-0.0310734,-0.645017,-0.644941,0.0286581,-0.450667,0.313843,0.0101968,
-0.432208,-0.0276033,-0.606109,-0.37204,0.129044,0.264999,0.292938,-0.740304,-0.366217,-0.623221,0.193754,-0.806202,0.142078,-0.265927,-0.186236,-0.677642,-0.433651,-0.414163,-0.0921609,0.353648,0.284063,-0.289301,-0.599714,0.379117,0.668727,-0.512213,-1.89692,-0.696139,-1.6856,-0.399807,0.0126244,-0.482091,-0.44962,0.0196268,-0.643065,-0.648771,0.027516,-0.444469,0.307674,0.0124571,
-0.432208,-0.0276033,-0.606109,-0.355839,0.140314,0.264374,0.269694,-0.740304,-0.366217,-0.623221,0.176745,-0.806202,0.142078,-0.273272,-0.179109,-0.679221,-0.417107,-0.422676,-0.0999719,0.356499,0.277808,-0.295548,-0.604114,0.386662,0.642125,-0.492474,-1.88952,-0.663412,-1.66978,-0.399807,0.0126244,-0.482091,-0.460952,0.0293223,-0.645075,-0.622668,0.00599685,-0.444915,0.279417,0.0358483,
-0.434937,-0.0416533,-0.608749,-0.376898,0.145064,0.239803,0.276639,-0.733889,-0.374957,-0.608621,0.192986,-0.801891,0.127777,-0.275109,-0.182428,-0.686724,-0.428708,-0.42568,-0.103912,0.358745,0.255489,-0.26669,-0.581448,0.354396,0.642053,-0.490713,-1.88227,-0.671249,-1.64258,-0.383714,0.0248589,-0.473378,-0.443779,0.0179278,-0.634745,-0.622668,0.00599685,-0.444915,0.279488,0.0305538,
-0.431647,-0.0446287,-0.592097,-0.351225,0.129827,0.253936,0.273164,-0.730779,-0.384533,-0.627613,0.20582,-0.791329,0.146878,-0.295527,-0.179293,-0.703443,-0.454149,-0.425381,-0.113491,0.354683,0.251403,-0.274509,-0.582778,0.396314,0.642053,-0.490713,-1.88227,-0.671249,-1.64258,-0.400854,0.032704,-0.460111,-0.440397,0.00279237,-0.646198,-0.60962,0.0128958,-0.432543,0.305145,0.0179798,
-0.44529,-0.0367795,-0.611781,-0.355972,0.130088,0.234347,0.276118,-0.754019,-0.374479,-0.63377,0.214877,-0.806217,0.151977,-0.284076,-0.182658,-0.696363,-0.447816,-0.423689,-0.121535,0.352726,0.257087,-0.261147,-0.586976,0.392395,0.632535,-0.494181,-1.88067,-0.662553,-1.64624,-0.389451,0.0312263,-0.457507,-0.446381,-0.00994862,-0.644251,-0.617938,0.00810241,-0.425518,0.29456,0.0276403,
-0.42924,-0.0157347,-0.602876,-0.367784,0.131991,0.234347,0.266283,-0.769694,-0.372474,-0.646557,0.196713,-0.800185,0.161613,-0.284076,-0.182658,-0.696363,-0.447816,-0.423689,-0.121535,0.338464,0.243361,-0.284205,-0.596295,0.368282,0.623586,-0.505473,-1.87433,-0.660811,-1.64155,-0.389451,0.0312263,-0.457507,-0.453662,-0.0184059,-0.652599,-0.634288,0.0197048,-0.430181,0.327157,0.0248963,
-0.442904,-0.0228458,-0.604388,-0.386981,0.126051,0.234347,0.266283,-0.769677,-0.359172,-0.645623,0.192822,-0.798719,0.16021,-0.291414,-0.17883,-0.69054,-0.444802,-0.409866,-0.110611,0.336766,0.216496,-0.281924,-0.589919,0.393788,0.582703,-0.500882,-1.8564,-0.677327,-1.62363,-0.387007,0.0420132,-0.447121,-0.430366,-0.00875965,-0.650927,-0.634288,0.0197048,-0.430181,0.288961,0.0248963,
-0.444943,-0.0267162,-0.616406,-0.397416,0.119571,0.254629,0.266283,-0.773523,-0.366239,-0.643361,0.203515,-0.784861,0.15326,-0.291414,-0.187319,-0.7007,-0.439131,-0.421329,-0.119688,0.344792,0.216496,-0.281924,-0.589919,0.408921,0.582703,-0.500882,-1.8564,-0.677327,-1.62363,-0.392559,0.0641265,-0.458647,-0.46576,-0.0029668,-0.675615,-0.62889,0.0231812,-0.427096,0.307797,0.00945558,
-0.461025,-0.0279244,-0.614113,-0.397416,0.126491,0.254629,0.266283,-0.769684,-0.364089,-0.638592,0.196314,-0.785402,0.146736,-0.279063,-0.187319,-0.7007,-0.439131,-0.421329,-0.119688,0.341388,0.194517,-0.27383,-0.595419,0.417434,0.546805,-0.488468,-1.8608,-0.682639,-1.64076,-0.390357,0.0580945,-0.461653,-0.460898,-0.00257965,-0.685127,-0.625516,0.0277031,-0.417214,0.306245,0.031546,
-0.470801,-0.0393953,-0.619529,-0.390317,0.114145,0.263142,0.279227,-0.785012,-0.381051,-0.634364,0.193728,-0.804786,0.121613,-0.279063,-0.187319,-0.7007,-0.439131,-0.421329,-0.119688,0.344545,0.193487,-0.271783,-0.586796,0.391229,0.557925,-0.496833,-1.8658,-0.695673,-1.62643,-0.381908,0.0817901,-0.461181,-0.455852,0.00179436,-0.679347,-0.625516,0.0277031,-0.417214,0.299376,0.0261024,
-0.47747,-0.0185229,-0.630165,-0.375506,0.112307,0.263142,0.284426,-0.776445,-0.389156,-0.633618,0.193194,-0.823988,0.118458,-0.279063,-0.187319,-0.7007,-0.439131,-0.421329,-0.119688,0.298822,0.201788,-0.259752,-0.587892,0.370353,0.564316,-0.500199,-1.87302,-0.70213,-1.63564,-0.397975,0.0793698,-0.453242,-0.456171,0.0174557,-0.655145,-0.632739,0.0366151,-0.425735,0.314692,0.022883,
-0.464235,-0.0121849,-0.621033,-0.38382,0.133684,0.263962,0.265427,-0.806844,-0.393062,-0.659512,0.210636,-0.835329,0.135535,-0.281791,-0.177136,-0.69257,-0.417343,-0.39979,-0.113747,0.343477,0.207066,-0.270659,-0.590908,0.399331,0.572671,-0.486018,-1.88234,-0.696439,-1.64722,-0.397975,0.0793698,-0.453242,-0.453501,0.0120041,-0.649038,-0.628472,0.0240306,-0.438882,0.285131,0.0356076,
-0.446703,-0.0260857,-0.618089,-0.38382,0.138109,0.246227,0.276715,-0.806844,-0.393062,-0.659512,0.207564,-0.808731,0.113404,-0.294855,-0.177136,-0.69257,-0.417343,-0.39979,-0.113747,0.33405,0.21131,-0.253549,-0.571716,0.410133,0.572671,-0.486018,-1.88234,-0.696439,-1.64722,-0.397975,0.0793698,-0.453242,-0.468253,-0.0016886,-0.65014,-0.628472,0.0240306,-0.438882,0.30723,0.0237599,
-0.458371,-0.0439147,-0.616772,-0.388286,0.135132,0.246227,0.291108,-0.79944,-0.395054,-0.675068,0.20114,-0.791372,0.116535,-0.280701,-0.17916,-0.686437,-0.404861,-0.379857,-0.0988018,0.329546,0.19937,-0.274832,-0.571191,0.410133,0.559505,-0.500701,-1.89319,-0.718442,-1.66176,-0.381735,0.0722814,-0.457831,-0.477818,-0.00853044,-0.658275,-0.640073,0.0130804,-0.452347,0.295799,0.00840121,
-0.458371,-0.0439147,-0.616772,-0.358995,0.129323,0.246227,0.27202,-0.797055,-0.400697,-0.665601,0.20114,-0.803531,0.11708,-0.283013,-0.17916,-0.686437,-0.404861,-0.379857,-0.0988018,0.329546,0.21124,-0.266337,-0.571052,0.422713,0.556472,-0.515905,-1.87484,-0.719684,-1.65242,-0.387082,0.0674135,-0.47904,-0.477818,-0.00853044,-0.658275,-0.645235,0.00487101,-0.445595,0.285308,0.0182195,
-0.455653,-0.0406947,-0.640313,-0.358995,0.126568,0.246227,0.285077,-0.782775,-0.387675,-0.642448,0.197918,-0.778134,0.138462,-0.292864,-0.187651,-0.683473,-0.402315,-0.394458,-0.110567,0.351958,0.214587,-0.262015,-0.578,0.42695,0.588967,-0.521062,-1.89529,-0.702097,-1.66843,-0.397588,0.0638967,-0.471791,-0.478433,-0.018635,-0.667062,-0.645235,0.00487101,-0.445595,0.297117,0.00913545,
-0.447286,-0.0332391,-0.629394,-0.383812,0.133827,0.250374,0.287578,-0.794941,-0.397139,-0.668744,0.195157,-0.778134,0.138462,-0.288654,-0.18863,-0.694697,-0.410737,-0.379781,-0.106006,0.348045,0.232806,-0.262646,-0.572508,0.409833,0.598377,-0.543715,-1.88363,-0.688898,-1.65695,-0.395166,0.0748505,-0.491078,-0.447604,0.00225929,-0.641652,-0.661115,-0.0259343,-0.453709,0.284164,0.0247928,
-0.462373,-0.0622225,-0.619866,-0.358468,0.135971,0.231454,0.284993,-0.785351,-0.383867,-0.663469,0.212949,-0.778678,0.18659,-0.288654,-0.177382,-0.697459,-0.414675,-0.390678,-0.0827566,0.34923,0.24357,-0.258692,-0.572929,0.400066,0.60696,-0.539103,-1.87605,-0.696443,-1.65097,-0.389791,0.0887003,-0.454158,-0.434644,-0.0147232,-0.650775,-0.674071,0.00106918,-0.460954,0.30343,0.0251424,
-0.475286,-0.0845091,-0.647977,-0.378037,0.124783,0.275285,0.278973,-0.804254,-0.406276,-0.674884,0.211977,-0.793481,0.173536,-0.29323,-0.179921,-0.694875,-0.408517,-0.376387,-0.0738383,0.344801,0.254408,-0.251542,-0.56093,0.399461,0.600897,-0.550757,-1.88491,-0.679978,-1.66998,-0.381163,0.0625621,-0.457366,-0.432679,-0.0188457,-0.671484,-0.67064,-0.0110803,-0.455081,0.305074,0.0184625,
-0.475286,-0.0845091,-0.647977,-0.381859,0.123189,0.255612,0.276557,-0.800209,-0.405672,-0.685112,0.200192,-0.803318,0.148112,-0.271512,-0.176412,-0.688606,-0.39402,-0.371189,-0.0755803,0.328767,0.274269,-0.248539,-0.560876,0.401865,0.61725,-0.582912,-1.89804,-0.684358,-1.65444,-0.378284,0.0540981,-0.449527,-0.43779,0.0135408,-0.672805,-0.665099,0.0063201,-0.466175,0.292792,0.0107303,
-0.505344,-0.0974425,-0.652923,-0.374424,0.159248,0.256099,0.286556,-0.801516,-0.41214,-0.692195,0.207776,-0.810998,0.163995,-0.277892,-0.171286,-0.695186,-0.413666,-0.390869,-0.0777167,0.342326,0.260627,-0.264993,-0.578608,0.401865,0.553729,-0.610207,-1.90381,-0.668638,-1.68802,-0.419545,0.0585704,-0.488177,-0.454669,-0.000591703,-0.672852,-0.667499,-0.0243839,-0.470323,0.287238,0.0130883,
-0.505344,-0.0974425,-0.652923,-0.372608,0.147979,0.249023,0.286556,-0.801516,-0.41214,-0.692195,0.222525,-0.815657,0.141338,-0.285063,-0.166286,-0.691447,-0.434471,-0.391202,-0.0706456,0.338274,0.260627,-0.264993,-0.578608,0.39579,0.573647,-0.603896,-1.90207,-0.647154,-1.67049,-0.404824,0.0517313,-0.473351,-0.453936,0.000144444,-0.675432,-0.665358,-0.0182953,-0.482304,0.286801,0.0130883,
-0.501091,-0.0719917,-0.656928,-0.361604,0.125575,0.269878,0.270581,-0.823793,-0.429643,-0.707517,0.223574,-0.816708,0.153798,-0.273549,-0.155626,-0.686228,-0.421675,-0.402596,-0.0825645,0.342104,0.258596,-0.265545,-0.580149,0.390155,0.580185,-0.596998,-1.88756,-0.647097,-1.6525,-0.419862,0.0461467,-0.490223,-0.45253,-0.00217963,-0.681262,-0.663703,-0.0209597,-0.476139,0.302653,0.0205949,
-0.481449,-0.0650597,-0.663677,-0.353367,0.139381,0.253929,0.264331,-0.81033,-0.427764,-0.700023,0.211269,-0.805791,0.146363,-0.289865,-0.142002,-0.670954,-0.422982,-0.393363,-0.0774834,0.348078,0.287148,-0.264038,-0.569715,0.389556,0.575535,-0.586151,-1.89116,-0.633058,-1.66515,-0.419862,0.0461467,-0.490223,-0.431511,0.0134852,-0.65424,-0.678093,-0.0408431,-0.493219,0.296893,0.013129,
-0.481449,-0.0650597,-0.663677,-0.3679,0.135006,0.266492,0.264331,-0.81033,-0.427764,-0.700023,0.214665,-0.795536,0.123643,-0.294951,-0.142002,-0.670954,-0.422982,-0.393363,-0.0774834,0.316836,0.273745,-0.259124,-0.580472,0.371782,0.583023,-0.593595,-1.91568,-0.625739,-1.65117,-0.432202,0.0364494,-0.481969,-0.452752,0.0390495,-0.659725,-0.701241,-0.0307018,-0.488898,0.284814,0.00991975,
-0.491354,-0.0764469,-0.663505,-0.382889,0.119998,0.270443,0.267214,-0.820034,-0.432514,-0.695573,0.215246,-0.817815,0.12023,-0.299651,-0.146984,-0.674911,-0.425357,-0.379139,-0.0694136,0.332016,0.273745,-0.259124,-0.580472,0.372681,0.589376,-0.56678,-1.9044,-0.629802,-1.66278,-0.432202,0.0364494,-0.481969,-0.461956,0.014505,-0.665073,-0.678598,-0.00847516,-0.482144,0.284814,0.0185978,
-0.458729,-0.0886132,-0.65622,-0.382889,0.114832,0.254556,0.280001,-0.82771,-0.417536,-0.698646,0.201968,-0.817967,0.121231,-0.274405,-0.129583,-0.651759,-0.378174,-0.361435,-0.0785809,0.349593,0.267302,-0.258985,-0.56753,0.369639,0.56755,-0.581139,-1.92029,-0.616934,-1.67087,-0.411147,0.0538476,-0.46996,-0.466528,0.00709225,-0.673297,-0.672626,-0.00528508,-0.455574,0.284814,7.19735e-05,
-0.474028,-0.101706,-0.649703,-0.379731,0.137653,0.264086,0.274328,-0.828464,-0.416377,-0.691443,0.217014,-0.841737,0.125765,-0.273057,-0.127236,-0.652521,-0.369281,-0.344413,-0.0617323,0.33913,0.2511,-0.264448,-0.563879,0.400796,0.57441,-0.568827,-1.91647,-0.602157,-1.66293,-0.411147,0.0538476,-0.46996,-0.466528,0.00709225,-0.673297,-0.671507,-0.00458996,-0.46573,0.29601,0.0127621,
-0.461586,-0.0961451,-0.646805,-0.377479,0.137653,0.263249,0.291613,-0.832288,-0.41466,-0.680074,0.215987,-0.839824,0.129662,-0.281553,-0.133403,-0.636673,-0.356002,-0.338199,-0.0723515,0.347535,0.25763,-0.253896,-0.559904,0.400537,0.570641,-0.572005,-1.91555,-0.618512,-1.6514,-0.405991,0.0505575,-0.479054,-0.459637,0.0181489,-0.662291,-0.670617,-0.0271285,-0.47149,0.308211,0.0168915,
-0.461586,-0.0961451,-0.646805,-0.39418,0.137043,0.264683,0.293095,-0.831466,-0.423636,-0.686839,0.223228,-0.818208,0.110669,-0.281553,-0.136827,-0.643387,-0.353388,-0.341834,-0.0703895,0.355372,0.24472,-0.266706,-0.5714,0.404071,0.547806,-0.562551,-1.89934,-0.607535,-1.65705,-0.40807,0.0621014,-0.485,-0.450568,0.0477922,-0.663449,-0.674726,-0.0323314,-0.469388,0.311213,0.0263174,
-0.467486,-0.0859215,-0.645466,-0.380373,0.140644,0.249209,0.284022,-0.831466,-0.423636,-0.686839,0.223729,-0.810877,0.112032,-0.288019,-0.136827,-0.643387,-0.353388,-0.341834,-0.0703895,0.346245,0.246117,-0.260529,-0.561313,0.406777,0.551041,-0.563828,-1.89431,-0.612222,-1.66013,-0.399846,0.0615983,-0.499555,-0.44836,0.0484697,-0.646011,-0.694924,-0.032776,-0.479883,0.306726,0.00178535,
-0.482806,-0.0676288,-0.636232,-0.366735,0.139405,0.262266,0.292989,-0.821826,-0.419985,-0.679778,0.221495,-0.817478,0.123536,-0.26784,-0.137978,-0.653544,-0.355055,-0.348215,-0.0570413,0.345818,0.232853,-0.260917,-0.563164,0.404413,0.551041,-0.563828,-1.89431,-0.612222,-1.66013,-0.425273,0.0668778,-0.509007,-0.431369,0.0522918,-0.621297,-0.683365,-0.0373285,-0.464394,0.308063,0.038896,
-0.494558,-0.0767251,-0.665618,-0.377919,0.142921,0.255112,0.293685,-0.8186,-0.430417,-0.686845,0.224809,-0.821458,0.132166,-0.310874,-0.14252,-0.653117,-0.373027,-0.363463,-0.0768368,0.338091,0.248316,-0.247911,-0.553938,0.385664,0.55799,-0.576863,-1.90551,-0.613096,-1.6649,-0.420923,0.0337484,-0.512414,-0.428821,0.0305996,-0.627202,-0.683365,-0.0373285,-0.464394,0.308063,0.038896,
-0.503439,-0.0909388,-0.658082,-0.424239,0.129924,0.268346,0.277005,-0.822622,-0.419459,-0.692815,0.224809,-0.808467,0.129649,-0.306838,-0.133364,-0.647901,-0.372949,-0.367176,-0.0784721,0.339435,0.256461,-0.252181,-0.545521,0.385664,0.535657,-0.576101,-1.91001,-0.623147,-1.67319,-0.429126,0.0379295,-0.510859,-0.418942,0.0455006,-0.626623,-0.671494,-0.0335278,-0.451478,0.299237,0.0129152,
-0.512526,-0.0808898,-0.667963,-0.403946,0.126137,0.268921,0.287094,-0.839654,-0.409715,-0.717863,0.21774,-0.811477,0.125864,-0.270913,-0.138545,-0.662213,-0.387684,-0.390016,-0.0661933,0.333224,0.25964,-0.245545,-0.559185,0.379606,0.533678,-0.588399,-1.91741,-0.637714,-1.67278,-0.429639,0.0328502,-0.507321,-0.424519,0.0649509,-0.632813,-0.651329,-0.0348084,-0.445181,0.318653,0.031891,
-0.508033,-0.0890573,-0.68376,-0.403946,0.145384,0.242209,0.296865,-0.839329,-0.42498,-0.718151,0.181215,-0.83827,0.136615,-0.284092,-0.151189,-0.680939,-0.387765,-0.387986,-0.0592397,0.349022,0.264043,-0.242401,-0.558644,0.402962,0.539966,-0.591652,-1.89434,-0.6335,-1.69786,-0.406183,0.0355517,-0.488825,-0.420166,0.0594707,-0.633619,-0.648616,-0.0246646,-0.444749,0.29503,0.00986959,
-0.504305,-0.0931257,-0.683162,-0.394021,0.134105,0.249849,0.288599,-0.839329,-0.42498,-0.718151,0.191885,-0.808469,0.117438,-0.302012,-0.135104,-0.680966,-0.414492,-0.407224,-0.0693872,0.358056,0.283903,-0.251102,-0.568428,0.415603,0.562388,-0.620132,-1.90216,-0.649945,-1.66061,-0.417208,0.0431124,-0.495071,-0.418886,0.0496609,-0.628449,-0.653276,-0.0253762,-0.441076,0.295974,0.0178487,
-0.502306,-0.0711553,-0.701458,-0.379024,0.145091,0.246633,0.310711,-0.840945,-0.444082,-0.724233,0.205504,-0.807202,0.124547,-0.302012,-0.123685,-0.671175,-0.423837,-0.373996,-0.0500475,0.345459,0.267013,-0.257075,-0.579175,0.379057,0.57415,-0.628737,-1.90555,-0.639306,-1.67486,-0.417531,0.0556907,-0.480749,-0.457022,0.0233893,-0.638769,-0.658014,-0.0200805,-0.448888,0.317815,0.0327916,
-0.48553,-0.0518448,-0.669607,-0.379024,0.141236,0.263297,0.30436,-0.838982,-0.430356,-0.716017,0.20783,-0.804217,0.123244,-0.290811,-0.14515,-0.682156,-0.408926,-0.370901,-0.0854558,0.335622,0.257584,-0.24803,-0.581034,0.400645,0.57415,-0.628737,-1.90555,-0.639306,-1.67486,-0.412293,0.0504265,-0.482733,-0.458291,0.0251256,-0.635422,-0.657974,-0.0210164,-0.451326,0.316199,0.0303876,
-0.492023,-0.0690635,-0.674117,-0.401996,0.14364,0.26118,0.276302,-0.838982,-0.430356,-0.716017,0.221182,-0.844892,0.132553,-0.293625,-0.166229,-0.673356,-0.419197,-0.37273,-0.0579451,0.334104,0.247521,-0.259412,-0.593588,0.405543,0.551603,-0.641238,-1.87644,-0.671533,-1.65121,-0.4125,0.0503144,-0.47165,-0.452311,0.0312598,-0.629496,-0.652169,-0.00448707,-0.444143,0.299202,0.015889,
-0.488178,-0.0870748,-0.678507,-0.363998,0.129982,0.243676,0.290436,-0.838524,-0.439287,-0.723058,0.195421,-0.821158,0.138169,-0.284725,-0.168797,-0.680264,-0.410318,-0.373137,-0.0442016,0.324138,0.252481,-0.270267,-0.588831,0.397886,0.551603,-0.641238,-1.87644,-0.671533,-1.65121,-0.401336,0.024998,-0.487178,-0.452015,0.0297712,-0.627401,-0.651334,0.00210117,-0.440315,0.301186,0.00985053,
-0.505558,-0.0802431,-0.677938,-0.361388,0.128031,0.255498,0.263427,-0.853289,-0.442915,-0.710312,0.218769,-0.813312,0.128913,-0.286688,-0.159519,-0.673779,-0.400433,-0.386615,-0.0574974,0.342627,0.250903,-0.267551,-0.575876,0.391324,0.546473,-0.634396,-1.8574,-0.660389,-1.64306,-0.407417,0.0313394,-0.479376,-0.433464,0.0509257,-0.624084,-0.6579,0.00877187,-0.455329,0.315026,0.0103614,
-0.504987,-0.0782408,-0.676503,-0.387455,0.127551,0.252184,0.28241,-0.843173,-0.456555,-0.694152,0.203155,-0.811366,0.148483,-0.276429,-0.148643,-0.677673,-0.388049,-0.37616,-0.0750518,0.32556,0.274189,-0.266169,-0.560819,0.393639,0.526223,-0.624954,-1.89042,-0.666639,-1.64045,-0.407417,0.0313394,-0.479376,-0.450311,0.0486799,-0.64313,-0.6579,0.00877187,-0.455329,0.306179,0.00324024,
-0.504987,-0.0782408,-0.676503,-0.356876,0.134766,0.263567,0.294366,-0.8443,-0.461228,-0.71594,0.194612,-0.811366,0.148483,-0.304352,-0.165882,-0.68778,-0.399377,-0.37899,-0.0467146,0.34397,0.269098,-0.266454,-0.575807,0.398303,0.507132,-0.624266,-1.89144,-0.671277,-1.65553,-0.407737,0.0317526,-0.478387,-0.443824,0.0469644,-0.631117,-0.673292,0.000813789,-0.461125,0.293438,0.0115584,
-0.505547,-0.0749579,-0.671704,-0.372713,0.134766,0.263567,0.273181,-0.840081,-0.446678,-0.698126,0.166556,-0.811366,0.148483,-0.288581,-0.168076,-0.661973,-0.402207,-0.37358,-0.0667281,0.342699,0.26468,-0.262184,-0.58403,0.386063,0.507132,-0.624266,-1.89144,-0.671277,-1.65553,-0.394342,0.0148888,-0.483276,-0.448592,0.0365578,-0.640275,-0.658875,-0.00657087,-0.450536,0.294742,0.00467761,
-0.493808,-0.0796067,-0.682751,-0.357329,0.13675,0.229128,0.292775,-0.854349,-0.45667,-0.710743,0.188634,-0.811366,0.148483,-0.294221,-0.162905,-0.672547,-0.402656,-0.370152,-0.0715379,0.352265,0.294023,-0.26107,-0.582731,0.398757,0.494802,-0.616121,-1.90158,-0.663183,-1.64281,-0.393749,0.00238359,-0.476203,-0.437921,0.0489926,-0.642082,-0.658875,-0.00657087,-0.450536,0.287491,0.0181478,
-0.487379,-0.0767486,-0.683944,-0.37076,0.142758,0.266614,0.292775,-0.846568,-0.450117,-0.724821,0.215419,-0.809115,0.162984,-0.282451,-0.162905,-0.672547,-0.402656,-0.370152,-0.0715379,0.341123,0.294023,-0.26107,-0.582731,0.403104,0.499888,-0.628383,-1.88533,-0.682422,-1.64786,-0.382107,0.0214109,-0.471842,-0.437921,0.0489926,-0.642082,-0.668456,-0.00440585,-0.457913,0.296535,0.0227657,
-0.490436,-0.0662431,-0.662549,-0.38745,0.12244,0.26502,0.272242,-0.845343,-0.433494,-0.712111,0.203384,-0.824529,0.150244,-0.278166,-0.1584,-0.671296,-0.409328,-0.372297,-0.0817968,0.340465,0.294023,-0.26107,-0.582731,0.404684,0.490501,-0.629928,-1.88871,-0.687221,-1.64358,-0.395484,0.0186097,-0.473263,-0.437921,0.0489926,-0.642082,-0.676702,-0.00678392,-0.447309,0.298926,0.0128731,
-0.487247,-0.0671309,-0.664164,-0.38745,0.132668,0.256654,0.272242,-0.843526,-0.436586,-0.713274,0.216322,-0.811623,0.148466,-0.290228,-0.1584,-0.671296,-0.409328,-0.372297,-0.0817968,0.320524,0.277879,-0.279999,-0.581456,0.406841,0.475125,-0.622408,-1.89948,-0.672862,-1.66217,-0.401299,0.000851821,-0.492446,-0.432883,0.0515764,-0.636725,-0.655798,-0.00601611,-0.442936,0.304473,0.0205667,
-0.490332,-0.0618353,-0.6876,-0.3539,0.134645,0.248341,0.278563,-0.842678,-0.437531,-0.722233,0.2166,-0.821579,0.121382,-0.280091,-0.112834,-0.666513,-0.424681,-0.359047,-0.117244,0.32524,0.277879,-0.279999,-0.581456,0.410891,0.474374,-0.6142,-1.90025,-0.678927,-1.68365,-0.39838,0.0259092,-0.48001,-0.413899,0.0643761,-0.647899,-0.654256,-0.0120931,-0.445913,0.307697,0.0291432,
-0.482572,-0.0687903,-0.667959,-0.366541,0.137348,0.257589,0.281614,-0.855416,-0.444822,-0.72892,0.190412,-0.82231,0.123142,-0.286049,-0.116482,-0.662372,-0.424955,-0.370008,-0.104897,0.33141,0.258437,-0.305028,-0.60298,0.382934,0.45923,-0.581857,-1.89497,-0.690874,-1.66111,-0.402148,0.0143589,-0.486164,-0.413899,0.0643761,-0.647899,-0.64593,-0.00169861,-0.424917,0.283348,0.0335025,
-0.459986,-0.0719657,-0.687604,-0.393831,0.141753,0.257589,0.277122,-0.85515,-0.461374,-0.720771,0.181603,-0.815611,0.128336,-0.285837,-0.140048,-0.677915,-0.416388,-0.385223,-0.0906741,0.338321,0.252736,-0.302414,-0.598015,0.378471,0.46119,-0.612296,-1.88271,-0.676909,-1.66295,-0.423504,0.0156883,-0.48887,-0.419446,0.0395968,-0.638209,-0.645106,0.00709287,-0.435869,0.266948,0.0433934,
-0.464014,-0.0955378,-0.681653,-0.393669,0.13843,0.240906,0.277244,-0.85515,-0.461374,-0.720771,0.187047,-0.807956,0.116065,-0.293131,-0.120848,-0.673564,-0.42418,-0.376165,-0.123114,0.338778,0.245593,-0.288027,-0.600655,0.378741,0.429172,-0.625226,-1.85592,-0.673621,-1.62695,-0.413929,-0.011946,-0.506961,-0.427363,0.017719,-0.637394,-0.659971,-0.00840454,-0.464275,0.303549,0.017452,
-0.473262,-0.085253,-0.677678,-0.393669,0.142575,0.249083,0.288226,-0.86823,-0.461732,-0.73131,0.209232,-0.797944,0.120444,-0.294328,-0.141892,-0.670468,-0.417733,-0.392836,-0.103558,0.325568,0.235811,-0.295815,-0.587097,0.410375,0.459232,-0.620011,-1.85637,-0.666063,-1.6054,-0.422425,-0.0180172,-0.496792,-0.423606,0.0106729,-0.647431,-0.659971,-0.00840454,-0.464275,0.288216,0.0135522,
-0.486624,-0.0956158,-0.680701,-0.36233,0.142575,0.269726,0.281667,-0.866348,-0.466016,-0.715756,0.204015,-0.807137,0.131676,-0.301576,-0.146786,-0.68227,-0.419543,-0.399107,-0.0992812,0.337048,0.25329,-0.291861,-0.585836,0.418798,0.451595,-0.626037,-1.8651,-0.677811,-1.63057,-0.422425,-0.0180172,-0.496792,-0.41541,0.0221876,-0.625586,-0.661973,-0.0144341,-0.463563,0.294627,0.021091,
-0.482328,-0.0773469,-0.685225,-0.362194,0.132251,0.273978,0.282377,-0.867202,-0.467233,-0.710319,0.205293,-0.810258,0.128046,-0.298255,-0.128909,-0.668046,-0.417128,-0.415457,-0.100794,0.323771,0.246214,-0.302743,-0.606442,0.401587,0.431079,-0.634892,-1.88571,-0.678593,-1.63091,-0.415521,-0.0132306,-0.495016,-0.411827,0.0339276,-0.648142,-0.670308,-0.0164794,-0.461697,0.289423,0.0271682,
-0.481857,-0.0833606,-0.699711,-0.349146,0.1288,0.279295,0.290315,-0.864752,-0.498992,-0.731954,0.220589,-0.822199,0.125112,-0.298255,-0.125922,-0.681052,-0.437404,-0.380715,-0.146586,0.351693,0.221608,-0.306707,-0.611452,0.409666,0.405152,-0.660405,-1.87114,-0.68703,-1.63149,-0.421512,-0.0195009,-0.496624,-0.403481,0.0326819,-0.636167,-0.660387,0.00336256,-0.460058,0.288687,0.0253618,
-0.489654,-0.0868924,-0.679057,-0.38002,0.129098,0.254421,0.290315,-0.859818,-0.477607,-0.727041,0.207555,-0.794807,0.152505,-0.284629,-0.132755,-0.6877,-0.454211,-0.383656,-0.149659,0.33628,0.223699,-0.303204,-0.628807,0.409666,0.405152,-0.660405,-1.87114,-0.68703,-1.63149,-0.425158,-0.0105806,-0.48462,-0.403481,0.0326819,-0.636167,-0.649304,0.0124318,-0.442221,0.321178,0.0136007,
-0.478005,-0.071694,-0.673829,-0.391776,0.123547,0.241857,0.282143,-0.853986,-0.466848,-0.720457,0.204407,-0.797389,0.156308,-0.290605,-0.132755,-0.6877,-0.454211,-0.383656,-0.149659,0.341381,0.212301,-0.316421,-0.632374,0.406095,0.405152,-0.660405,-1.87114,-0.68703,-1.63149,-0.430949,-0.016544,-0.508407,-0.406799,0.0433867,-0.622536,-0.647355,0.00548296,-0.439247,0.290492,0.0136294,
-0.487487,-0.0553978,-0.680169,-0.386089,0.139333,0.243423,0.270437,-0.856901,-0.449663,-0.715405,0.208987,-0.797389,0.156308,-0.28709,-0.149884,-0.699713,-0.444105,-0.396444,-0.132486,0.340363,0.212301,-0.316421,-0.632374,0.417543,0.405152,-0.660405,-1.87114,-0.68703,-1.63149,-0.433675,-0.0358376,-0.515913,-0.408155,0.0438411,-0.610503,-0.654197,0.000243819,-0.43503,0.315629,0.0273527,
-0.487487,-0.0553978,-0.680169,-0.38859,0.110079,0.250512,0.262657,-0.85495,-0.436155,-0.711427,0.197366,-0.792169,0.144241,-0.285967,-0.152035,-0.695977,-0.443577,-0.388063,-0.136635,0.346655,0.212301,-0.316421,-0.632374,0.425414,0.420886,-0.649414,-1.90481,-0.676457,-1.65244,-0.433675,-0.0358376,-0.515913,-0.429643,0.0312797,-0.644639,-0.659815,0.0114086,-0.441966,0.308872,0.0273527,
-0.474596,-0.029313,-0.683689,-0.381094,0.142726,0.250512,0.281573,-0.859375,-0.456208,-0.714084,0.198725,-0.814793,0.14389,-0.295886,-0.152035,-0.695977,-0.443577,-0.388063,-0.136635,0.352157,0.230835,-0.326203,-0.633453,0.433053,0.404581,-0.635381,-1.90346,-0.679011,-1.65501,-0.443541,-0.0334832,-0.514997,-0.432124,0.00657372,-0.665964,-0.653722,0.00490561,-0.44408,0.319958,0.0188501,
-0.475475,-0.0394618,-0.68035,-0.39257,0.141353,0.264593,0.279669,-0.856739,-0.455564,-0.697414,0.208977,-0.79453,0.170624,-0.298122,-0.155906,-0.69521,-0.455877,-0.377237,-0.108648,0.340176,0.234481,-0.315739,-0.641225,0.432963,0.404581,-0.635381,-1.90346,-0.679011,-1.65501,-0.429467,-0.0161055,-0.497356,-0.436458,0.00904408,-0.648831,-0.653722,0.00490561,-0.44408,0.316716,0.017584,
-0.471186,-0.0339606,-0.660227,-0.371331,0.151743,0.255699,0.272977,-0.847405,-0.44572,-0.706493,0.203421,-0.806107,0.178054,-0.302604,-0.154273,-0.706593,-0.437452,-0.379456,-0.08575,0.362954,0.236753,-0.299482,-0.633109,0.383098,0.410754,-0.630127,-1.89784,-0.674174,-1.64365,-0.428438,-0.00717603,-0.517284,-0.436458,0.00904408,-0.648831,-0.676043,0.0389069,-0.447817,0.301891,0.0159906,
-0.471909,-0.0463505,-0.646753,-0.401762,0.14019,0.271348,0.272983,-0.860835,-0.444928,-0.714576,0.205947,-0.79789,0.193799,-0.312238,-0.147987,-0.691929,-0.438447,-0.394326,-0.054078,0.370658,0.236078,-0.301357,-0.637064,0.404325,0.394143,-0.626485,-1.91648,-0.684905,-1.66815,-0.432228,-0.0206572,-0.518159,-0.447105,-0.0226002,-0.671247,-0.653922,0.0363989,-0.437466,0.310567,0.0209291,
-0.464847,-0.0427895,-0.657295,-0.42545,0.133599,0.289612,0.279111,-0.871381,-0.421016,-0.733605,0.2065,-0.803097,0.194517,-0.310024,-0.151194,-0.709416,-0.415921,-0.39672,-0.05565,0.329454,0.234052,-0.290033,-0.634712,0.385857,0.389658,-0.64784,-1.8952,-0.671582,-1.66584,-0.440714,-0.0349616,-0.523346,-0.454435,-0.00484291,-0.65141,-0.644678,0.00231605,-0.421718,0.29202,0.0207533,
-0.466639,-0.0369246,-0.661176,-0.384159,0.134606,0.276502,0.285352,-0.851831,-0.424264,-0.696916,0.20171,-0.821741,0.161395,-0.310024,-0.155772,-0.700263,-0.405838,-0.401385,-0.056042,0.347946,0.22661,-0.286551,-0.641774,0.394809,0.373241,-0.672881,-1.88834,-0.666098,-1.68099,-0.444206,-0.00569463,-0.530316,-0.455165,0.006056,-0.658928,-0.65388,0.0160784,-0.424516,0.299977,0.0162123,
-0.479199,-0.0419244,-0.673946,-0.387812,0.135098,0.2875,0.306191,-0.839111,-0.398017,-0.690745,0.20171,-0.828045,0.152633,-0.287291,-0.157037,-0.693317,-0.418375,-0.391528,-0.053028,0.347946,0.245238,-0.285896,-0.605028,0.407628,0.353201,-0.667218,-1.90484,-0.640757,-1.66922,-0.418127,-0.0200372,-0.514849,-0.456806,0.0223004,-0.655434,-0.652188,0.0245283,-0.414767,0.293259,0.0263101,
-0.468587,-0.0325646,-0.656754,-0.382767,0.138579,0.27386,0.306191,-0.839111,-0.398017,-0.690745,0.206368,-0.828445,0.159066,-0.300877,-0.157037,-0.693317,-0.418375,-0.391528,-0.053028,0.345726,0.255364,-0.275582,-0.607682,0.410468,0.365192,-0.673583,-1.92131,-0.645246,-1.67601,-0.427701,-0.0182514,-0.515506,-0.461636,0.0117009,-0.680655,-0.660414,0.0660318,-0.412314,0.287415,0.0345467,
-0.493088,-0.0610152,-0.666527,-0.373589,0.147475,0.264466,0.296708,-0.829674,-0.4203,-0.706881,0.205639,-0.826883,0.155858,-0.289269,-0.137598,-0.713626,-0.428072,-0.387976,-0.0533401,0.346918,0.274342,-0.257114,-0.593427,0.392849,0.326802,-0.657863,-1.92248,-0.642409,-1.66735,-0.432266,0.000794461,-0.525996,-0.451407,0.0203467,-0.675356,-0.649058,0.0742779,-0.426201,0.301287,0.0314755,
-0.480658,-0.0512695,-0.67515,-0.388384,0.12229,0.244646,0.28378,-0.833545,-0.430183,-0.697174,0.214496,-0.813285,0.16136,-0.302186,-0.176507,-0.709504,-0.425033,-0.382409,-0.0652945,0.357176,0.258323,-0.262762,-0.595471,0.393418,0.31671,-0.631051,-1.90435,-0.648765,-1.66581,-0.429377,0.00787845,-0.515293,-0.451407,0.0203467,-0.675356,-0.655388,0.0613601,-0.435858,0.301287,0.0275921,
-0.459552,-0.0517511,-0.659757,-0.387832,0.117398,0.268821,0.292098,-0.836979,-0.445694,-0.713228,0.209126,-0.811331,0.149801,-0.293487,-0.16453,-0.698284,-0.433159,-0.391621,-0.0555588,0.355302,0.257675,-0.272842,-0.603024,0.395007,0.31671,-0.631051,-1.90435,-0.648765,-1.66581,-0.437693,0.00667976,-0.507419,-0.459944,0.0319479,-0.68305,-0.673549,0.0623878,-0.43561,0.299002,0.0091382,
-0.464677,-0.0609474,-0.658282,-0.388758,0.115054,0.258612,0.270383,-0.836979,-0.445694,-0.713228,0.197561,-0.806636,0.116162,-0.300842,-0.183302,-0.704327,-0.453136,-0.395258,-0.0730391,0.355302,0.277786,-0.295341,-0.609208,0.403973,0.325283,-0.618039,-1.89076,-0.63537,-1.66789,-0.426348,0.00967051,-0.503621,-0.458233,0.0404666,-0.665812,-0.679704,0.0397383,-0.462111,0.293967,0.0278444,
-0.479414,-0.0712718,-0.667476,-0.395963,0.138477,0.24906,0.283879,-0.863778,-0.42899,-0.723921,0.198794,-0.823426,0.121503,-0.299629,-0.183302,-0.704327,-0.453136,-0.395258,-0.0730391,0.359291,0.272199,-0.309873,-0.606432,0.38592,0.323832,-0.620435,-1.90372,-0.642214,-1.67853,-0.422025,0.00221002,-0.49838,-0.438353,0.035358,-0.67002,-0.678639,0.0272982,-0.466879,0.293967,0.017672,
-0.479414,-0.0712718,-0.667476,-0.393782,0.13177,0.245178,0.291249,-0.851328,-0.443283,-0.732407,0.218971,-0.810442,0.132562,-0.299629,-0.18886,-0.703906,-0.459337,-0.39494,-0.0597884,0.343048,0.263565,-0.314174,-0.604888,0.408528,0.340816,-0.622332,-1.90244,-0.64205,-1.67163,-0.433611,-0.00144728,-0.505242,-0.450056,0.0372497,-0.647992,-0.677814,0.0297154,-0.459321,0.298779,0.0323692,
-0.490677,-0.0935829,-0.662083,-0.368403,0.146823,0.251969,0.283489,-0.844796,-0.438176,-0.724033,0.197042,-0.806103,0.142417,-0.287592,-0.18886,-0.703906,-0.459337,-0.39494,-0.0597884,0.349044,0.245003,-0.316783,-0.606371,0.374228,0.332617,-0.631467,-1.88777,-0.642223,-1.67235,-0.421638,-3.82552e-06,-0.498467,-0.445348,0.0515712,-0.638528,-0.68605,0.0239315,-0.469808,0.308409,0.0335467,
-0.482286,-0.0773499,-0.673942,-0.380898,0.144795,0.255774,0.293318,-0.835777,-0.44615,-0.709594,0.206616,-0.813622,0.132886,-0.292062,-0.181911,-0.712123,-0.446295,-0.399365,-0.05517,0.349044,0.245231,-0.312732,-0.631954,0.376874,0.364138,-0.633507,-1.89477,-0.621162,-1.65968,-0.413355,0.0118774,-0.495829,-0.446254,0.0565525,-0.647607,-0.6919,0.0255172,-0.455519,0.299562,0.0274242,
-0.482286,-0.0773499,-0.673942,-0.376615,0.142467,0.271527,0.288745,-0.838584,-0.434913,-0.708273,0.206616,-0.816287,0.121317,-0.27714,-0.181911,-0.712123,-0.446295,-0.399365,-0.05517,0.355403,0.245325,-0.302137,-0.609398,0.382831,0.375583,-0.626719,-1.87594,-0.619991,-1.65156,-0.413355,0.0118774,-0.495829,-0.436831,0.066492,-0.637477,-0.679995,0.0334864,-0.462275,0.29802,0.0178291,
-0.482286,-0.0773499,-0.673942,-0.39229,0.122609,0.274222,0.313405,-0.847957,-0.446134,-0.715177,0.201889,-0.833845,0.122504,-0.277384,-0.179427,-0.708762,-0.450422,-0.398084,-0.0767303,0.34458,0.245325,-0.302137,-0.609398,0.413048,0.387646,-0.622192,-1.86137,-0.592541,-1.64031,-0.419046,0.0218278,-0.500388,-0.43647,0.0734502,-0.657192,-0.689118,0.0378007,-0.475807,0.309542,0.0310209,
-0.484025,-0.0663349,-0.668119,-0.403175,0.133573,0.272569,0.306706,-0.839455,-0.417683,-0.699498,0.21281,-0.839049,0.101157,-0.268523,-0.179427,-0.708762,-0.450422,-0.398084,-0.0767303,0.352742,0.244274,-0.296668,-0.614331,0.40506,0.378253,-0.599107,-1.88246,-0.575051,-1.65285,-0.419046,0.0218278,-0.500388,-0.438367,0.0593579,-0.658577,-0.685605,0.0448308,-0.472667,0.303414,0.0261403,
-0.494047,-0.0752405,-0.66769,-0.40244,0.133573,0.247166,0.318294,-0.83738,-0.420733,-0.697586,0.215738,-0.836373,0.124455,-0.29523,-0.182881,-0.713222,-0.455396,-0.386026,-0.0756992,0.362211,0.248495,-0.308752,-0.606184,0.408403,0.375143,-0.609997,-1.86677,-0.553991,-1.64504,-0.413017,0.035446,-0.498643,-0.437604,0.0665812,-0.660902,-0.682673,0.038976,-0.472822,0.312861,0.0202625,
-0.494047,-0.0752405,-0.66769,-0.384481,0.141356,0.249017,0.316322,-0.829435,-0.425365,-0.684565,0.212196,-0.839867,0.124554,-0.29523,-0.17655,-0.714868,-0.447694,-0.376756,-0.0787385,0.348592,0.240284,-0.318969,-0.613176,0.395201,0.388999,-0.597692,-1.86014,-0.528188,-1.62333,-0.413017,0.035446,-0.498643,-0.459015,0.0361188,-0.676559,-0.691982,0.015,-0.468872,0.30565,0.0201335,
-0.488476,-0.0737251,-0.69093,-0.411996,0.147948,0.257252,0.306167,-0.824234,-0.433627,-0.690037,0.219804,-0.853983,0.143641,-0.303827,-0.176006,-0.708803,-0.442698,-0.381079,-0.0851583,0.369435,0.242087,-0.313087,-0.620576,0.402951,0.389756,-0.59162,-1.86339,-0.515901,-1.63315,-0.414415,0.0390446,-0.499059,-0.449348,0.0181421,-0.682129,-0.697853,0.0303187,-0.466515,0.311395,0.0373415,
-0.492022,-0.0811911,-0.684636,-0.419813,0.149518,0.260262,0.31302,-0.856108,-0.414255,-0.688351,0.206836,-0.854406,0.147198,-0.320011,-0.165067,-0.697072,-0.445599,-0.366231,-0.0737226,0.382539,0.24708,-0.322182,-0.631274,0.412285,0.378922,-0.586879,-1.8561,-0.536571,-1.60589,-0.425667,0.0476446,-0.493915,-0.449809,0.0144175,-0.660928,-0.697853,0.0303187,-0.466515,0.310789,0.017697,
-0.514882,-0.0679231,-0.705585,-0.417187,0.151836,0.259913,0.298616,-0.851566,-0.413703,-0.699351,0.211958,-0.855938,0.153504,-0.295788,-0.163619,-0.706822,-0.443848,-0.373408,-0.0724912,0.394556,0.279494,-0.30591,-0.631395,0.412285,0.380459,-0.575176,-1.86658,-0.538302,-1.62229,-0.430702,0.0429451,-0.505775,-0.448025,0.00447758,-0.651107,-0.691949,0.00312822,-0.474299,0.309613,0.0212182,
-0.535118,-0.0818121,-0.72532,-0.417187,0.158982,0.268631,0.303701,-0.863649,-0.417331,-0.689496,0.209325,-0.856719,0.151474,-0.308648,-0.163619,-0.706822,-0.443848,-0.373408,-0.0724912,0.375733,0.281075,-0.305288,-0.629887,0.413703,0.372326,-0.554467,-1.87488,-0.556231,-1.61681,-0.43087,0.0540543,-0.515516,-0.448025,0.00447758,-0.651107,-0.694921,0.0054499,-0.469084,0.309735,0.0160955,
-0.524178,-0.070316,-0.713757,-0.414964,0.133816,0.294436,0.294582,-0.869687,-0.413173,-0.70264,0.209325,-0.864369,0.160681,-0.315856,-0.15852,-0.717949,-0.456724,-0.371898,-0.0648251,0.381561,0.289763,-0.313281,-0.640713,0.425237,0.368453,-0.558537,-1.86454,-0.564408,-1.61032,-0.427434,0.0385781,-0.504138,-0.459421,0.00333231,-0.667818,-0.700668,-0.00918469,-0.473687,0.302664,0.0173485,
-0.524178,-0.070316,-0.713757,-0.39263,0.150271,0.268964,0.294582,-0.871024,-0.417567,-0.717175,0.218006,-0.842656,0.180936,-0.318221,-0.158986,-0.716384,-0.467398,-0.395716,-0.0852586,0.377812,0.266806,-0.316025,-0.636369,0.389765,0.360327,-0.54433,-1.86746,-0.54803,-1.61116,-0.425584,0.0488631,-0.480393,-0.45089,0.0148085,-0.68026,-0.70519,-0.032112,-0.483805,0.301041,0.0289574,
-0.534329,-0.0874667,-0.71653,-0.399261,0.132412,0.27159,0.292253,-0.854034,-0.416001,-0.689403,0.200627,-0.834023,0.178945,-0.318221,-0.162878,-0.710976,-0.466672,-0.384946,-0.0867875,0.356872,0.242755,-0.322491,-0.641237,0.424386,0.383792,-0.534389,-1.86806,-0.543058,-1.62721,-0.417072,0.0162528,-0.498518,-0.45128,0.0143016,-0.671197,-0.709669,-0.0203522,-0.468085,0.306134,0.0120129,
-0.548207,-0.0917116,-0.708758,-0.400696,0.159145,0.277996,0.285361,-0.849358,-0.403181,-0.695343,0.207679,-0.848815,0.169196,-0.318221,-0.200911,-0.724232,-0.459896,-0.389838,-0.116248,0.367842,0.231945,-0.302097,-0.637656,0.440277,0.393152,-0.547026,-1.87493,-0.535846,-1.6134,-0.406756,0.0168457,-0.493,-0.473855,0.0320294,-0.675832,-0.720527,0.00191371,-0.489505,0.306134,0.0247961,
-0.542073,-0.099987,-0.705077,-0.420407,0.136714,0.275268,0.319894,-0.872559,-0.422197,-0.714437,0.216969,-0.870875,0.159029,-0.313233,-0.206837,-0.739949,-0.452222,-0.393903,-0.11721,0.364401,0.233805,-0.30981,-0.644727,0.393468,0.390562,-0.544932,-1.87742,-0.525556,-1.62876,-0.411893,0.0213041,-0.488229,-0.4758,0.0267304,-0.68669,-0.684573,0.00438973,-0.477538,0.318967,0.0293064,
-0.52843,-0.0960486,-0.704449,-0.372893,0.144287,0.263672,0.301527,-0.850222,-0.408553,-0.696825,0.194378,-0.849141,0.133402,-0.313233,-0.206837,-0.739949,-0.452222,-0.393903,-0.11721,0.358585,0.228031,-0.305721,-0.653224,0.377499,0.412626,-0.523141,-1.86186,-0.556904,-1.62071,-0.411893,0.0213041,-0.488229,-0.446365,0.0457242,-0.671104,-0.689018,0.00689582,-0.471954,0.329362,0.0283548,
-0.52843,-0.0960486,-0.704449,-0.399636,0.139345,0.269957,0.294958,-0.852814,-0.425085,-0.689511,0.204324,-0.83995,0.156533,-0.306694,-0.192648,-0.740016,-0.467361,-0.391835,-0.13903,0.339734,0.238659,-0.298764,-0.643667,0.436384,0.398574,-0.521449,-1.86144,-0.556926,-1.61986,-0.400691,0.0154743,-0.484882,-0.476473,0.0415781,-0.688035,-0.671317,0.0339482,-0.466551,0.309037,0.00852565,
