ORF_Info,Phi_Post_Arith_Mean,Phi_Post_Median,Phi_Post_Geom_Mean,Phi_Post_Harm_Mean,Phi_Post_SD
SAKL0A00132g,0.386241999569767,0.380586811278357,0.36249217358633,0.334562258899803,0.129172586860423
SAKL0A00154g,1.33579470668025,1.3268089518685,1.32672586294875,1.31760864635886,0.155593796938053
SAKL0A00176g,0.831116501713574,0.821002208902296,0.807636544271232,0.782644035813563,0.193617739586642
SAKL0A00198g,0.70094922351743,0.705118375919239,0.680194425788313,0.657752364794328,0.165805882273712
SAKL0A00220g,1.53713032472485,1.52899840656442,1.52822091905671,1.51930844771599,0.165744877069946
SAKL0A00242g,0.705167466724111,0.702032661441559,0.689285923165891,0.671999019471572,0.14553782942164
SAKL0A00264g,0.975000374232849,0.975209827287773,0.97030383477494,0.965563257662805,0.0954365313073285
SAKL0A00286g,0.209492165340776,0.193036083211601,0.187314186789322,0.164012500818016,0.0966932228390532
SAKL0A00308g,2.61769540077972,2.60565987986505,2.60618222121441,2.5946373585214,0.24562521491285
SAKL0A00330g,0.327172978987967,0.320284817532265,0.303503893881798,0.276334761719009,0.119724312257321
SAKL0A00352g,0.793065390706969,0.800167626523307,0.778493599715323,0.762839045880489,0.147673377887438
SAKL0A00374g,0.896130853285988,0.895207747945875,0.886109067701012,0.875880492086893,0.133084511924652
SAKL0A00396g,1.09332609402461,1.08077661763135,1.07194088466079,1.04988062161255,0.213947316092904
SAKL0A00418g,0.653159235006139,0.653501600494362,0.637799955721552,0.621360742046208,0.138216427495179
SAKL0A00440g,0.890672761477753,0.891519006464162,0.886906844637522,0.883111995020129,0.0817145219997406
SAKL0A00462g,0.212917003911097,0.207788483006903,0.19868660311929,0.182552172151207,0.0752985545599349
SAKL0A00484g,0.642751906090208,0.641812906606058,0.634305895685215,0.625476025203249,0.102498285313199
SAKL0A00506g,0.98290348435056,0.972849311907252,0.94421425660944,0.901876172733519,0.267863185805006
SAKL0A00528g,0.268542263605464,0.263500267630402,0.247109157000631,0.222391433671175,0.103406081083034
SAKL0A00550g,0.459001826164805,0.446839795234827,0.421072795760145,0.379182541566908,0.18089802632253
SAKL0A00572g,0.964870513426757,0.96539506176594,0.959543066484555,0.954134653201827,0.100829799598219
SAKL0A00594g,1.01797647800916,1.01657355751531,1.00954624986896,1.00088817562309,0.129803103966372
SAKL0A00616g,1.16601960635112,1.1768501723812,1.1301763533019,1.09047110430827,0.278847811219065
SAKL0A00638g,0.229316020413294,0.213679382801672,0.203648598446871,0.176071862083579,0.108539489670793
SAKL0A00660g,1.46039577340241,1.45868105031977,1.45308270389005,1.44575575215646,0.146255889555641
SAKL0A00704g,0.361149236050963,0.361168823501679,0.345762146311399,0.328507670166328,0.101487608319581
SAKL0A00726g,0.595812152317754,0.597429283345189,0.58468336366792,0.572721391703787,0.112216638574671
SAKL0A00748g,1.75328272775193,1.74303376202004,1.74214405891662,1.73103497139376,0.198205327089507
SAKL0A00770g,0.983297648306354,0.983947510379468,0.970826696783632,0.958056175294012,0.155689454070806
SAKL0A00792g,0.68024280127206,0.678879561954082,0.661813572567846,0.641986047495773,0.154508316396884
SAKL0A00814g,1.32563113674552,1.31234419752831,1.29628458037856,1.26593075458494,0.276340673219215
SAKL0A00836g,0.337481195480363,0.31515662458416,0.302064909021009,0.264121242043958,0.15362632451969
SAKL0A00858g,0.578341096213539,0.577435351647215,0.565972134960236,0.552557644247271,0.116571281893008
SAKL0A00880g,0.395525949607132,0.394264984173808,0.373542891556608,0.345530311374652,0.123471610807477
SAKL0A00902g,0.432835063960047,0.433197361668397,0.424026948925213,0.41444537387352,0.0845617304958401
SAKL0A00924g,0.860858136661512,0.858386699308923,0.851753565573901,0.842356652360343,0.124007973066242
SAKL0A00946g,1.00861840938064,0.994916407243243,0.962559348534031,0.909236066846745,0.291830221776837
SAKL0A00968g,0.482577298468785,0.480903845985821,0.466948692447172,0.449528606007381,0.118241490665447
SAKL0A00990g,1.12978474032557,1.12730966847009,1.10667773388639,1.08185874278207,0.223180418051303
SAKL0A01012g,1.44256080843081,1.43112246205564,1.42894863692689,1.41521352117334,0.197940975958645
SAKL0A01034g,1.24884148066925,1.24945942947997,1.24273376569785,1.23658750858774,0.123309917507196
SAKL0A01056g,0.418518026833607,0.409853352293147,0.393861704935049,0.365191113539157,0.137342897394993
SAKL0A01078g,0.52704628515328,0.495361070642122,0.474833163989926,0.415361110120551,0.230287516705885
SAKL0A01100g,0.477453665008905,0.476065381977651,0.461343372350515,0.44367683025503,0.120267546736737
SAKL0A01122g,0.578323003052808,0.57788094806809,0.563706369432108,0.547295283250716,0.125367341631925
SAKL0A01144g,0.494792752156263,0.489599420842761,0.465949823245254,0.431302626078568,0.159673862815929
SAKL0A01166g,0.621083251844632,0.619657465479155,0.60075773834462,0.577218150476963,0.152606511411708
SAKL0A01188g,0.872591303405641,0.872330048068689,0.864684389192328,0.856618840128214,0.116612252431444
SAKL0A01210g,0.887900087869878,0.873049410387656,0.825274329167922,0.752480332423133,0.319319715877611
SAKL0A01232g,0.38489747190209,0.376720123725757,0.362908153929244,0.337033753584191,0.124501396837807
SAKL0A01254g,0.574563673657352,0.57571960130751,0.568607035231693,0.562412115681369,0.0814669917883082
SAKL0A01276g,1.07415751668954,1.07462215111368,1.06480559198832,1.05523280887089,0.140653046712813
SAKL0A01298g,0.674371015255802,0.6688617805054,0.638884681437226,0.596534406740071,0.207228337059968
SAKL0A01320g,1.08990084853086,1.08738998626955,1.08075502639074,1.07144994016502,0.140491462200031
SAKL0A01342g,0.505591243852059,0.500359470402848,0.487098586986796,0.463966584326561,0.129346629044935
SAKL0A01364g,1.50535784200497,1.50550374821514,1.49107311059824,1.47649055651399,0.205967861543256
SAKL0A01386g,0.410992351833233,0.409108339229519,0.397775046095508,0.382288323101622,0.100113630173594
SAKL0A01408g,0.398179040913237,0.396056323281332,0.382594172468092,0.365815088622519,0.108803614393902
SAKL0A01430g,0.709000136867336,0.705123541964912,0.687992605654113,0.665026865726322,0.167869855506986
SAKL0A01452g,0.815025030683314,0.818515699566818,0.808656401651292,0.802161341711089,0.10110664727948
SAKL0A01474g,0.517920376846624,0.518490147022231,0.500333608746542,0.48055234664309,0.130053405635589
SAKL0A01496g,0.420148360335552,0.417854495394526,0.404953291365399,0.387966217951959,0.108789288362773
SAKL0A01518g,0.303185132842205,0.288017420118189,0.273216228285245,0.240700454318249,0.133021950849883
SAKL0A01628g,0.934184320881048,0.931829299694613,0.925506294193352,0.916648217798649,0.126348666375977
SAKL0A01650g,0.463746434974248,0.465032331753447,0.457049815350059,0.45002530718047,0.0772682681556319
SAKL0A01672g,0.421261191447274,0.399552476887791,0.382314255309413,0.338824962075094,0.176380713835151
SAKL0A01694g,0.719925038477004,0.717353198533732,0.696882472378799,0.671782852685525,0.176910914341988
SAKL0A01716g,0.523777213408256,0.512113352593326,0.487621592084505,0.444519396208742,0.185512532930493
SAKL0A01738g,1.0050846994081,1.0032429917246,0.998937080106644,0.992661656935204,0.110283577281317
SAKL0A01760g,0.470241852592555,0.469800181061498,0.453995835858,0.43554480973729,0.119139345240574
SAKL0A01782g,2.64404860285964,2.6301110271965,2.63327822829982,2.62251813425107,0.239078472276614
SAKL0A01804g,0.649547715662518,0.650162055336331,0.634765920036237,0.6187796014269,0.134785190704659
SAKL0A01826g,1.12386889207803,1.12336838868151,1.09051981927302,1.05456270819114,0.26671876743273
SAKL0A01848g,1.46233595061925,1.45293703994047,1.44988973236962,1.43735260581132,0.190603680456338
SAKL0A01870g,0.539032344348381,0.526256963374712,0.509841036952589,0.477415536679404,0.172492798559387
SAKL0A01892g,0.513710960745321,0.509964974534058,0.483932624400401,0.449030588744604,0.166525801702809
SAKL0A01914g,0.803117088811849,0.80234760236094,0.792462995020794,0.781349195787611,0.128821249973749
SAKL0A01936g,0.972211347186427,0.965541056410738,0.954751340094446,0.936873051392065,0.182864244451437
SAKL0A01958g,1.39606930645501,1.38505498732596,1.3739901664044,1.351281901059,0.245928503345693
SAKL0A01980g,1.81399975033659,1.80040229450854,1.7964564505582,1.77868177431488,0.251639939821375
SAKL0A02002g,0.421915156840744,0.422649118204197,0.403736414853599,0.383184887093898,0.118390394100723
SAKL0A02024g,1.57170188871532,1.56045943177177,1.55672654160669,1.54148461268564,0.216012188793417
SAKL0A02046g,2.44832108032769,2.4425026548291,2.44357299908111,2.43882972103963,0.152691124124806
SAKL0A02068g,0.715690537753162,0.716440666884953,0.700905024805298,0.685424452237269,0.142943562045402
SAKL0A02090g,0.358527734256909,0.356193376983609,0.347569770482232,0.335526855964367,0.0858807828525289
SAKL0A02112g,0.626621033280183,0.624404261676404,0.605377554399425,0.581124204583855,0.156892064756685
SAKL0A02134g,0.977633902914412,0.976469035185097,0.971821347078519,0.965989983405693,0.106650902787396
SAKL0A02156g,0.665956167830467,0.668647360317013,0.654811171938912,0.64298961622978,0.119277291063691
SAKL0A02178g,0.443735364790339,0.447771292694948,0.432681755490297,0.420673313786944,0.0958023032873396
SAKL0A02200g,0.880084617891182,0.877832453652976,0.874801176064933,0.869452722764837,0.0960500594495643
SAKL0A02222g,0.361192913110232,0.342325305854678,0.32513692391163,0.286289468344667,0.159487388060678
SAKL0A02244g,1.23223016291398,1.22830260543564,1.21734216192536,1.2017371457589,0.18842739257702
SAKL0A02266g,2.82858451485664,2.8232346968184,2.82145880436868,2.81432628969915,0.200889125022406
SAKL0A02288g,0.218921814973087,0.210719140605529,0.20124397211213,0.182092138607795,0.0861418972999691
SAKL0A02310g,2.57217507538004,2.56300322046588,2.55938581671692,2.54654779738623,0.256529513862596
SAKL0A02332g,0.328646103734968,0.317773977576431,0.292275942914694,0.251125554172146,0.149940471646965
SAKL0A02354g,2.01324601836229,2.00783700380961,1.99534966572964,1.97724144347249,0.267406222858854
SAKL0A02376g,0.687938161874143,0.681722409090721,0.660468933830315,0.629324407607341,0.18651162919968
SAKL0A02398g,0.877004443176148,0.872771040928539,0.866952224402807,0.856532308694682,0.131114075951319
SAKL0A02420g,0.59792299474391,0.591181558109784,0.574668368032153,0.548866384826994,0.161964821440444
SAKL0A02442g,0.279139577819696,0.275896041312509,0.25799165684932,0.233367430369963,0.103809669825373
SAKL0A02464g,0.542416055111213,0.543165053880021,0.528880898777871,0.514007362386642,0.117692093883864
SAKL0A02486g,1.029152498122,1.01836340549271,1.01237921010104,0.994834562676289,0.183830642019003
SAKL0A02508g,0.824723547179675,0.82198706985559,0.813411585512599,0.801717041971115,0.135151394109952
SAKL0A02530g,0.443797282710619,0.434878897819292,0.421317922341588,0.395301708728582,0.136547786518409
SAKL0A02552g,0.295384865100536,0.287516478188374,0.273667218476851,0.249297074806459,0.109264821045458
SAKL0A02574g,0.426972429987449,0.422054882027391,0.407032139753634,0.384524422097867,0.125497578069702
SAKL0A02596g,0.385869254775663,0.38562441995608,0.369680560814433,0.351522800569425,0.107034106475066
SAKL0A02618g,1.11414602439843,1.11622000548361,1.08626015276365,1.05669758353551,0.243911306601358
SAKL0A02640g,0.554799284626849,0.549145343662565,0.525607866516291,0.488489843666307,0.169479045255098
SAKL0A02662g,0.790060472221222,0.789589588210787,0.783916325671569,0.777694129458046,0.098104983311445
SAKL0A02684g,1.01789745694326,1.01262224028714,0.972319457038982,0.917831818926526,0.290296380603147
SAKL0A02706g,0.295163463718129,0.282858681187679,0.272639805442047,0.247948199816019,0.113265206866419
SAKL0A02728g,0.420794173001846,0.412532213193255,0.387719139244552,0.348885169143293,0.158445200562469
SAKL0A02750g,2.26835270414526,2.24907240092925,2.25335954461752,2.23822131234006,0.260106409839443
SAKL0A02772g,5.95188518706411,5.84938547269492,5.85448337427604,5.75925747590485,1.09469267915823
SAKL0A02794g,1.61432453737887,1.60893892390942,1.59779003636669,1.58106543435203,0.23034612936386
SAKL0A02816g,0.658564215367885,0.65886878785502,0.649057390536352,0.639024293997346,0.1095130943435
SAKL0A02838g,0.672107546518377,0.664452268667968,0.655425752874692,0.63785678806146,0.14747329454852
SAKL0A02860g,0.404157386277188,0.400869711276718,0.390197476512039,0.374590521676839,0.10226462609387
SAKL0A02882g,0.288384227928627,0.270330400208819,0.259317603389168,0.22880913693653,0.128488822393042
SAKL0A02904g,0.483044793935808,0.482120698990996,0.475368082821315,0.467328776911815,0.0846264777725076
SAKL0A02926g,1.19862713573499,1.19524575384187,1.19035471266126,1.18202260564716,0.140624576983436
SAKL0A02948g,1.20716127897459,1.20625128386173,1.20192794103345,1.19663224618499,0.111971932952591
SAKL0A02970g,0.294818453617041,0.287325862405848,0.274666797608807,0.252084175483244,0.105292649674214
SAKL0A02992g,1.21223203915269,1.2082755637982,1.19221061676587,1.17101414368533,0.215755395845913
SAKL0A03014g,0.614409299961041,0.615086617277565,0.591685034825946,0.565529407118189,0.160032572131982
SAKL0A03036g,0.64732075393508,0.64618765463259,0.631801187843853,0.615331286859642,0.138627947497192
SAKL0A03058g,1.06800608512441,1.06479824585997,1.05467731600701,1.04100458206174,0.167338278837418
SAKL0A03080g,0.513946102784487,0.508730103854371,0.494019261088819,0.471057269746553,0.137333461152371
SAKL0A03102g,1.06861503551585,1.06785603902698,1.05998538793763,1.05121155487321,0.13499233570056
SAKL0A03124g,0.281584914272526,0.276501801891455,0.261473523116577,0.239570165516057,0.103400321212025
SAKL0A03146g,0.516784293526261,0.513421808973713,0.504009513355436,0.490150942125822,0.111903835814228
SAKL0A03168g,0.339022496697441,0.329182473070637,0.315885518242885,0.289782813943221,0.120714932018045
SAKL0A03190g,0.683664453983822,0.683442430837071,0.678352725500855,0.67292493945208,0.0844936889426656
SAKL0A03212g,0.375357312403204,0.363193099600095,0.347147355176086,0.315663103465134,0.141706372211675
SAKL0A03234g,4.21072456536818,4.19816801500816,4.19755723932628,4.1844700076093,0.334443565455782
SAKL0A03256g,0.436554344816113,0.43841296932163,0.426396466202414,0.415237555121429,0.0912394266199972
SAKL0A03278g,1.1705297541842,1.17001715842935,1.14706931000233,1.1226863810151,0.23113752914704
SAKL0A03300g,2.06583996952046,2.05214879068604,2.05111966636077,2.03624666429266,0.245928072324909
SAKL0A03322g,0.458181160675827,0.442431932698741,0.424678954864192,0.385161767213545,0.167898213626148
SAKL0A03344g,0.348938579842522,0.344311482763354,0.325291374961868,0.297595216089113,0.122425827262188
SAKL0A03366g,1.17861145750672,1.17442047505385,1.16936184752041,1.16000419856251,0.147162300375197
SAKL0A03388g,1.56081010694432,1.55436669365076,1.54226284380477,1.52326758002685,0.238861711539241
SAKL0A03410g,0.25747140711811,0.24488643389487,0.232046580329741,0.204223150919038,0.112272590376806
SAKL0A03432g,1.35831994722844,1.35363443015146,1.34436847996823,1.33015402282154,0.193559860198496
SAKL0A03454g,2.9365763082276,2.92817941832811,2.93058230967501,2.92460025016282,0.188041472340133
SAKL0A03476g,0.433959493900938,0.428194939027391,0.412711683115671,0.388681665537431,0.130945202750672
SAKL0A03498g,0.391854986776313,0.374067665612745,0.352025113875059,0.30758731758454,0.171583940318665
SAKL0A03520g,0.95732939788689,0.957263281134031,0.946541289692942,0.935466427239652,0.142417567103548
SAKL0A03542g,0.683200832464572,0.680927190854478,0.666465688998067,0.648410864359697,0.147089893384696
SAKL0A03564g,0.378707842796885,0.378838367929751,0.36362404299074,0.347198740198151,0.103718592530396
SAKL0A03586g,1.74486026873769,1.74343740030362,1.7398799490105,1.73488355202083,0.131765720090599
SAKL0A03608g,0.564224577420864,0.562337452871796,0.541036109014818,0.51453429172765,0.155255564442991
SAKL0A03630g,1.58002508513882,1.57611623190466,1.54948167206733,1.51788332228957,0.307150969263211
SAKL0A03652g,1.04976906730874,1.04741621747614,1.04010652184377,1.03024984928169,0.141423364936565
SAKL0A03674g,0.344557196732338,0.344674400249835,0.335454707957996,0.325451538913822,0.0765781513347846
SAKL0A03696g,1.08175658465787,1.07330344958985,1.05241354811488,1.02109128175854,0.247029116020348
SAKL0A03718g,1.399473813048,1.3966932217128,1.38766536082213,1.37571014139877,0.181280277885334
SAKL0A03740g,0.317624123894471,0.318282418894119,0.300654401385208,0.280983036509469,0.0990337419486795
SAKL0A03762g,0.477830410678016,0.477826968985114,0.463815139973937,0.447995802999126,0.111394857053686
SAKL0A03784g,0.405417787860703,0.401201645615114,0.385774087571433,0.364170904996966,0.122171528311647
SAKL0A03806g,0.505509163094211,0.504381621783216,0.496069883408285,0.485922222396031,0.0951053330549523
SAKL0A03828g,1.09270425519573,1.09141543571359,1.08604451334317,1.07929417654186,0.120071445150333
SAKL0A03850g,0.304594199561877,0.299244736836979,0.285557729903663,0.264529138442298,0.103906730004433
SAKL0A03872g,1.20702203093227,1.2084337477271,1.20082752873143,1.19452908119508,0.121531763182153
SAKL0A03894g,0.363969563270879,0.360524444541985,0.337740212182129,0.306129225039058,0.131207389147325
SAKL0A03916g,6.49561073032565,6.46064976569231,6.44741384330056,6.39941285967763,0.794509012701181
SAKL0A03938g,0.37844513095964,0.376207031219157,0.358832132341331,0.336783480516784,0.117067266076255
SAKL0A03960g,2.64615546307955,2.63518747716847,2.62365667159318,2.6009452822243,0.344719366160023
SAKL0A03982g,1.28320023663922,1.28294222009356,1.27772492302056,1.27218726470773,0.118042193714702
SAKL0A04004g,0.669873208883352,0.668300057848633,0.66304920419641,0.656108209678606,0.0950394842489851
SAKL0A04026g,1.03289093733789,1.03449909817412,1.01892981399588,1.00464845415742,0.168503759949139
SAKL0A04048g,0.979724335988764,0.976011148094194,0.971318688492392,0.962807632767122,0.127806834884366
SAKL0A04070g,0.320945798745624,0.311444345069986,0.293820334880652,0.262655577366165,0.127748234666746
SAKL0A04092g,0.578949999871586,0.581024402883422,0.573016207906329,0.56684344431081,0.0815985934414151
SAKL0A04114g,0.742548794026878,0.744093412942723,0.728776306517685,0.714222787368615,0.140248934572937
SAKL0A04136g,1.21659142141493,1.21170570335015,1.20494426434002,1.19298119030357,0.167061880906583
SAKL0A04158g,1.24854786185464,1.24910320704486,1.23904973560355,1.22938006285235,0.152948004781214
SAKL0A04180g,1.45969997021123,1.45715975866089,1.43914843267481,1.41807644728316,0.243427665459422
SAKL0A04202g,0.903125873695315,0.89994421641035,0.893335757310556,0.883310440900158,0.131965762044898
SAKL0A04224g,0.473236677799254,0.472527154566828,0.458955518625328,0.442822431598533,0.111260345562177
SAKL0A04246g,0.448004538443565,0.443598523922872,0.429175744884982,0.407900804981063,0.12600805214086
SAKL0A04268g,0.622936300856754,0.620208500207131,0.610335557825053,0.596577161506687,0.121889082510253
SAKL0A04290g,1.01565165150358,1.01549022755118,1.00819297284568,1.00051982657052,0.121814402920608
SAKL0A04312g,0.421660748981411,0.417110116918464,0.402376080002153,0.380931670111224,0.123647757055401
SAKL0A04334g,0.644253866945734,0.645766511565273,0.629624409627156,0.613981802354265,0.133929741998139
SAKL0A04356g,0.639122226190523,0.641779132783196,0.6260741628277,0.611952044202224,0.125131269471918
SAKL0A04378g,0.529502231949969,0.528721099677431,0.507630166959332,0.483527369201572,0.146902249934741
SAKL0A04400g,0.369349990622672,0.364818804000392,0.345460654003373,0.317665536675415,0.127569142010677
SAKL0A04422g,0.767228673416564,0.765854464912719,0.752821012108141,0.737837344341903,0.146623742146529
SAKL0A04444g,1.27425368352438,1.26589353719074,1.26423716767163,1.25408393193228,0.159059511882653
SAKL0A04466g,0.882635618805421,0.881498264725848,0.868738053125059,0.854283113206105,0.154533878745801
SAKL0A04488g,2.96466605367376,2.9536019743911,2.93796160872848,2.91126507200313,0.39902755313575
SAKL0A04510g,0.887668234325561,0.881760891961803,0.84420737531939,0.79317497284619,0.266725901524526
SAKL0A04532g,0.378168381030969,0.377155423240978,0.361446794830714,0.341325692035474,0.106414595659937
SAKL0A04554g,0.236262635936801,0.229224054509098,0.21696405359061,0.195646045907535,0.0930405202029426
SAKL0A04576g,0.47778117604801,0.476644835626338,0.463785154325413,0.449065285103596,0.113514922465751
SAKL0A04598g,0.664738416882566,0.664456418920449,0.653457386029445,0.641297683018789,0.119825857191994
SAKL0A04620g,0.201848452905134,0.19222363359549,0.183976261367177,0.164194683401148,0.0831849666481031
SAKL0A04642g,0.80384271703136,0.800318354312447,0.780779469879053,0.755349735454731,0.18663081005779
SAKL0A04686g,6.83068569287877,6.77780105511447,6.77912641233941,6.72793753042944,0.843514091019944
SAKL0A04730g,1.30527566979514,1.29904903831824,1.29663419959706,1.28793016342076,0.149939495853272
SAKL0A04752g,1.70994090148912,1.7043718934139,1.7011858626293,1.69241207282187,0.173116726743369
SAKL0A04774g,0.567363760324331,0.561858313115594,0.554150590853402,0.540129377486287,0.119929245351998
SAKL0A04796g,0.221717051666149,0.213879674743386,0.201783430422536,0.179273138390508,0.0918129268345489
SAKL0A04818g,0.298153504966694,0.284345634886059,0.270960467707291,0.239053866451278,0.123312356997358
SAKL0A04840g,1.83328926166866,1.83204972309203,1.80377838669404,1.7729866451673,0.324013269860486
SAKL0A04862g,0.279977534962385,0.276428689361325,0.260980987683786,0.23871254807839,0.0981816246538424
SAKL0A04884g,0.715252872903832,0.714314326284209,0.707105889894897,0.69860617977962,0.106217487488216
SAKL0A04906g,0.580922996672046,0.578165472623266,0.560161736286689,0.537113455880421,0.150465074426566
SAKL0A04928g,0.428780778431064,0.420087611976991,0.390627400480373,0.347032937260105,0.175927921598329
SAKL0A04950g,0.517722786313992,0.516814387812825,0.495854389058724,0.470970532808349,0.143958832003046
SAKL0A04972g,0.427091259275758,0.423232155282728,0.404876736159479,0.378130511221904,0.130839679988525
SAKL0A04994g,0.537089486017679,0.537040047998691,0.524684520587781,0.511180423107114,0.112069118013402
SAKL0A05016g,0.879582847667128,0.878392989255697,0.870458587560998,0.861031071216522,0.125165630278512
SAKL0A05038g,0.4737841521235,0.473349611591801,0.462028407206003,0.449145527720326,0.102234708156187
SAKL0A05060g,0.853168554377456,0.851666829094164,0.837112075711789,0.820118678751534,0.162454473139591
SAKL0A05126g,0.762374973060142,0.764425126777437,0.751884881256927,0.740980429675906,0.124875851812824
SAKL0A05148g,0.320046554068811,0.313457311335247,0.294163024577898,0.263648396413973,0.123493678585801
SAKL0A05170g,0.581981715650229,0.583798874218458,0.568333329341513,0.553645839080221,0.122761507193056
SAKL0A05192g,1.03636917442507,1.03258307339762,1.00419592231068,0.968606794886605,0.250894941350079
SAKL0A05214g,0.514689792586621,0.510709608663776,0.498931102361255,0.481669585500369,0.123340732622573
SAKL0A05236g,1.20565427766455,1.19413579828332,1.16901272532013,1.13075483565808,0.293667986184172
SAKL0A05258g,0.450773576606392,0.441898115858539,0.421977980202984,0.388883709453513,0.15472549429507
SAKL0A05280g,0.67341429299759,0.671666862425477,0.661545191243568,0.648786148542453,0.123410632475238
SAKL0A05302g,0.50029106144846,0.477419084587535,0.449585226663295,0.389321817929313,0.217560188167103
SAKL0A05324g,0.628772051836434,0.627282417124821,0.608065981076058,0.585541626365447,0.157095760777719
SAKL0A05346g,0.648576463397433,0.648392305461144,0.642245198118698,0.635650603456896,0.0891940592779827
SAKL0A05368g,0.369400342591449,0.368223171043983,0.357543616561967,0.344239579909476,0.0900978844055599
SAKL0A05390g,1.45664289377466,1.43988102592854,1.40681410198688,1.35304349253461,0.371907427744631
SAKL0A05412g,0.85217818738814,0.852281253205625,0.846245452101178,0.840213028271777,0.0999132456656004
SAKL0A05434g,0.591703983274779,0.591933333834298,0.584486110320891,0.576997964179131,0.0911394972967215
SAKL0A05456g,0.369906514050788,0.365994017079197,0.354389680068644,0.336041045363574,0.102791753489862
SAKL0A05478g,0.46998847221005,0.467117194243512,0.453964400140787,0.435834692952198,0.117508597017995
SAKL0A05500g,0.314064429207531,0.306116826434305,0.294240067249524,0.272404086052472,0.108389360268553
SAKL0A05522g,0.515296616184545,0.51408833084998,0.498353999085159,0.478752649621147,0.12653213396714
SAKL0A05588g,0.848654869667269,0.837580125889416,0.824720024063737,0.799354114815422,0.197514423009015
SAKL0A05610g,0.328393917001076,0.32102387455239,0.304788963020567,0.27748540643221,0.119397355740107
SAKL0A05632g,0.638806632617545,0.63882721909,0.626068014835166,0.61207182803739,0.123818552168545
SAKL0A05654g,1.35253820301275,1.35087517215303,1.3436330196742,1.33464992959716,0.154911239940306
SAKL0A05676g,1.28654617876869,1.28498638106464,1.27846116232788,1.27023506879348,0.143316026445896
SAKL0A05698g,1.5055017627454,1.50044851175487,1.49684069998369,1.4881742972365,0.161816453840017
SAKL0A05720g,3.33566096004438,3.31251673961537,3.32101601310383,3.30649649321306,0.314293659805782
SAKL0A05742g,1.13328251708433,1.13290420275453,1.12479273749964,1.11621311338947,0.138302866896868
SAKL0A05764g,1.33733128806432,1.33841758097055,1.32865036957161,1.31990250727951,0.152077920584868
SAKL0A05786g,0.232712394985283,0.22329923389747,0.212675846087254,0.190273814950255,0.0939712039549333
SAKL0A05808g,1.43533914673694,1.43266254197722,1.42537108153224,1.41520645482532,0.168077458373589
SAKL0A05830g,0.565359361141303,0.557681555808318,0.541329294885098,0.513237215176457,0.157431882461227
SAKL0A05874g,1.29578230382717,1.2963568339967,1.28853227365821,1.28121506027866,0.13667647450792
SAKL0A05896g,0.516087597149257,0.513376964668847,0.495933249255743,0.471733106454422,0.13851426480525
SAKL0A05918g,1.05177629072055,1.05130406724322,1.04618002037485,1.04052686747223,0.108090621708185
SAKL0A05940g,1.86827667872869,1.85275404519976,1.84441612190274,1.82021229259548,0.297823648429171
SAKL0A05962g,0.844177026412588,0.84436281697997,0.828318401258043,0.811760581076588,0.161539906951915
SAKL0A05984g,0.451918756780406,0.45235211432551,0.43307749828349,0.4119720279012,0.125072459899718
SAKL0A06006g,1.2729096970445,1.27735149235546,1.25086423282236,1.22751237135777,0.23229924888891
SAKL0A06028g,6.87598607810113,6.75185321227047,6.80040479857112,6.72667777815839,1.03540492033125
SAKL0A06050g,0.522698642915226,0.519375073451387,0.508456257646031,0.492884921193077,0.118501363324152
SAKL0A06072g,0.459685164696248,0.454196022892824,0.440952117311774,0.420261636138152,0.127019074898687
SAKL0A06094g,2.11132064390348,2.11492415702348,2.09895862315541,2.08656162093045,0.228558341888129
SAKL0A06116g,0.413404881678848,0.414730590500025,0.395838168339041,0.374794917648733,0.113777548694286
SAKL0A06138g,1.21018950910525,1.21198334266605,1.18062816688032,1.14894364251104,0.261543466241823
SAKL0A06160g,1.58877295465292,1.58406141757633,1.58136081387791,1.57391241490305,0.153341590336355
SAKL0A06182g,0.358919485473251,0.34189468228232,0.325703835665289,0.29097493122625,0.152945842359144
SAKL0A06204g,0.602709426609279,0.60283167784536,0.593172863041746,0.583159619763983,0.105250868174635
SAKL0A06226g,0.640594728581414,0.636247226212545,0.624702246226851,0.607685371516448,0.13924408706433
SAKL0A06248g,0.541098180865919,0.541578076543109,0.5336507805256,0.525891048872567,0.0883552032765688
SAKL0A06270g,0.278901685731123,0.272589665322491,0.262476832313992,0.243757424876011,0.0923236922689535
SAKL0A06292g,0.713867664265135,0.714729245767067,0.698093257153159,0.680893109060597,0.145876155585572
SAKL0A06314g,1.16524596442167,1.15824761848724,1.15371985495631,1.14205361340794,0.163562679675308
SAKL0A06336g,0.353887500106401,0.332084056940242,0.317251718196617,0.277596701998395,0.160282881748357
SAKL0A06358g,0.848415632044664,0.844996325012818,0.837562284734551,0.826336348863064,0.134292218592348
SAKL0A06380g,0.225511325543652,0.222804261330395,0.209404445647383,0.190618285457833,0.0814667578448885
SAKL0A06402g,0.405557040175079,0.387114289052784,0.364720574743984,0.320161178939491,0.177480437438772
SAKL0A06424g,0.399573262828385,0.397176058096448,0.381307845476011,0.36074738612914,0.11643502252167
SAKL0A06446g,0.44796010776605,0.440034245641261,0.420284432739995,0.387534744387807,0.150119670047351
SAKL0A06468g,0.520266205280333,0.518561620428136,0.509693792177484,0.498176343702415,0.101787625258559
SAKL0A06490g,0.820055055522048,0.818662711701298,0.804902954079423,0.788285317224107,0.153638342356544
SAKL0A06534g,0.40408174530077,0.40320863205564,0.388656044192049,0.371241050336266,0.107301060969205
SAKL0A06556g,1.34197659028212,1.34271717446466,1.33106826865302,1.31998444356001,0.170114543082351
SAKL0A06578g,0.424685786571457,0.416883088496646,0.398867027733286,0.36804065312563,0.140895813805097
SAKL0A06666g,0.508550983123137,0.504782647073054,0.487810041416372,0.464671155964922,0.140469466969375
SAKL0A06688g,0.721541190216249,0.721974746854145,0.709653145448981,0.697222963760718,0.129140377823787
SAKL0A06710g,1.50049403014385,1.49318626055596,1.49404088140478,1.48758506398502,0.1393295780587
SAKL0A06732g,0.315481316278909,0.3002814188451,0.285796501397439,0.252645827799078,0.133532318707147
SAKL0A06754g,1.28726275412529,1.28010471458262,1.27749186295146,1.26769763385531,0.158852797129395
SAKL0A06776g,7.69695976269899,7.60116015075871,7.62951261137868,7.5632137897627,1.03099971871929
SAKL0A06798g,2.09286722276493,2.08877884362302,2.07165356923666,2.05016590353361,0.296560682614568
SAKL0A06820g,0.498062889709114,0.497296321279291,0.483036907126998,0.466448702222134,0.118231296401227
SAKL0A06842g,0.438093961225311,0.429686520235619,0.419709729761591,0.398803922972115,0.122465377283967
SAKL0A06864g,0.445048104345858,0.444355126546848,0.434874495999053,0.423916256497632,0.092625142052691
SAKL0A06886g,0.254777919869653,0.246767473153765,0.233576235098295,0.208785089387603,0.0995480944181044
SAKL0A06908g,0.995122734245696,0.993056662349707,0.985541101154624,0.975761877548776,0.13697498725991
SAKL0A06930g,0.712686538008199,0.714447129083945,0.704254156789173,0.695353236971434,0.10747461536806
SAKL0A06952g,1.21420229351846,1.20894715903547,1.20597382929804,1.19760351934973,0.140462409428529
SAKL0A06974g,0.294809596913373,0.287525020832812,0.277506231428681,0.257928357604598,0.0979506712550762
SAKL0A06996g,1.22185068607173,1.2174922404767,1.2135118998769,1.20514609057192,0.14283785794919
SAKL0A07018g,3.46870543243205,3.45573292657928,3.45297099476279,3.43733151884456,0.331942483686913
SAKL0A07040g,0.67087590229268,0.666197231582425,0.658473894135658,0.645350979448009,0.126530853778496
SAKL0A07062g,0.610620712911929,0.609570844276122,0.593946197873231,0.575781014099589,0.138127324290004
SAKL0A07084g,0.498562119112522,0.479971227741801,0.455570591854607,0.405498252746687,0.199512920970433
SAKL0A07106g,0.814089486406366,0.807865037149864,0.780310190867841,0.743853516575479,0.229216894295665
SAKL0A07128g,2.83154393305543,2.82281067222898,2.82457278104751,2.81760380362238,0.198951385815365
SAKL0A07150g,0.54694609277323,0.544380424703222,0.517283535737069,0.482458188092887,0.171505762701528
SAKL0A07172g,0.194252098100591,0.183725138154364,0.174796636306929,0.153995995249505,0.0869246021654353
SAKL0A07194g,0.813485634923665,0.811433149434113,0.804004610639662,0.794205078815069,0.122601488294072
SAKL0A07216g,0.580867765887603,0.578561682476867,0.567508330779128,0.553175448970381,0.12133873115441
SAKL0A07238g,0.645886346959092,0.645632865610024,0.633108614161132,0.619597365665923,0.125963135979258
SAKL0A07260g,0.582550861472529,0.572407212306259,0.542564568154938,0.496244793094602,0.207080716853359
SAKL0A07282g,0.673362531652899,0.675483878812864,0.648771463516841,0.621142057170044,0.174596520772835
SAKL0A07304g,0.746968618732188,0.743674725183721,0.735109689208712,0.722800812227919,0.131534553577459
SAKL0A07326g,2.38688487410651,2.38572437637622,2.37549539995027,2.3640443168529,0.232871319969073
SAKL0A07348g,0.450992110574579,0.44523224425975,0.427921075525666,0.401173060471137,0.137113805539191
SAKL0A07370g,0.4822003036377,0.481239819752696,0.467027608313423,0.450322201462585,0.117182585587735
SAKL0A07392g,0.475761995746777,0.473489790784721,0.452547395660479,0.426348487910657,0.142819731641949
SAKL0A07414g,1.45543026231539,1.43757060851781,1.42376033298908,1.39055567168754,0.300048124712853
SAKL0A07480g,0.469357703798806,0.468355857176756,0.455658384390023,0.440995892469549,0.110503058516136
SAKL0A07502g,0.405892456785622,0.394886927462894,0.377676273439985,0.346001183564814,0.146559975945861
SAKL0A07524g,1.24569536763032,1.24000940185932,1.22883205423954,1.21170969903764,0.204158071224481
SAKL0A07546g,0.425181859447832,0.425566170984999,0.417165928972585,0.408614943488891,0.0805924310486874
SAKL0A07568g,2.9899820477164,2.96852549368545,2.97690745252204,2.96388071264649,0.28063840653606
SAKL0A07612g,0.550942519814295,0.551193767642314,0.54395442288459,0.536591366768967,0.0859341321813506
SAKL0A07634g,0.537926028551776,0.539582780313522,0.525456985190793,0.512053339924655,0.112884747121303
SAKL0A07656g,3.01047088264353,2.99999054542519,2.99709524949954,2.98366573692981,0.283722651251811
SAKL0A07678g,0.346392999494547,0.334026518019915,0.318477285356575,0.286721510336774,0.13516505219867
SAKL0A07700g,2.69308018960138,2.66832228001019,2.65543750240315,2.61757151387658,0.450373003806335
SAKL0A07722g,0.320289145684853,0.311511355880498,0.295511441029811,0.266785874969978,0.120425256626131
SAKL0A07744g,4.96633731269318,4.93719165507731,4.93098856253935,4.89568097059712,0.593977427715552
SAKL0A07766g,0.85487632913808,0.846632630070673,0.823022241712097,0.787913047990492,0.226373039206373
SAKL0A07788g,0.773684939849194,0.77050112718928,0.759955648803022,0.745360625996842,0.143099399696487
SAKL0A07810g,0.384621570653923,0.373748447470751,0.358957083209886,0.327974004189569,0.13416812287488
SAKL0A07832g,0.614785646762428,0.615500895653535,0.604650237180674,0.594035293928104,0.109743418884378
SAKL0A07854g,0.24467961233881,0.234735632337781,0.225537594522581,0.204742334579809,0.095008755951322
SAKL0A07876g,1.71351010062481,1.71461208149742,1.70272216390859,1.6918260040255,0.191766539349018
SAKL0A07898g,5.46658155305785,5.37997753170854,5.34753899837301,5.23068285713114,1.16028040862825
SAKL0A07920g,0.763245885142506,0.763324110379866,0.744777305335928,0.72324148561563,0.161105286181463
SAKL0A07942g,0.689955293559619,0.692634823384675,0.680211436460733,0.669888596059534,0.113398712544877
SAKL0A07964g,1.2952915181981,1.29046432340202,1.28883556413438,1.28233682875264,0.12909252824868
SAKL0A07986g,0.955112629362674,0.950339991695573,0.935784641893935,0.915483490095358,0.188987243306274
SAKL0A08008g,0.509900011139211,0.506283975850862,0.483931145831657,0.454540670045661,0.156098915739091
SAKL0A08030g,0.60382532266824,0.596862091027809,0.582352253696341,0.558521219796179,0.156214080126041
SAKL0A08052g,0.332638560921211,0.314797440526501,0.30113140294126,0.267756413954764,0.143723817937987
SAKL0A08074g,0.676196510898441,0.672375040552546,0.669547422941697,0.662783970230969,0.0943085413472088
SAKL0A08096g,0.625830007582461,0.626088918066081,0.616160175637496,0.605880174226755,0.107392658922831
SAKL0A08118g,1.20864585471455,1.20783989980608,1.20050233253666,1.19221222428788,0.139357696801727
SAKL0A08140g,0.645187572967372,0.633167560044543,0.5999398423297,0.548465870862582,0.232117584562875
SAKL0A08162g,0.866633186883908,0.866325802373647,0.859750634818393,0.85267736766925,0.108119118407419
SAKL0A08184g,1.03115904219589,1.0286181671577,1.02300497271175,1.01472215685914,0.128906680235706
SAKL0A08206g,0.323673274781311,0.322876387306968,0.304677019603721,0.282148782410283,0.104806647079446
SAKL0A08228g,0.647175764441958,0.647931065409906,0.636340385663218,0.624884237203132,0.115994871874941
SAKL0A08250g,0.334260793561689,0.332843553531506,0.318395713353693,0.300028466682925,0.0980214020605116
SAKL0A08360g,0.545139020249783,0.546889844601329,0.53627526920216,0.52674314721785,0.0956592134455336
SAKL0A08382g,1.00512462524217,1.00156471629031,0.991793083148718,0.978014239775855,0.161575832257301
SAKL0A08404g,0.932116537412947,0.930109084255911,0.922709776782881,0.913110724297071,0.131442218433316
SAKL0A08426g,0.576115749971672,0.572969741441218,0.549345607351909,0.518318376795344,0.167760691771497
SAKL0A08448g,0.462451930172723,0.452496208905521,0.438642919064465,0.411481849319463,0.14350971137507
SAKL0A08470g,1.0297899637421,1.03275041601325,1.01761622362262,1.00508923566938,0.156504754866185
SAKL0A08492g,0.988734043526661,0.981781159961748,0.964742887088382,0.938692790594835,0.212122818799043
SAKL0A08514g,1.08183931482713,1.07077762873779,1.06522577830647,1.04776721757198,0.186846769198596
SAKL0A08536g,0.4661344099695,0.466825925568811,0.450606010960848,0.433454261706586,0.116234405180928
SAKL0A08558g,0.915839705221809,0.916218685634707,0.907876669953617,0.899611634234201,0.119157148552009
SAKL0A08580g,1.11459807361191,1.11447935715285,1.09867678521422,1.08208846982573,0.185675384210866
SAKL0A08602g,0.710461230181976,0.706430158910434,0.678194330133958,0.641718340420724,0.206180961378889
SAKL0A08624g,0.336495487404715,0.3355640334376,0.3201385178149,0.301085996358689,0.100081245313083
SAKL0A08646g,0.35775224976809,0.342200099537404,0.324098195228341,0.285983087266209,0.151593834652745
SAKL0A08668g,0.32439077292394,0.320921050085749,0.305061747416978,0.282683820947495,0.106522911515795
SAKL0A08690g,0.739871020142544,0.735208544651189,0.718795945145979,0.696156539277283,0.172622117202469
SAKL0A08712g,0.594714963140194,0.575471805318109,0.543757794973929,0.480509213284226,0.23480434187896
SAKL0A08734g,4.87355774014015,4.84108874798431,4.82111372647579,4.76889236692485,0.719394950716007
SAKL0A08756g,0.407307599221524,0.403187010393897,0.391995216302748,0.374959667302882,0.108310443168283
SAKL0A08778g,0.781083183229604,0.782438680286682,0.767333504335536,0.752872929432437,0.143886341198918
SAKL0A08800g,1.1451576560789,1.13408742383979,1.11276987920153,1.07762087470709,0.265270948244936
SAKL0A08822g,0.868727709787848,0.863037392437618,0.84358692924391,0.815587957480333,0.20275010612941
SAKL0A08844g,1.83896650651822,1.82199886596367,1.81926585074778,1.79918000098954,0.26782388847926
SAKL0A08888g,1.26048604784188,1.25766201340131,1.25328589840337,1.24600152581803,0.134207330563314
SAKL0A08910g,0.826859068439608,0.828041137877482,0.817558029745259,0.807913740427926,0.122173706863696
SAKL0A08932g,0.995672307603404,0.992868175943722,0.984818171067847,0.97374550322742,0.146108514295164
SAKL0A08954g,0.328421880078563,0.320305843379498,0.307470685833759,0.283872975796237,0.113155089255673
SAKL0A08976g,0.762936134081049,0.758516355794118,0.749881708106468,0.736169805479946,0.13864932218917
SAKL0A08998g,0.583387592430922,0.582292882196521,0.571902225608318,0.559623786905819,0.112880263110283
SAKL0A09020g,1.46624608814961,1.46612763710638,1.44897150625169,1.43127567594053,0.223254569951875
SAKL0A09042g,0.239434636512472,0.227267250311729,0.217164250060873,0.193287558876436,0.101343923687634
SAKL0A09064g,0.736878822921876,0.735005755208706,0.725229846382722,0.713026521187704,0.128883847760477
SAKL0A09152g,0.506330212878752,0.504144549262856,0.488363126015731,0.468633620801438,0.131048805166372
SAKL0A09174g,2.75031401906294,2.70854576406711,2.7018042872868,2.65253643323903,0.515201821062971
SAKL0A09196g,0.879953032899798,0.880008455969324,0.874061913844085,0.868059570965689,0.1010057312548
SAKL0A09218g,0.674397658362765,0.673134407619009,0.661829963467858,0.648609433510217,0.127753731991058
SAKL0A09240g,0.442059970426876,0.440022022836947,0.42844674241877,0.413262163596951,0.105627035962961
SAKL0A09262g,0.411869982093757,0.405961727193646,0.387428369614376,0.358648972376906,0.134861163123842
SAKL0A09284g,1.18283787548578,1.18314595169814,1.17079276626209,1.15848842912813,0.167532119707176
SAKL0A09306g,0.403828742704416,0.39593518247813,0.38380568675414,0.360764571501085,0.121832999456752
SAKL0A09328g,1.01440588893363,1.01063181559774,1.00370588400574,0.99277999867148,0.146336771423217
SAKL0A09350g,0.914965365243129,0.912313267783851,0.901169402479003,0.886427969388571,0.155622728932154
SAKL0A09372g,2.12794174952996,2.12651376413238,2.12097085438415,2.11399675921389,0.172412473416406
SAKL0A09394g,0.770763450949269,0.771443986849259,0.762884732190743,0.754817255626172,0.109251619682971
SAKL0A09416g,0.268195703059309,0.260297362719112,0.247219784720106,0.223754240931982,0.102715168071032
SAKL0A09438g,0.220804854593459,0.213525698167681,0.201379963407875,0.178672052338241,0.0895142105925456
SAKL0A09460g,0.277512091909963,0.265437705871278,0.253115583396909,0.226593624634858,0.114263389241407
SAKL0A09482g,0.524882196155501,0.522144770681912,0.502379802232127,0.476755559708617,0.14826199734708
SAKL0A09504g,1.02731527974961,1.03012837372293,1.0000131206161,0.970383882615392,0.229474089260266
SAKL0A09526g,0.48566327790325,0.481726958271592,0.471930111351187,0.457300133606038,0.112981406822189
SAKL0A09548g,1.01114227618068,1.00698800590299,0.997115029315921,0.982646730460175,0.166720594718492
SAKL0A09570g,0.726279234158743,0.720725228983746,0.700283001136771,0.670057260561082,0.186824566787723
SAKL0A09592g,2.57195899131847,2.56416303808204,2.56338255594449,2.55476659089624,0.209828492042333
SAKL0A09614g,1.09261843721488,1.0768029040565,1.06129545836151,1.0277241644499,0.256243929469508
SAKL0A09636g,0.435148684351942,0.437153275107759,0.419839501652701,0.402731930289356,0.110729945352702
SAKL0A09658g,0.630888781698004,0.632516717102122,0.624038449260581,0.617000309471383,0.0919526444298479
SAKL0A09680g,0.655242362832853,0.657048026916134,0.645413441235513,0.63499031324423,0.110885639712811
SAKL0A09702g,0.412730083717681,0.414001123954551,0.401791998623232,0.389880125363582,0.0920696536777461
SAKL0A09724g,0.669030230773987,0.671050859110386,0.658130636346285,0.646714305742164,0.11878312011162
SAKL0A09746g,0.295981087162693,0.289432858292977,0.278161788022439,0.258668004075247,0.100070945778637
SAKL0A09768g,1.95369577736328,1.94576006020458,1.94116270731307,1.92856778931504,0.221203731149615
SAKL0A09790g,0.896815333640534,0.896663386464851,0.876286784801143,0.854560060166575,0.188363592596075
SAKL0A09812g,0.55721224491807,0.555331610468441,0.546283356520589,0.534823565265461,0.108626626545911
SAKL0A09834g,1.91986846178392,1.91731892663912,1.91026384672117,1.90062959094214,0.191999709817521
SAKL0A09856g,0.61755893767746,0.61681400857775,0.60986505172662,0.601876744139176,0.0961129782738517
SAKL0A09900g,0.536255597100773,0.535004950354471,0.511110672148941,0.482251952449845,0.156965032374988
SAKL0A09922g,0.880587829824472,0.884395238723462,0.867622558897458,0.854007674530527,0.148390419491914
SAKL0A09966g,5.27609227584853,5.21894120261882,5.2109618640132,5.14588982201112,0.83181802852664
SAKL0A09988g,1.21703858056602,1.21743135437474,1.2070020728522,1.19678447031144,0.155332927739291
SAKL0A10010g,1.53418233955681,1.52718598958631,1.52786183685642,1.52151972728852,0.1392362160251
SAKL0A10032g,1.01067973327829,1.00903037303975,0.999304957052038,0.987417196680787,0.149312016723056
SAKL0A10054g,0.640778816325067,0.616242349315038,0.577972845646355,0.503525615971752,0.272680126854275
SAKL0A10076g,0.803561324559332,0.800167718697427,0.791665490462197,0.779255258126561,0.136299831456405
SAKL0A10098g,0.515253059974132,0.490057547730235,0.470181526287823,0.419368570261973,0.208518050636738
SAKL0A10120g,0.540266541902692,0.540796942526263,0.526145995561913,0.510486070392004,0.118870416861389
SAKL0A10142g,0.551444984791251,0.54592859686231,0.522478017696551,0.489097193742048,0.171417506623689
SAKL0A10186g,1.42152932675709,1.41664827834378,1.40419927073445,1.38652180936837,0.220708549794895
SAKL0A10208g,0.422083138996695,0.422390591399268,0.41419419292742,0.40570242153648,0.0793962292757008
SAKL0A10230g,1.60563470920383,1.60334350562233,1.59983180144117,1.594016652144,0.136561936776232
SAKL0A10252g,0.320688036360517,0.306143251887632,0.293067218839229,0.262645835293664,0.130118796362607
SAKL0A10274g,1.02220319814746,1.01665038496965,1.01029786551766,0.99804376762349,0.154632413556826
SAKL0A10318g,0.969469923527501,0.965370640427102,0.956887533810021,0.943955739262326,0.154554187191391
SAKL0A10340g,0.236363329099548,0.215088240066094,0.210103328033157,0.183884504554024,0.11297783500042
SAKL0A10362g,1.59959358235099,1.59630956555549,1.59017092287266,1.5807195021184,0.173857785382211
SAKL0A10384g,1.20765862657474,1.2090316999234,1.19952370651016,1.191227075684,0.139091318913032
SAKL0A10406g,0.78552011803199,0.785309292723911,0.777192688519081,0.768615049459869,0.113227588144532
SAKL0A10428g,0.564284668355981,0.552127001593011,0.529137579721014,0.48822201133864,0.191417085719742
SAKL0A10450g,4.67653760679952,4.6565750953073,4.65234015028893,4.62820471110356,0.477036027692899
SAKL0A10472g,0.341772333931976,0.335320322064895,0.319969700710496,0.29239904821642,0.115891084769636
SAKL0A10516g,0.644595145359507,0.642086830465818,0.631988803396017,0.618694308776923,0.125089485113916
SAKL0A10538g,0.755628306576936,0.754992919858466,0.745185748864054,0.73447023522462,0.124771226848414
SAKL0A10560g,0.296402256244446,0.293621884666009,0.276408935665826,0.252526671450208,0.103501011889357
SAKL0A10582g,0.206092634839469,0.196700543347987,0.187257073937012,0.164764933809595,0.0858976869601302
SAKL0A10604g,0.540233189409537,0.515560567222123,0.489170061144518,0.429768783598062,0.228718868956852
SAKL0A10626g,0.239255057902328,0.233258060158082,0.218831312354057,0.195893875079838,0.095282113537584
SAKL0A10648g,0.154737460723863,0.143499401034242,0.138879969179008,0.122645046047134,0.0705943979392126
SAKL0A10670g,0.386236146844368,0.383375811105728,0.363316607461423,0.336001787941151,0.126723857719414
