AA,CODON,Mean,Median,CI.025,CI.975
1,A,GCA,-0.22544184933667,-0.225439568786802,-0.202531501838021,-0.245444168346918
2,A,GCC,0.417034387608193,0.416816838417396,0.434900681730908,0.402301274116743
3,A,GCG,0.626302859460166,0.626595093866415,0.656079217411901,0.598512701602506
5,C,TGC,0.269834951611559,0.269706710345879,0.300252595036523,0.237008966998916
7,D,GAC,0.747651717249006,0.747678284352007,0.759491668736028,0.734142572521706
9,E,GAA,-0.660689257075624,-0.660703803834451,-0.64617969013406,-0.673572947520368
11,F,TTC,0.593549561206001,0.59368763050653,0.608773447164852,0.578785912852939
13,G,GGA,0.0373193115468404,0.0367974944838401,0.0639289007279531,0.0110431118774669
14,G,GGC,0.409584583746988,0.409857513198121,0.431473929948524,0.385437302787371
15,G,GGG,0.699805734182783,0.699767625295513,0.72544196027684,0.675978727412207
17,H,CAC,0.751757617883327,0.751205974449615,0.770226291762391,0.732192811731226
19,I,ATA,0.026491411910193,0.026552797097969,0.0609372665815301,-0.00801906513668393
20,I,ATC,0.673592024028331,0.674021171275879,0.686963699183414,0.659545262476075
22,K,AAA,-0.545728970793274,-0.545662460096813,-0.534906001492184,-0.557081972046175
24,L,CTA,0.468324206160339,0.467979845932707,0.484035945552355,0.454601292876768
25,L,CTC,1.13068569507878,1.13158532827636,1.15330618901017,1.10330896164695
26,L,CTG,0.575692866367916,0.575177592902017,0.594259866072082,0.558770065044066
27,L,CTT,0.455294551887873,0.455980676582318,0.474472568691038,0.433891325967463
28,L,TTA,-0.17006394936676,-0.16972357112184,-0.15980137957965,-0.181513414770182
30,N,AAC,0.624324928232105,0.624350157306973,0.638430472297056,0.611380076748367
32,P,CCA,-0.0691833609084862,-0.0691611045509347,-0.0556167644605219,-0.0845444206811152
33,P,CCC,0.485426893388425,0.48591415204723,0.523466806713549,0.443048635478552
34,P,CCG,0.591253230458645,0.592150427449662,0.630412755873429,0.546745435126297
36,Q,CAA,-0.515539725624499,-0.515599001026334,-0.498848730843851,-0.532843941722783
38,R,AGA,-1.22541640835413,-1.22505801815844,-1.20678968284118,-1.24437132475021
39,R,AGG,-0.820270611295997,-0.820072807615205,-0.767575018973156,-0.869854459472417
40,R,CGA,-0.15615570764864,-0.15678356934703,-0.09062448718134,-0.2204473790459
41,R,CGC,0.48652010647639,0.48653519071261,0.54275380127647,0.42736194736896
42,R,CGG,0.45480128200038,0.45285379157732,0.53675820448312,0.38913036615523
44,S,TCA,-0.070095854500827,-0.0700843512542471,-0.0407087171578799,-0.101831989002099
45,S,TCC,0.523868166667449,0.524442976325526,0.538285495096483,0.508990726151782
46,S,TCG,0.651715365506039,0.652084614132811,0.685685474676505,0.613074747556491
48,T,ACA,-0.180937058208549,-0.180728431563834,-0.142831688144767,-0.214788633519677
49,T,ACC,0.544049531166149,0.543921996723644,0.565481822470268,0.527660882765144
50,T,ACG,0.467642570851519,0.467390839583237,0.513246306040047,0.428528043765892
52,V,GTA,0.15705208610795,0.158187052852383,0.195628242500459,0.11629879830602
53,V,GTC,0.732691479941846,0.732821449394262,0.750926498682287,0.71500666580067
54,V,GTG,0.376006767446472,0.375508239132978,0.412070918921793,0.340779861526437
56,Y,TAC,0.505721433572641,0.505514588326102,0.524142551538095,0.487619720142018
58,Z,AGC,0.365655194482198,0.366301430072857,0.3863097190859,0.345503716657806
