A,GCA,0.483333562294287
A,GCC,0.062973880653373
A,GCG,0.676141162336053
C,TGC,0.383881626669658
D,GAC,-0.124673240699105
E,GAA,-0.267217637994751
F,TTC,-0.289353558875046
G,GGA,0.863688375970509
G,GGC,0.471018295803216
G,GGG,0.744964182279305
H,CAC,-0.20328287337972
I,ATA,0.822799043011281
I,ATC,-0.0973963956413628
K,AAA,0.279302799359331
L,CTA,0.268289628667753
L,CTC,0.770294469850479
L,CTG,0.499567947014702
L,CTT,0.481402986375446
L,TTA,0.222487455907324
N,AAC,-0.323888209251529
P,CCA,-0.246642861649029
P,CCC,0.291421916770514
P,CCG,0.599737564030033
Q,CAA,-0.409465077083264
R,AGA,-0.0102562528808102
R,AGG,0.556125822884478
R,CGA,1.78551089264302
R,CGC,0.578445256082783
R,CGG,1.61991007022391
S,TCA,0.392486529962597
S,TCC,-0.0127998542041392
S,TCG,0.506173495126965
T,ACA,0.383725519443742
T,ACC,-0.0543193100346155
T,ACG,0.617696959878186
V,GTA,0.604569672765122
V,GTC,-0.0590327562219735
V,GTG,0.387883450484935
Y,TAC,-0.302437844316611
Z,AGC,0.0314715252901153
