A,GCA,-0.213343802209253
A,GCC,0.423707538461811
A,GCG,0.626242159157809
C,TGC,0.264176335886718
D,GAC,0.734201098220411
E,GAA,-0.654021190399913
F,TTC,0.597768255166593
G,GGA,0.0350501232128506
G,GGC,0.401921439687551
G,GGG,0.699164073165059
H,CAC,0.746191313247249
I,ATA,0.0313146414757754
I,ATC,0.669639075186613
K,AAA,-0.54869899481286
L,CTA,0.470168362847967
L,CTC,1.09920747767427
L,CTG,0.561246653756235
L,CTT,0.444815168029069
L,TTA,-0.168256832737379
N,AAC,0.613857186917623
P,CCA,-0.0669658076369176
P,CCC,0.482952941064399
P,CCG,0.587720710183628
Q,CAA,-0.503315040456276
R,AGA,-1.21208974619278
R,AGG,-0.807789821295126
R,CGA,-0.158981956957576
R,CGC,0.487010323993524
R,CGG,0.418500308607454
S,TCA,-0.0660043838785596
S,TCC,0.519925069139173
S,TCG,0.641772058307592
T,ACA,-0.165894936381091
T,ACC,0.540769559466278
T,ACG,0.488408904104203
V,GTA,0.148460815302851
V,GTC,0.722776238869769
V,GTG,0.378343051339924
Y,TAC,0.498348082352816
Z,AGC,0.359565666952381
