ORF,VALUE
SAKL0A00154g,0.0147052318818303
SAKL0A00198g,0.0953427670948887
SAKL0A00264g,0.0449109748120563
SAKL0A00748g,1.10236798196197
SAKL0A00792g,0.153822878460064
SAKL0A00880g,0.0196940490137471
SAKL0A01210g,0.386022271207751
SAKL0A01430g,0.154566996853504
SAKL0A01518g,0.106956398560665
SAKL0A01650g,0.0453757883924419
SAKL0A01804g,0.172590332552309
SAKL0A01914g,0.439617615676438
SAKL0A01980g,0.8375250734651
SAKL0A02068g,0.202214258916835
SAKL0A02178g,0.080276460004135
SAKL0A02332g,0.196700560948933
SAKL0A02662g,0.141528820977583
SAKL0A02706g,0.0209540424432988
SAKL0A02728g,0.121698737604972
SAKL0A02750g,0.0258670711946089
SAKL0A02794g,0.779673510099323
SAKL0A02816g,0.151008609100044
SAKL0A02860g,0.029111216776241
SAKL0A02948g,0.0448745282282456
SAKL0A03146g,0.152959013606166
SAKL0A03388g,0.446810824102293
SAKL0A03652g,0.213755466720697
SAKL0A03894g,0.208923452508133
SAKL0A04070g,0.0623886970429634
SAKL0A04268g,0.137104605422561
SAKL0A04312g,0.0841152764466208
SAKL0A04488g,1.65015665507566
SAKL0A04686g,7.86884720630446
SAKL0A04884g,0.240422627742978
SAKL0A04994g,0.0718753378214473
SAKL0A05016g,0.301809677791862
SAKL0A05126g,0.296305269589734
SAKL0A05324g,0.0759549335341195
SAKL0A05720g,1.11633252989626
SAKL0A05742g,0.284906373508927
SAKL0A05764g,0.375621472889992
SAKL0A05786g,0.0100015875562519
SAKL0A06094g,1.08684889357831
SAKL0A06204g,0.0890986772483943
SAKL0A06270g,0.0632118915546586
SAKL0A06292g,0.435167893738974
SAKL0A06468g,0.0596944023506332
SAKL0A06688g,0.258494524782174
SAKL0A06952g,0.144498100498659
SAKL0A07084g,0.168517266089067
SAKL0A07128g,0.53479857707243
SAKL0A07172g,0.05326430171618
SAKL0A07282g,0.111438921507296
SAKL0A07480g,0.0560049734200536
SAKL0A07502g,0.0253122631202468
SAKL0A07546g,0.12085009673263
SAKL0A07920g,0.444988134316972
SAKL0A08008g,0.0478757782054648
SAKL0A08118g,0.902900028113482
SAKL0A08162g,0.143475118293209
SAKL0A08492g,0.249106486739926
SAKL0A08514g,0.0368756170293427
SAKL0A08536g,0.113122112715875
SAKL0A08602g,0.103333238509408
SAKL0A08624g,0.0173077899807704
SAKL0A08712g,0.236268613824566
SAKL0A08734g,8.24384553876083
SAKL0A08778g,0.295948322826877
SAKL0A09152g,0.0571929960025404
SAKL0A09394g,0.186883078504957
SAKL0A09438g,0.0402273003131596
SAKL0A09834g,0.790259276777565
SAKL0A09922g,0.0846878993678814
SAKL0A10032g,0.416513236998413
SAKL0A10098g,0.0298976615405436
SAKL0A10186g,0.268659951430576
SAKL0A10274g,0.424205379079984
SAKL0A10340g,0.016164279398913
SAKL0A10362g,0.570351343394099
SAKL0A10450g,4.01082283439388
SAKL0A10582g,0.0213846449422524
SAKL0B00220g,0.042934871554871
SAKL0B00506g,0.16560529157199
SAKL0B00836g,0.162685429989787
SAKL0B00924g,0.24641932117557
SAKL0B00946g,0.0394663364961617
SAKL0B00990g,0.16212589726247
SAKL0B01100g,0.143348375559962
SAKL0B02024g,0.0643044805458277
SAKL0B02310g,0.238704014527168
SAKL0B02662g,0.0495934487601097
SAKL0B02750g,0.624466718802741
SAKL0B02816g,0.168648031256063
SAKL0B02948g,0.0382479604177373
SAKL0B03036g,0.109395524037922
SAKL0B03058g,0.0956253579962677
SAKL0B03190g,0.0827989232101696
SAKL0B03256g,0.0544929746199627
SAKL0B03388g,0.215881472648392
SAKL0B03432g,0.22989902902797
SAKL0B03520g,0.490571833121015
SAKL0B03806g,8.51257191973098
SAKL0B03916g,0.115913476266785
SAKL0B03938g,0.176692592863568
SAKL0B04268g,0.12938293066776
SAKL0B04334g,1.72804845658978
SAKL0B04466g,0.215670950068536
SAKL0B04488g,0.126732215479312
SAKL0B04598g,0.0481314601897488
SAKL0B04620g,0.0234616172419877
SAKL0B04664g,0.0699357845993535
SAKL0B04950g,0.126209434512288
SAKL0B05016g,0.0369209223311844
SAKL0B05082g,0.153006268300167
SAKL0B05214g,0.0629290566804128
SAKL0B05324g,0.653619332634267
SAKL0B05346g,0.93912038263721
SAKL0B05412g,0.173125739055451
SAKL0B05544g,0.293553436319127
SAKL0B05588g,0.0428458000311682
SAKL0B05984g,0.0600253179683869
SAKL0B06270g,0.102252280882316
SAKL0B06688g,0.039005251160472
SAKL0B06710g,0.0357117601252219
SAKL0B07238g,0.0911880300971013
SAKL0B07326g,0.0976332918754916
SAKL0B07370g,0.042586446685453
SAKL0B07502g,0.0483824489648213
SAKL0B07700g,1.90499034397899
SAKL0B07766g,0.0328104677622046
SAKL0B07788g,0.166777568132622
SAKL0B07854g,0.0680323443727617
SAKL0B07942g,0.298966528652374
SAKL0B07986g,0.37937573432909
SAKL0B08096g,2.41416782334487
SAKL0B08162g,0.0173683669001822
SAKL0B08272g,0.120579797770679
SAKL0B08514g,2.12770574137756
SAKL0B08580g,0.0677333348121589
SAKL0B08602g,0.0782664869442751
SAKL0B08690g,0.0217757048215503
SAKL0B08712g,0.0279930694144358
SAKL0B09020g,0.0890727641258857
SAKL0B09306g,0.195259893860817
SAKL0B09328g,2.0015178415767
SAKL0B09570g,0.145330408513718
SAKL0B09614g,0.710461505973861
SAKL0B09746g,0.146487697626249
SAKL0B09878g,0.0171715347630817
SAKL0B10340g,0.119018424784153
SAKL0B10362g,0.15785203523546
SAKL0B10472g,0.105186730384648
SAKL0B10582g,0.184709045593841
SAKL0B10780g,0.685906321921179
SAKL0B11154g,0.276547413125624
SAKL0B11176g,0.0918100852984345
SAKL0B11198g,0.0659698536676496
SAKL0B11308g,0.0177168228199108
SAKL0B11418g,0.0851679091703216
SAKL0B11440g,0.155819791984233
SAKL0B11704g,0.354167576322482
SAKL0B11770g,0.789368378921623
SAKL0B12122g,0.173948039848069
SAKL0B12210g,0.484976216973967
SAKL0B12386g,0.0131384025903485
SAKL0B12518g,0.0811973859167687
SAKL0B12540g,NA
SAKL0B12562g,0.037422115636644
SAKL0B12584g,0.0266307106847294
SAKL0B12650g,0.0388658483649372
SAKL0B12738g,0.0200332542879832
SAKL0B12804g,0.0144114161764459
SAKL0C00352g,0.0224235718574965
SAKL0C00396g,0.240668190464572
SAKL0C00484g,0.438051321487935
SAKL0C00660g,0.0587455244572406
SAKL0C00880g,0.105719483658759
SAKL0C01056g,0.218847778875676
SAKL0C01606g,0.0492392354454744
SAKL0C01826g,0.0420379952651375
SAKL0C01892g,0.0960500716289211
SAKL0C01914g,0.20019777052491
SAKL0C01936g,0.136937565367263
SAKL0C01958g,11.5083767867601
SAKL0C02002g,0.780147239016097
SAKL0C02024g,0.0669560287725827
SAKL0C02046g,0.0229756334160747
SAKL0C02068g,0.0108976196498534
SAKL0C02090g,0.0240635751776402
SAKL0C02112g,0.0145932346381808
SAKL0C02134g,0.157816336273697
SAKL0C02156g,0.0312044260640959
SAKL0C02178g,0.0157953683550987
SAKL0C02200g,0.0141107023006122
SAKL0C02222g,0.0620840395515172
SAKL0C02244g,0.112936038776007
SAKL0C02266g,0.137717923552031
SAKL0C02288g,0.0928801455345834
SAKL0C02310g,0.0802143443347711
SAKL0C02332g,0.107003873002876
SAKL0C02354g,0.1751503178072
SAKL0C02376g,0.095238561283592
SAKL0C02398g,0.0863078080787104
SAKL0C02420g,0.737265779325378
SAKL0C02442g,0.239109468732142
SAKL0C02464g,0.115204024147568
SAKL0C02486g,0.0568708162011545
SAKL0C02508g,0.0176024986114205
SAKL0C02530g,0.0131340909692778
SAKL0C02552g,0.143997983809532
SAKL0C02574g,0.0631403386623194
SAKL0C02596g,0.142550684209559
SAKL0C02618g,0.514147487492734
SAKL0C02640g,0.216846678601068
SAKL0C02662g,0.0396204577624802
SAKL0C02684g,0.106376518182483
SAKL0C02706g,0.0670786404556592
SAKL0C02728g,0.276243354007773
SAKL0C02750g,0.213660249152908
SAKL0C02772g,0.0905837869970983
SAKL0C02794g,0.0952324346237318
SAKL0C02816g,0.058706963242335
SAKL0C02838g,0.169128948500136
SAKL0C02860g,0.210294828303912
SAKL0C02882g,0.139117456967074
SAKL0C02904g,0.123478288285915
SAKL0C02926g,0.132530230690754
SAKL0C02948g,0.238084848522871
SAKL0C02970g,0.035291009591675
SAKL0C02992g,0.0920655454953754
SAKL0C03014g,0.139115664269446
SAKL0C03036g,0.0793278744801645
SAKL0C03058g,0.138649262061781
SAKL0C03080g,0.141422546264661
SAKL0C03102g,0.0673515198947101
SAKL0C03124g,0.0676429232645749
SAKL0C03146g,0.179159447701478
SAKL0C03190g,0.0929654483310696
SAKL0C03212g,0.0779761750251393
SAKL0C03234g,0.0690287764187426
SAKL0C03256g,0.240164029651151
SAKL0C03278g,0.400848396167909
SAKL0C03300g,3.11693305863419
SAKL0C03322g,0.0355422392536347
SAKL0C03344g,0.105661807885333
SAKL0C03366g,0.303704781193884
SAKL0C03388g,0.215883743261793
SAKL0C03410g,0.0804817573214665
SAKL0C03432g,0.107878224606043
SAKL0C03454g,0.643505083291194
SAKL0C03476g,0.0918410508675863
SAKL0C03498g,0.0947786858693627
SAKL0C03520g,0.366787017126482
SAKL0C03542g,0.366635133607829
SAKL0C03564g,0.0663611866697079
SAKL0C03586g,0.0465712258961576
SAKL0C03608g,0.134203103971478
SAKL0C03630g,1.57395530306459
SAKL0C03652g,0.409162650214407
SAKL0C03674g,0.197278759056061
SAKL0C03696g,0.0335477513164837
SAKL0C03718g,0.167017905128497
SAKL0C03762g,0.0568932664885774
SAKL0C03784g,0.210532625193274
SAKL0C03806g,0.240620712437294
SAKL0C03828g,0.202314094231024
SAKL0C03872g,0.0324173768101115
SAKL0C03894g,0.0175156816478191
SAKL0C03916g,0.0435964238516297
SAKL0C03938g,0.259424835367084
SAKL0C03960g,0.117297553890602
SAKL0C03982g,0.0622988653978751
SAKL0C04004g,0.0676280982991912
SAKL0C04026g,0.0538627845817704
SAKL0C04048g,0.104806206556853
SAKL0C04092g,0.0874820175449743
SAKL0C04136g,0.030669450149055
SAKL0C04158g,0.188023318371715
SAKL0C04180g,0.67694344804902
SAKL0C04224g,0.417354964444488
SAKL0C04246g,0.11468649454219
SAKL0C04268g,0.161906514336
SAKL0C04290g,0.216747991070835
SAKL0C04312g,0.29722350117462
SAKL0C04334g,0.178246411946316
SAKL0C04378g,0.257938734476916
SAKL0C04400g,0.243190972068709
SAKL0C04422g,0.0634512514118
SAKL0C04444g,0.145684991862666
SAKL0C04466g,7.94202463005352
SAKL0C04488g,4.98567405905643
SAKL0C04510g,9.97612780657871
SAKL0C04576g,0.0981144209547074
SAKL0C04598g,0.436592174580218
SAKL0C04620g,0.186567862717982
SAKL0C04642g,0.0303807442750265
SAKL0C04664g,0.0479339989923176
SAKL0C04686g,0.259310364459653
SAKL0C04708g,0.12464923942112
SAKL0C04730g,0.259904872007844
SAKL0C04752g,0.0949450519710574
SAKL0C04774g,0.248882955967631
SAKL0C04796g,0.180631459578424
SAKL0C04818g,0.401304703648421
SAKL0C04840g,4.29270279099615
SAKL0C04862g,0.181643678931905
SAKL0C04884g,0.298642461285353
SAKL0C04906g,0.0102513126743018
SAKL0C04928g,0.179339629688495
SAKL0C04950g,0.0683805076282452
SAKL0C04972g,0.0242517916085321
SAKL0C04994g,0.0774203721110437
SAKL0C05016g,0.321742020538016
SAKL0C05038g,0.0532147787026866
SAKL0C05104g,0.153073050338828
SAKL0C05126g,0.151975563059747
SAKL0C05170g,0.522824835669783
SAKL0C05192g,1.085351417257
SAKL0C05214g,2.56291690274693
SAKL0C05236g,0.0448428112034252
SAKL0C05258g,0.24123296262872
SAKL0C05280g,0.0699147279953381
SAKL0C05302g,0.0993264695096652
SAKL0C05324g,0.0881730285380938
SAKL0C05346g,0.337607631468934
SAKL0C05368g,0.152373769450559
SAKL0C05390g,0.220609695202457
SAKL0C05412g,0.133992981038183
SAKL0C05434g,0.145521691423172
SAKL0C05456g,0.10392481925814
SAKL0C05522g,0.0359402268947461
SAKL0C05544g,0.81338874656098
SAKL0C05566g,0.766041046107097
SAKL0C05588g,0.0625960294410458
SAKL0C05632g,0.0823089797677722
SAKL0C05654g,0.0560690082177529
SAKL0C05676g,0.346990234480425
SAKL0C05698g,0.0244728494348272
SAKL0C05720g,0.215968213608248
SAKL0C05742g,0.169144538748005
SAKL0C05764g,0.0993943853853598
SAKL0C05786g,0.151032454661326
SAKL0C05808g,0.269034586211509
SAKL0C05830g,0.0958328667906315
SAKL0C05852g,0.0343198346904565
SAKL0C05896g,0.0645391053343135
SAKL0C05918g,0.205534341582836
SAKL0C05940g,0.138119899914479
SAKL0C06006g,0.516959978561673
SAKL0C06028g,0.535478667917101
SAKL0C06050g,0.102637638619414
SAKL0C06072g,0.10161379228574
SAKL0C06094g,0.380929620996979
SAKL0C06116g,0.0223166826295757
SAKL0C06138g,0.0330080300964416
SAKL0C06160g,0.130562165117369
SAKL0C06182g,0.169043999690398
SAKL0C06204g,0.115309895854998
SAKL0C06226g,0.46735924053643
SAKL0C06248g,0.101285611467823
SAKL0C06270g,0.313799292351057
SAKL0C06292g,0.138189959938907
SAKL0C06314g,0.137897019599832
SAKL0C06336g,2.37530671564626
SAKL0C06358g,0.10158982954279
SAKL0C06380g,3.76904543376366
SAKL0C06402g,0.419202991113924
SAKL0C06424g,0.160071712856641
SAKL0C06446g,0.179250997325543
SAKL0C06468g,0.0657736740858175
SAKL0C06490g,0.0665113514178714
SAKL0C06512g,0.420061107128289
SAKL0C06534g,0.0592841794337808
SAKL0C06556g,0.0759194083229169
SAKL0C06578g,0.104537612596817
SAKL0C06600g,0.402442963806436
SAKL0C06622g,0.0323414754341164
SAKL0C06666g,0.241985927455681
SAKL0C06688g,0.0111824397230652
SAKL0C06710g,0.0784117357272659
SAKL0C06732g,0.246055077704678
SAKL0C06754g,0.1475372380127
SAKL0C06776g,0.0854680001116419
SAKL0C06798g,0.203575087707171
SAKL0C06820g,0.0388487574226196
SAKL0C06842g,0.323093616041117
SAKL0C06864g,0.0260086643105361
SAKL0C06886g,0.0682471376726332
SAKL0C06908g,0.524395298080361
SAKL0C06930g,0.530123058029861
SAKL0C06996g,0.162015317370596
SAKL0C07018g,0.123341528146519
SAKL0C07040g,0.347392619058575
SAKL0C07062g,0.297803116114265
SAKL0C07084g,0.0769989335730498
SAKL0C07106g,0.296003820736349
SAKL0C07128g,0.0864038042472025
SAKL0C07150g,0.404962764684573
SAKL0C07172g,0.137260079451947
SAKL0C07194g,0.463136183121857
SAKL0C07216g,0.138833352100265
SAKL0C07238g,0.132695417068715
SAKL0C07260g,0.0706525142186414
SAKL0C07304g,0.0584569133500877
SAKL0C07348g,0.181440182420998
SAKL0C07370g,0.31440335199296
SAKL0C07392g,0.0454117681571616
SAKL0C07414g,0.173977392464443
SAKL0C07436g,0.225461039327823
SAKL0C07458g,0.0869450445252134
SAKL0C07480g,0.129326740786315
SAKL0C07502g,0.805859646470005
SAKL0C07524g,0.107327416287607
SAKL0C07546g,0.858722392584964
SAKL0C07568g,0.146978172226641
SAKL0C07590g,0.06928154806398
SAKL0C07612g,0.152295238301203
SAKL0C07634g,0.0550960478757858
SAKL0C07656g,0.0866048144322361
SAKL0C07678g,0.147472649193616
SAKL0C07700g,0.0335884954331319
SAKL0C07722g,0.113520644312959
SAKL0C07744g,0.0733639879040547
SAKL0C07766g,0.283932271109707
SAKL0C07788g,0.0472062288297212
SAKL0C07810g,0.267026557052889
SAKL0C07832g,0.139193629912411
SAKL0C07854g,0.129649463830073
SAKL0C07876g,0.15649363236049
SAKL0C07898g,0.632837989042451
SAKL0C07920g,0.0156210916586478
SAKL0C07942g,2.26688910509935
SAKL0C07964g,0.0676394059775643
SAKL0C07986g,0.263597835317114
SAKL0C08008g,0.0154259348697245
SAKL0C08030g,0.0577765486252162
SAKL0C08052g,0.120863548770675
SAKL0C08074g,0.0799362257143957
SAKL0C08096g,0.123151260879208
SAKL0C08118g,0.134876747883472
SAKL0C08140g,0.0872781086214369
SAKL0C08162g,0.246805545836642
SAKL0C08184g,0.16312324824473
SAKL0C08206g,0.223437364965854
SAKL0C08228g,0.0310962893648785
SAKL0C08250g,0.00990632666137167
SAKL0C08272g,0.0179617876385258
SAKL0C08294g,0.0301773382751194
SAKL0C08316g,0.0265275245659314
SAKL0C08338g,0.074533186892173
SAKL0C08360g,0.168706068542969
SAKL0C08382g,0.186098403244825
SAKL0C08404g,0.179842794328302
SAKL0C08426g,0.171739571690757
SAKL0C08448g,0.340629639722804
SAKL0C08470g,0.115211625079196
SAKL0C08492g,0.138328390737381
SAKL0C08514g,0.112092365261346
SAKL0C08536g,0.0700023866436061
SAKL0C08558g,0.0556999203978318
SAKL0C08580g,0.114228463182481
SAKL0C08602g,0.196700482824731
SAKL0C08624g,0.133828328678108
SAKL0C08646g,0.288044420739802
SAKL0C08668g,0.137874541760553
SAKL0C08690g,0.0549331287880147
SAKL0C08712g,0.23848068591157
SAKL0C08734g,0.227696407418017
SAKL0C08756g,0.160771557343908
SAKL0C08778g,0.496689109352519
SAKL0C08800g,0.192148375042083
SAKL0C08822g,0.456361892284871
SAKL0C08844g,0.135828473293574
SAKL0C08866g,0.0381477561897466
SAKL0C08888g,0.286510210298013
SAKL0C08910g,0.169613434326109
SAKL0C08932g,0.0168109259267993
SAKL0C08976g,0.0340811052939967
SAKL0C09020g,0.0758336900993622
SAKL0C09042g,0.393200456570856
SAKL0C09086g,0.123984195897182
SAKL0C09108g,0.255860838031553
SAKL0C09130g,0.0215683457488862
SAKL0C09174g,0.22089674036274
SAKL0C09196g,0.0157554754590341
SAKL0C09218g,0.166092596800739
SAKL0C09240g,0.252066370567139
SAKL0C09262g,0.129665716155216
SAKL0C09284g,0.395905518431805
SAKL0C09306g,0.100828982364896
SAKL0C09328g,0.746542913891045
SAKL0C09350g,0.168472591946861
SAKL0C09372g,0.102964830280324
SAKL0C09394g,0.0265778766835522
SAKL0C09416g,0.363534285109123
SAKL0C09438g,0.15684099341573
SAKL0C09460g,1.60755160039258
SAKL0C09504g,0.321176932776435
SAKL0C09548g,0.0555598036874956
SAKL0C09570g,0.0685809043552908
SAKL0C09592g,0.121005422653409
SAKL0C09614g,0.0819229512977022
SAKL0C09658g,0.130419408696871
SAKL0C09680g,0.374685663403661
SAKL0C09702g,0.246680978801657
SAKL0C09724g,0.163794351936564
SAKL0C09746g,0.141546246233666
SAKL0C09768g,0.0687764953774938
SAKL0C09790g,0.073716132984665
SAKL0C09812g,0.243128696172507
SAKL0C09834g,0.291361654717878
SAKL0C09856g,0.196286201621544
SAKL0C09878g,0.0234439863876736
SAKL0C09900g,0.184593127782138
SAKL0C09922g,0.0533272674573578
SAKL0C09944g,0.130090951072607
SAKL0C09966g,0.1029299742555
SAKL0C09988g,0.156157483599781
SAKL0C10010g,0.0517627019340228
SAKL0C10032g,0.0663767901290279
SAKL0C10054g,0.0770859411924398
SAKL0C10076g,0.612207008526777
SAKL0C10098g,0.1727380975713
SAKL0C10120g,0.0504744697534421
SAKL0C10142g,0.312174532332595
SAKL0C10164g,0.873778959877222
SAKL0C10186g,6.27705504798028
SAKL0C10208g,0.0519291240063975
SAKL0C10230g,0.024834587135408
SAKL0C10252g,0.135987537058356
SAKL0C10274g,0.355209598268729
SAKL0C10296g,0.241766695440322
SAKL0C10318g,0.120783321217776
SAKL0C10340g,0.218813559902835
SAKL0C10362g,0.448564141439028
SAKL0C10384g,0.134478626511049
SAKL0C10406g,0.174384582876999
SAKL0C10428g,0.861746272312646
SAKL0C10450g,0.374446053377174
SAKL0C10472g,0.170473250706421
SAKL0C10494g,0.240215107777377
SAKL0C10516g,0.0372326959744851
SAKL0C10560g,2.09112063616216
SAKL0C10582g,0.293960201560952
SAKL0C10604g,0.0576159621057465
SAKL0C10626g,0.0610625592424842
SAKL0C10648g,0.0574579093704054
SAKL0C10670g,0.0186093373193486
SAKL0C10692g,1.66931791218123
SAKL0C10714g,1.96771647892984
SAKL0C10736g,0.192827419189961
SAKL0C10758g,0.0636233572224889
SAKL0C10780g,0.185061850604183
SAKL0C10802g,0.116233417484903
SAKL0C10824g,0.0910046281249772
SAKL0C10846g,0.0532295153891642
SAKL0C10868g,0.0976797319125941
SAKL0C10890g,0.140255092161288
SAKL0C10912g,0.0256589592881087
SAKL0C10934g,0.073714685803188
SAKL0C10956g,0.0419854324006929
SAKL0C10978g,0.0957096355959882
SAKL0C11000g,0.106903162512571
SAKL0C11022g,0.074898431045831
SAKL0C11044g,0.129855361346515
SAKL0C11066g,0.117284054223065
SAKL0C11088g,0.017341525831497
SAKL0C11110g,0.349618340319435
SAKL0C11132g,0.159561542674901
SAKL0C11154g,2.45205984008859
SAKL0C11176g,0.172110125747273
SAKL0C11220g,0.553657989800199
SAKL0C11242g,2.74175345048483
SAKL0C11264g,4.05887262983226
SAKL0C11286g,0.122050409945967
SAKL0C11308g,0.0751928517997384
SAKL0C11330g,0.414965755216751
SAKL0C11352g,0.206665415823423
SAKL0C11374g,2.72097065394395
SAKL0C11396g,0.149008382787515
SAKL0C11418g,0.148525924630061
SAKL0C11440g,0.514521190251831
SAKL0C11528g,0.0448144189980218
SAKL0C11550g,0.0635082921852553
SAKL0C11572g,0.0505853255474778
SAKL0C11594g,0.0585751579257407
SAKL0C11616g,0.403065966150506
SAKL0C11638g,0.0174473224411843
SAKL0C11660g,0.154726199343817
SAKL0C11682g,0.0698527847275381
SAKL0C11704g,0.0853224996246978
SAKL0C11726g,0.117129798448699
SAKL0C11748g,0.0510267827297674
SAKL0C11770g,0.436461411558066
SAKL0C11792g,0.539457817956904
SAKL0C11814g,1.20029880317641
SAKL0C11913g1,0.0444053328071624
SAKL0C11913g2,0.0196285021194617
SAKL0C11968g,0.0859648698514804
SAKL0C11990g,0.944802485393309
SAKL0C12012g,0.184697977684044
SAKL0C12034g,3.52363973414059
SAKL0C12056g,0.124109497647614
SAKL0C12100g,0.162457388106808
SAKL0C12122g,0.169689644781815
SAKL0C12144g,0.166222101269953
SAKL0C12210g,0.0543674360517862
SAKL0C12232g,0.337286412494123
SAKL0C12254g,0.0310418843930499
SAKL0C12276g,0.15419957574171
SAKL0C12298g,0.120004063717922
SAKL0C12320g,0.0622340763289526
SAKL0C12342g,0.101885642744593
SAKL0C12364g,0.151789620546636
SAKL0C12386g,0.261169514219763
SAKL0C12408g,0.0469056447444542
SAKL0C12430g,0.161648601815954
SAKL0C12452g,0.179217822633038
SAKL0C12474g,0.336806381115926
SAKL0C12496g,0.0477409624025348
SAKL0C12518g,0.248351838514454
SAKL0C12540g,0.0185368599285809
SAKL0C12562g,9.00376047741367
SAKL0C12584g,9.64545607387633
SAKL0C12650g,0.104874081533883
SAKL0C12672g,0.582890418879257
SAKL0C12694g,0.353957550268719
SAKL0C12716g,0.0726260755310552
SAKL0C12738g,0.222992301952545
SAKL0C12760g,0.337280372606136
SAKL0C12782g,0.225518816025508
SAKL0C12804g,11.5424478256733
SAKL0C12826g,0.291921651704987
SAKL0C12848g,0.254274524629346
SAKL0C12870g,0.371323626573054
SAKL0C12892g,0.180951382336199
SAKL0C12914g,0.566349310517605
SAKL0C12936g,0.161061430805046
SAKL0C12958g,0.0840005548149956
SAKL0C12980g,0.214521753021383
SAKL0C13002g,0.0852498023792075
SAKL0C13024g,0.0402129165082217
SAKL0C13046g,0.43623728232629
SAKL0C13068g,0.157168599344764
SAKL0C13090g,0.0843972883671485
SAKL0C13112g,0.0525268370436603
SAKL0C13134g,0.356229006495293
SAKL0C13156g,0.111233564566494
SAKL0C13178g,0.257948000051927
SAKL0C13200g,0.0786352159420745
SAKL0C13222g,0.0313466188763965
SAKL0C13244g,0.231704384591546
SAKL0C13266g,0.0927097685801566
SAKL0C13288g,0.106615241446199
SAKL0C13310g,0.0615037858440654
SAKL0C13332g,0.0840776268488089
SAKL0C13354g,0.0704176663924659
SAKL0C13376g,1.49597761325932
SAKL0C13398g,0.0990465682545366
SAKL0C13420g,0.541518260955413
SAKL0C13442g,0.117435008428476
SAKL0C13464g,0.205744392059801
SAKL0C13486g,0.0399046433475713
SAKL0C13508g,0.0651703109142706
SAKL0C13530g,0.13524078841694
SAKL0C13552g,0.0593690740290798
SAKL0C13574g,0.219936034041393
SAKL0C13596g,0.0724837126488229
SAKL0C13618g,0.271399538378125
SAKL0C13640g,0.0374866170017536
SAKL0C13662g,0.0631261550100815
SAKL0C13684g,0.168585814238497
SAKL0C13706g,0.165738528204548
SAKL0C13728g,0.384084187666819
SAKL0C13750g,0.215493241501603
SAKL0C13772g,0.348565672777981
SAKL0C13794g,0.25026829651426
SAKL0C13816g,0.139353322684118
SAKL0C13838g,0.0857236715928854
SAKL0C13860g,0.125752337030486
SAKL0C13882g,0.049118457032858
SAKL0C13904g,0.0393548700419645
SAKL0C13926g,0.138358724970397
SAKL0C13970g,0.0158029103645773
SAKL0C13992g,0.0405225462916218
SAKL0C14014g,0.0434262236943947
SAKL0C14058g,0.0221155708657115
SAKL0C14080g,0.0286265254142422
SAKL0D00110g,0.212436854472721
SAKL0D00132g,0.130021731240219
SAKL0D00176g,0.08947127129693
SAKL0D00198g,0.0164108349119841
SAKL0D00220g,0.111653713516758
SAKL0D00242g,1.37469657875833
SAKL0D00264g,0.084767069531332
SAKL0D00286g,0.0626786239771019
SAKL0D00308g,0.227107063238882
SAKL0D00330g,0.0661352429638568
SAKL0D00352g,0.0904057004769483
SAKL0D00374g,0.0771259273323846
SAKL0D00396g,0.130849283621499
SAKL0D00418g,0.445485963584845
SAKL0D00440g,0.50935100638731
SAKL0D00462g,0.105889859137061
SAKL0D00484g,0.0764429479084891
SAKL0D00506g,0.0173020360384861
SAKL0D00528g,0.0762849601561186
SAKL0D00550g,0.171858096855878
SAKL0D00572g,0.560152696241331
SAKL0D00594g,0.935251932554773
SAKL0D00704g,0.134211640825078
SAKL0D00726g,0.379119177954961
SAKL0D00748g,0.191542270697933
SAKL0D00770g,0.124347015981741
SAKL0D00792g,0.665197728837272
SAKL0D00814g,0.368409024743465
SAKL0D00836g,0.0395079051025222
SAKL0D00858g,0.113721632609877
SAKL0D00880g,0.0731947928179241
SAKL0D00902g,0.967615227158966
SAKL0D01012g,0.0536704215904505
SAKL0D01034g,0.235594480293689
SAKL0D01056g,1.39026818016212
SAKL0D01078g,0.19599245812652
SAKL0D01100g,0.0489271478075169
SAKL0D01122g,0.0894643326968286
SAKL0D01144g,0.438449746849485
SAKL0D01166g,0.289926565023627
SAKL0D01188g,0.11690862584665
SAKL0D01210g,0.0202690184276225
SAKL0D01232g,0.0307822110563897
SAKL0D01254g,0.0465338890827709
SAKL0D01276g,0.0722620717708581
SAKL0D01298g,0.173027663723007
SAKL0D01320g,0.0298840031631815
SAKL0D01342g,0.0661292584490368
SAKL0D01364g,0.140945741749516
SAKL0D01386g,0.085262870748442
SAKL0D01408g,0.100555554310287
SAKL0D01430g,0.214049966224368
SAKL0D01452g,1.04797163529476
SAKL0D01474g,0.0672687346025468
SAKL0D01496g,0.1484558642107
SAKL0D01518g,0.0765027583950821
SAKL0D01540g,0.328025101116311
SAKL0D01562g,0.133908173887849
SAKL0D01584g,0.0719774677643749
SAKL0D01606g,0.244034943499678
SAKL0D01628g,0.366019228668759
SAKL0D01672g,0.0290301942351004
SAKL0D01694g,0.0313643335311741
SAKL0D01716g,0.133697896364056
SAKL0D01738g,0.218975078877507
SAKL0D01760g,0.396280270188576
SAKL0D01804g,0.0728067673190877
SAKL0D01826g,0.674462352307908
SAKL0D01870g,0.365707420362932
SAKL0D01892g,0.0592186496231433
SAKL0D01914g,0.0510111888737484
SAKL0D01936g,0.132323712606673
SAKL0D01958g,0.0874218036660505
SAKL0D01980g,0.597374821294402
SAKL0D02002g,0.205192810483562
SAKL0D02024g,0.440883618135515
SAKL0D02046g,0.243460146996696
SAKL0D02068g,0.139617139421804
SAKL0D02090g,0.427354465635704
SAKL0D02112g,0.0670562820017918
SAKL0D02134g,0.0268497579568989
SAKL0D02156g,0.169171455563018
SAKL0D02178g,2.30641450970403
SAKL0D02200g,0.196249999984098
SAKL0D02222g,0.146158792467109
SAKL0D02310g,0.0508297094365813
SAKL0D02332g,0.0943599418021482
SAKL0D02354g,0.0690620686109556
SAKL0D02376g,0.0304902381907844
SAKL0D02398g,0.14612106560639
SAKL0D02420g,0.226747009388582
SAKL0D02442g,0.091551197627848
SAKL0D02464g,0.0851863198178325
SAKL0D02486g,0.0733592812409418
SAKL0D02508g,0.0163966048558385
SAKL0D02530g,0.138259626737436
SAKL0D02552g,0.104970092803226
SAKL0D02574g,0.236967551125086
SAKL0D02596g,0.0420463547714394
SAKL0D02618g,0.394413296246849
SAKL0D02684g,0.1351585675777
SAKL0D03058g,0.0666691472374346
SAKL0D03146g,0.14174644638035
SAKL0D03234g,0.166486918740487
SAKL0D03256g,0.119108580680456
SAKL0D03366g,0.324837731839371
SAKL0D03850g,0.0536607754384616
SAKL0D04026g,0.0361349733119948
SAKL0D04334g,0.0128748834984565
SAKL0D04455g,0.0750620480200427
SAKL0D04532g,0.231736424340002
SAKL0D04994g,0.0277596879168341
SAKL0D05082g,0.0574314503646982
SAKL0D05126g,0.0524438573217621
SAKL0D05170g,0.369664299646788
SAKL0D05302g,0.201950998185993
SAKL0D05324g,0.161123749520054
SAKL0D05456g,0.159233807912078
SAKL0D05830g,0.141851376948008
SAKL0D05874g,0.233385913034463
SAKL0D06116g,0.0688202247120025
SAKL0D06204g,0.302797620661801
SAKL0D06292g,0.0516985838364069
SAKL0D06336g,0.0796919228530608
SAKL0D06996g,0.25823825766462
SAKL0D07062g,0.525170015774176
SAKL0D07326g,0.451941728937411
SAKL0D07414g,0.148285458596967
SAKL0D07436g,0.082719995248006
SAKL0D07678g,0.0418587445389318
SAKL0D07722g,0.521940824007861
SAKL0D07832g,0.036084651231623
SAKL0D07964g,0.094389307279977
SAKL0D08690g,0.350179048539478
SAKL0D08756g,0.0597158682971157
SAKL0D09152g,1.42239115987985
SAKL0D09724g,0.138686072028289
SAKL0D09768g,1.22201513123087
SAKL0D09988g,0.185478989747468
SAKL0D10186g,0.502629179641245
SAKL0D10208g,0.373750513095976
SAKL0D10296g,0.0831374774657841
SAKL0D10384g,6.74903899291949
SAKL0D10428g,0.157211024178307
SAKL0D10736g,0.346720484343705
SAKL0D11198g,0.0594597819973381
SAKL0D11242g,1.65075263289204
SAKL0D11308g,0.262548302118305
SAKL0D11440g,0.0866076842683682
SAKL0D11682g,0.449373896210033
SAKL0D11968g,0.0612022011115656
SAKL0D12034g,0.90121708554972
SAKL0D12100g,0.040682533475109
SAKL0D12232g,0.0920522975667696
SAKL0D12276g,0.069120300459448
SAKL0D12364g,0.125277095766844
SAKL0D12386g,0.181916583997836
SAKL0D12584g,0.137915954922436
SAKL0D12628g,0.18533841472422
SAKL0D12672g,0.150141542913546
SAKL0D12782g,1.13295465078463
SAKL0D12804g,0.482009721126996
SAKL0D12826g,0.17360571784406
SAKL0D12892g,0.171529822974164
SAKL0D12980g,0.127815335963155
SAKL0D13002g,0.245118554036271
SAKL0D13156g,0.105310671701725
SAKL0D13420g,0.0940485859653724
SAKL0D13464g,0.0547527894222153
SAKL0D13574g,0.167184989067228
SAKL0D13706g,0.0297921994358483
SAKL0D13772g,0.0287488570477186
SAKL0D13948g,0.239501476806091
SAKL0D14014g,0.0488755573350738
SAKL0D14036g,0.678431811869729
SAKL0D14124g,0.620001990777674
SAKL0D14322g,0.221906545354219
SAKL0D14432g,1.48497681464093
SAKL0D14454g,0.0543979347890669
SAKL0D14564g,0.606702496502649
SAKL0D14608g,0.0236085930304712
SAKL0D14630g,0.156547868879647
SAKL0D14652g,0.043871521095984
SAKL0D14784g,0.0769533182734777
SAKL0D14850g,0.332161138075521
SAKL0D14916g,0.0567629218217352
SAKL0E00110g,0.00113762701326226
SAKL0E00396g,0.0322547169317648
SAKL0E00792g,0.0392365554188845
SAKL0E01078g,0.0992938537159819
SAKL0E01144g,0.197156936601071
SAKL0E01210g,0.474995197804118
SAKL0E01287g1,0.0253893874878436
SAKL0E01386g,0.216362671912463
SAKL0E01452g,0.425149711493355
SAKL0E01474g,0.11313100667235
SAKL0E01518g,0.136754272143978
SAKL0E01606g,0.359729197001098
SAKL0E01782g,0.139039487537701
SAKL0E02134g,0.497752936402739
SAKL0E02178g,7.42106792458543
SAKL0E02200g,0.046129900697999
SAKL0E02244g,0.281025433314281
SAKL0E02266g,0.119837717428469
SAKL0E02354g,0.0807665298337544
SAKL0E02420g,0.0465348877676582
SAKL0E02530g,0.193306528189772
SAKL0E02552g,0.453352415858244
SAKL0E02618g,0.0421815923222869
SAKL0E02640g,NA
SAKL0E02860g,0.313151319058554
SAKL0E02904g,1.14429418875761
SAKL0E02926g,0.346960113410829
SAKL0E02948g,0.2886626824635
SAKL0E02970g,0.135414709395925
SAKL0E03058g,0.301178446718527
SAKL0E03080g,0.396968009346411
SAKL0E03278g,0.200903806916324
SAKL0E03300g,0.152020138397142
SAKL0E03322g,0.164448838661213
SAKL0E03476g,0.0237362154279876
SAKL0E03586g,0.123459737403099
SAKL0E03608g,0.235182475072842
SAKL0E03696g,0.0260270498022988
SAKL0E03850g,0.175784439332229
SAKL0E03894g,0.0385156119290675
SAKL0E04004g,0.200303597688794
SAKL0E04092g,0.124158007635699
SAKL0E04202g,0.141342531726165
SAKL0E04224g,0.0793163014538844
SAKL0E04466g,0.0687933387527022
SAKL0E04796g,0.0281835218459021
SAKL0E04818g,0.119543132933738
SAKL0E04840g,0.0550142556201166
SAKL0E04928g,0.179928900555173
SAKL0E05324g,0.35067837720297
SAKL0E05456g,0.138106998846678
SAKL0E05588g,0.0794322003419191
SAKL0E05610g,0.0864378740140833
SAKL0E05742g,0.1193524581348
SAKL0E06204g,0.079821430820457
SAKL0E06248g,0.411131867503242
SAKL0E06292g,0.134433558914748
SAKL0E06424g,0.253661178399244
SAKL0E06710g,0.0650795354029445
SAKL0E06952g,0.0582550050812563
SAKL0E07370g,0.0850874984167877
SAKL0E07568g,0.230629809464244
SAKL0E07612g,0.120584079125393
SAKL0E07656g,0.410801622260529
SAKL0E07766g,0.19575007101286
SAKL0E07810g,0.0689056839831877
SAKL0E07898g,0.305365449267299
SAKL0E08008g,0.141973868011479
SAKL0E08162g,0.150587873412365
SAKL0E08206g,0.197714874061144
SAKL0E08228g,0.087012184441679
SAKL0E08514g,0.0267189398103641
SAKL0E08580g,0.0294775119481097
SAKL0E08602g,0.0996612525321262
SAKL0E08778g,0.0467935780119917
SAKL0E08822g,0.95627425375612
SAKL0E08844g,0.114858911196034
SAKL0E08954g,0.141868745155122
SAKL0E09086g,0.131719371285953
SAKL0E09130g,0.121229407296908
SAKL0E09438g,0.100330477033608
SAKL0E09460g,0.038338509974391
SAKL0E09548g,0.408703733919208
SAKL0E09614g,0.462120403894083
SAKL0E09834g,0.0814724113111259
SAKL0E09922g,0.0995119312468998
SAKL0E09966g,0.608961048141202
SAKL0E10384g,0.091360722429709
SAKL0E10472g,0.832436953122508
SAKL0E10516g,0.0521475433217221
SAKL0E10824g,0.297259909957629
SAKL0E11000g,0.257154926534983
SAKL0E11220g,0.118222040844676
SAKL0E11242g,0.108346924104921
SAKL0E11396g,0.105554597375714
SAKL0E11660g,0.0451004079975381
SAKL0E11946g,0.187237465801911
SAKL0E12012g,0.0402177585328923
SAKL0E12100g,0.448077044941788
SAKL0E12254g,0.0610326584217937
SAKL0E12342g,0.201316149998698
SAKL0E12518g,0.0718773487916377
SAKL0E12826g,7.8253281837193
SAKL0E13024g,0.0489196297485786
SAKL0E13134g,0.688947921067685
SAKL0E13310g,0.057740090178391
SAKL0E13332g,0.0231180398993281
SAKL0E13398g,0.0465648221656317
SAKL0E13530g,0.0703061646603759
SAKL0E13552g,0.253409810126535
SAKL0E13904g,0.801220647459688
SAKL0E14080g,0.0298407255074374
SAKL0E14102g,0.0968562893968508
SAKL0E14322g,0.361092252087648
SAKL0E14432g,0.174046875854879
SAKL0E14498g,0.253122311023923
SAKL0E14806g,0.067489342832726
SAKL0E14828g,0.0206985244899092
SAKL0E14982g,0.188477882606989
SAKL0E15026g,0.105202726352768
SAKL0E15136g,0.100796093969646
SAKL0E15246g,0.0143964013467331
SAKL0E15422g,0.00789127701906272
SAKL0F00110g,0.0319922987344361
SAKL0F00352g,0.0272721679427817
SAKL0F00396g,0.0235571715982077
SAKL0F00418g,0.100192383434933
SAKL0F00748g,1.54944294857554
SAKL0F00792g,0.0609122040020698
SAKL0F00814g,0.285109933277634
SAKL0F00858g,0.0935175287745343
SAKL0F01012g,0.0717131042395974
SAKL0F01056g,0.48526233576357
SAKL0F01188g,0.292507051816779
SAKL0F01320g,0.193959641581196
SAKL0F01386g,0.151139274730633
SAKL0F01408g,0.43230648102111
SAKL0F01430g,0.227673789073905
SAKL0F01518g,1.17961437698745
SAKL0F01606g,0.990892623743576
SAKL0F01628g,0.0699309139213989
SAKL0F01672g,0.245290375525663
SAKL0F01782g,1.87288039394086
SAKL0F02002g,0.139061348030944
SAKL0F02046g,1.06728472082956
SAKL0F02200g,0.0202406761357135
SAKL0F02222g,0.0367240505350889
SAKL0F02310g,0.383264209810962
SAKL0F02420g,0.212441324882711
SAKL0F02464g,0.229434619366463
SAKL0F02706g,0.0433724048169416
SAKL0F02728g,0.464439790393335
SAKL0F02926g,0.161175927865379
SAKL0F03102g,0.380696345788246
SAKL0F03520g,0.0953931500000926
SAKL0F03608g,0.103180844447737
SAKL0F03652g,0.295761352473626
SAKL0F03740g,0.0756258001055461
SAKL0F03806g,0.0722646644353436
SAKL0F03916g,0.097971353713845
SAKL0F04180g,0.14917191198351
SAKL0F04224g,0.466189669620968
SAKL0F04246g,0.128317720278413
SAKL0F04268g,0.0899790432498756
SAKL0F04356g,0.026254675250338
SAKL0F04466g,0.0724951236288478
SAKL0F04730g,0.540027474509352
SAKL0F04950g,0.0628106829374302
SAKL0F04972g,0.124815868118754
SAKL0F05566g,0.13285106395519
SAKL0F05918g,0.0901611597279319
SAKL0F06072g,0.0282082346286019
SAKL0F06204g,0.51891437062071
SAKL0F06490g,0.191382290263681
SAKL0F06534g,0.105887937907883
SAKL0F07018g,0.0852484579591086
SAKL0F07040g,0.158803310597875
SAKL0F07436g,0.614729030550747
SAKL0F07502g,0.385195145619743
SAKL0F07524g,0.0957247071049133
SAKL0F07546g,0.554687520183404
SAKL0F07612g,0.106161144912384
SAKL0F07634g,0.115057500436566
SAKL0F07964g,0.315440799881284
SAKL0F07986g,0.0486710008796531
SAKL0F08008g,0.0888815177640146
SAKL0F08360g,0.0722864709712054
SAKL0F08426g,0.917036298881911
SAKL0F08514g,0.172397488093788
SAKL0F08932g,0.169293061910923
SAKL0F09020g,0.181915862862147
SAKL0F09064g,0.121102137206184
SAKL0F09086g,0.332543094561113
SAKL0F09108g,2.01233785900547
SAKL0F09174g,0.0407114195689256
SAKL0F09196g,0.187278345977267
SAKL0F09284g,0.0582219858771564
SAKL0F09438g,0.0257016647675745
SAKL0F09548g,0.334299872538772
SAKL0F10208g,0.411066065227074
SAKL0F10296g,2.01218165901906
SAKL0F10384g,1.20032564327166
SAKL0F10428g,0.0749726586736798
SAKL0F10582g,0.270927607378995
SAKL0F10604g,0.0819572413035426
SAKL0F10626g,0.0216838463428428
SAKL0F10824g,0.373087291376795
SAKL0F11088g,0.699274040303696
SAKL0F11220g,0.0163588629718909
SAKL0F11264g,0.814930897755619
SAKL0F11286g,0.195745983315428
SAKL0F11682g,0.667862581328702
SAKL0F11924g,0.139622116370085
SAKL0F12144g,0.0747318970275786
SAKL0F12342g,0.133918348341817
SAKL0F12430g,0.251403896966463
SAKL0F12474g,0.136362602121025
SAKL0F12540g,13.4639375592619
SAKL0F12584g,0.057870735532879
SAKL0F12606g,0.326386314285381
SAKL0F12672g,0.149474273707344
SAKL0F12738g,0.176762540200605
SAKL0F12760g,0.324750438317331
SAKL0F12870g,0.203651547613716
SAKL0F13002g,0.0778635576316701
SAKL0F13200g,0.658968896326862
SAKL0F13244g,0.185221619850012
SAKL0F13398g,0.143513416285669
SAKL0F13442g,0.0213305799590238
SAKL0F13706g,0.417540930372121
SAKL0F13860g,0.581476007718813
SAKL0F14146g,0.122072527032078
SAKL0F14564g,0.0757012627080672
SAKL0F14652g,1.14390727250093
SAKL0F14674g,0.0131324124707641
SAKL0F15004g,0.0691459375919481
SAKL0F15048g,0.191828188476472
SAKL0F15136g,0.0546215755038005
SAKL0F15224g,0.258750890532777
SAKL0F15378g,9.85437753243339
SAKL0F15400g,0.072210681625574
SAKL0F15422g,0.178549542945096
SAKL0F15488g,0.0501173132776409
SAKL0F15510g,0.1656194041986
SAKL0F15598g,0.0475292233586154
SAKL0F15686g,0.0855599915947122
SAKL0F15950g,0.101237983446393
SAKL0F15994g,0.0551681297176738
SAKL0F16082g,0.321516428761669
SAKL0F16126g,0.0550667751764259
SAKL0F16280g,2.43566705054365
SAKL0F16412g,0.151016269969534
SAKL0F16632g,0.00886285793201064
SAKL0F16654g,0.0123105053556764
SAKL0F16676g,0.00566905706183385
SAKL0F16764g,0.65074624681093
SAKL0G00352g,0.0588475346214391
SAKL0G00484g,0.208882383764926
SAKL0G00660g,0.0780147400641505
SAKL0G00682g,0.109791382111709
SAKL0G00770g,0.117939511105856
SAKL0G00924g,0.196763717268509
SAKL0G01012g,0.0730824224126145
SAKL0G01320g,0.134129638449121
SAKL0G01364g,0.0197034878787897
SAKL0G01518g,1.35459538900932
SAKL0G01540g,0.171225571892711
SAKL0G01716g,0.0856295999719493
SAKL0G01892g,0.0848273240601164
SAKL0G02134g,0.0514844250951919
SAKL0G02244g,0.294073279274446
SAKL0G02354g,0.823879158242266
SAKL0G02464g,0.0415282385977366
SAKL0G02530g,0.366090616093874
SAKL0G02684g,0.0257149973278617
SAKL0G02728g,0.152830839703873
SAKL0G02882g,1.55157572861489
SAKL0G02948g,0.208771192782468
SAKL0G03124g,0.0614621867752351
SAKL0G03300g,0.0330976458789585
SAKL0G03366g,0.0933602278992127
SAKL0G03586g,0.260083089864186
SAKL0G03630g,1.09719745887473
SAKL0G03762g,0.0964924092597986
SAKL0G03982g,0.0825843827190255
SAKL0G04070g,0.649034903944265
SAKL0G04136g,0.0864612199660317
SAKL0G04180g,0.24780298788599
SAKL0G04356g,0.111208300205927
SAKL0G04576g,0.135868869555782
SAKL0G04620g,0.131143262136587
SAKL0G04642g,0.142719262362077
SAKL0G04972g,1.27482949020751
SAKL0G05346g,0.0692719531986508
SAKL0G05500g,0.0576594197616308
SAKL0G05676g,0.118106137758449
SAKL0G05808g,0.147061225544875
SAKL0G05984g,0.157112454444341
SAKL0G06072g,0.126142409567218
SAKL0G06204g,0.106848174878419
SAKL0G06578g,0.153442346818723
SAKL0G06974g,0.130507553821227
SAKL0G06996g,0.0734863169820727
SAKL0G07018g,0.042227871704532
SAKL0G07040g,0.0646706530882226
SAKL0G07062g,0.111584682838457
SAKL0G07128g,0.258300111977219
SAKL0G07414g,0.0718577409447289
SAKL0G07458g,0.407548188835745
SAKL0G07524g,0.282036736847825
SAKL0G07634g,0.122508242088908
SAKL0G07810g,0.0954971109139363
SAKL0G08118g,0.280616723734199
SAKL0G08140g,0.24970096935097
SAKL0G08162g,0.290617711331416
SAKL0G08294g,0.140233695947307
SAKL0G08316g,0.0958588954775504
SAKL0G08426g,0.0411461870821861
SAKL0G08470g,0.149759075078658
SAKL0G08646g,0.168134805713904
SAKL0G08712g,0.195220726438727
SAKL0G08866g,0.101902123379316
SAKL0G08998g,0.0167303387490981
SAKL0G09064g,0.0296802229424085
SAKL0G09328g,0.782346333797858
SAKL0G09504g,0.0256257326737252
SAKL0G09526g,0.190122318852837
SAKL0G09570g,0.159860856928814
SAKL0G09702g,0.398039918037652
SAKL0G09724g,0.0978101867332425
SAKL0G09746g,0.280180488017775
SAKL0G10274g,0.0480696246329811
SAKL0G10406g,0.0778347294451939
SAKL0G10516g,0.0228471324529799
SAKL0G10560g,0.27843877055863
SAKL0G10604g,0.0416918530990877
SAKL0G10802g,0.0824793126425106
SAKL0G10934g,0.219907807506266
SAKL0G10956g,0.0982633329315187
SAKL0G11000g,0.0762139753465459
SAKL0G11044g,0.568190537671064
SAKL0G11374g,0.043985167829053
SAKL0G11396g,1.92743644671691
SAKL0G11550g,0.732539121336258
SAKL0G11594g,0.428012551945283
SAKL0G11748g,0.204048075662783
SAKL0G11990g,0.0316098243566157
SAKL0G12012g,0.0303848046760643
SAKL0G12078g,0.125743943681527
SAKL0G12320g,0.0291671083372032
SAKL0G12496g,0.0489118567739494
SAKL0G12540g,0.505588275086333
SAKL0G12760g,0.687480185026731
SAKL0G12804g,0.117422581217193
SAKL0G12958g,0.263552820362339
SAKL0G13046g,0.582025815995529
SAKL0G13134g,0.135157783438365
SAKL0G13156g,1.29076262390381
SAKL0G13178g,0.582486916813788
SAKL0G13332g,0.267208059501953
SAKL0G13376g,0.333526428123961
SAKL0G13882g,0.158113358640134
SAKL0G14058g,1.5898168799722
SAKL0G14212g,0.0810314162425152
SAKL0G14234g,0.269771323482908
SAKL0G14278g,0.100527374657945
SAKL0G14300g,0.220505029239094
SAKL0G14322g,0.2798911089595
SAKL0G14388g,0.0592119065202095
SAKL0G14498g,0.068921898483773
SAKL0G14520g,0.209705913689185
SAKL0G14674g,0.0978254741525361
SAKL0G14740g,0.31702415152125
SAKL0G14894g,5.26895518153838
SAKL0G14916g,0.0931746565313956
SAKL0G15202g,0.759101854938786
SAKL0G15224g,0.0529883865325971
SAKL0G15466g,0.48182182911547
SAKL0G15510g,0.751468358977619
SAKL0G15708g,0.300445357594791
SAKL0G15818g,0.213388346292933
SAKL0G15884g,11.0195789993884
SAKL0G16126g,0.0431419127557234
SAKL0G16258g,0.158322738385208
SAKL0G16390g,0.213940040322501
SAKL0G16522g,0.446491614918212
SAKL0G16588g,0.0710758136662862
SAKL0G16896g,0.10601573841269
SAKL0G16940g,0.10320679677772
SAKL0G17028g,0.412561694126902
SAKL0G17248g,0.0654229477789487
SAKL0G17270g,0.305145603182203
SAKL0G17336g,0.0578914931268604
SAKL0G17402g,11.8936106555246
SAKL0G17424g,0.0690112125471553
SAKL0G17468g,0.0818562198861446
SAKL0G17710g,0.0864370586460076
SAKL0G17776g,0.41474680513157
SAKL0G17798g,0.110963373710906
SAKL0G17908g,0.0714101087236185
SAKL0G17952g,0.231926579521799
SAKL0G18128g,0.0321037253470099
SAKL0G18238g,0.493132144103408
SAKL0G18260g,3.86804936778253
SAKL0G18304g,0.0425044793962965
SAKL0G18392g,0.909408166072625
SAKL0G18414g,0.133152603537187
SAKL0G18546g,0.171060475913308
SAKL0G18568g,0.185241173147307
SAKL0G18744g,0.123421867975945
SAKL0G18854g,0.0431669078203425
SAKL0G18942g,0.655326367581727
SAKL0G19074g,0.0452987007203398
SAKL0G19184g,0.021167967119532
SAKL0G19206g,0.359510206875821
SAKL0G19228g,0.670046135622558
SAKL0G19514g,0.172293598271674
SAKL0G19536g,0.147087538258554
SAKL0G19844g,0.933867645289954
SAKL0H00286g,0.0743756998053559
SAKL0H00462g,0.0642437562912092
SAKL0H00528g,2.05099202626851
SAKL0H00550g,0.0592231055507778
SAKL0H00638g,0.0775716004646956
SAKL0H00704g,0.0394863764180578
SAKL0H00836g,0.233997785068657
SAKL0H00858g,1.77644271156432
SAKL0H00902g,0.0492105423588361
SAKL0H00946g,0.23882467459273
SAKL0H01034g,0.294133173631746
SAKL0H01210g,0.18200590069841
SAKL0H01298g,0.162213378453016
SAKL0H01342g,0.27792040256407
SAKL0H01386g,0.126250883591868
SAKL0H01496g,0.122638989330293
SAKL0H01584g,0.313242559607792
SAKL0H01760g,0.124542944527182
SAKL0H01848g,4.03863979705315
SAKL0H01892g,0.2308906056762
SAKL0H01980g,0.0452686343595759
SAKL0H02222g,0.230004060675764
SAKL0H02288g,0.0889689820536912
SAKL0H02442g,0.560770289028578
SAKL0H02596g,0.130459939345763
SAKL0H02728g,0.108788283893112
SAKL0H02772g,0.253188421176966
SAKL0H02970g,0.182326177569232
SAKL0H03124g,0.140167997141468
SAKL0H03278g,0.0481663432479422
SAKL0H03322g,0.106719433019671
SAKL0H03454g,3.43077812486274
SAKL0H03872g,0.81327841988014
SAKL0H03938g,0.792105659882507
SAKL0H04048g,0.0946715953499506
SAKL0H04268g,0.156669517783617
SAKL0H04400g,0.138909517956644
SAKL0H04862g,0.215500412505437
SAKL0H05060g,0.143313335332444
SAKL0H05082g,0.298249662608108
SAKL0H05148g,0.237007293922591
SAKL0H05236g,0.309890824676348
SAKL0H05258g,0.383978261818282
SAKL0H05280g,1.2438181780378
SAKL0H05390g,0.0666139366558432
SAKL0H05434g,0.250785170687484
SAKL0H05478g,0.331050648827979
SAKL0H05588g,0.181137234535037
SAKL0H05654g,0.192830078062548
SAKL0H05698g,0.484761329671362
SAKL0H06006g,0.208602258520158
SAKL0H06072g,0.035087089370885
SAKL0H06182g,0.0558418778298665
SAKL0H06248g,0.0812903474665879
SAKL0H06512g,0.527361248041239
SAKL0H06578g,0.13936487213195
SAKL0H06666g,0.0520943393206694
SAKL0H06754g,0.0792020733027265
SAKL0H06864g,0.0748294410007569
SAKL0H06996g,0.0906442699155542
SAKL0H07062g,12.3199193105181
SAKL0H07326g,0.545167670810252
SAKL0H07810g,0.678353111114442
SAKL0H08096g,0.366292796638858
SAKL0H08184g,0.0214200416121236
SAKL0H08360g,0.0325843873058329
SAKL0H08382g,0.504606370107444
SAKL0H08492g,0.0608389506540716
SAKL0H08536g,0.0918799630656673
SAKL0H08602g,0.0556464424748467
SAKL0H08822g,2.48032813573494
SAKL0H08844g,0.135531783015335
SAKL0H09086g,0.0509521085899353
SAKL0H09196g,0.208242500005308
SAKL0H09284g,0.470796768495291
SAKL0H09328g,0.0422608344755343
SAKL0H09350g,0.0536070321683265
SAKL0H09372g,0.696015313867812
SAKL0H09394g,16.9763500766827
SAKL0H10142g,0.058517835976941
SAKL0H10186g,0.115243679993409
SAKL0H10406g,0.204385459350623
SAKL0H10802g,0.126439085685881
SAKL0H10912g,0.0595112192136339
SAKL0H10956g,0.894084012151699
SAKL0H11088g,0.290456328512189
SAKL0H11154g,1.71312840554295
SAKL0H11176g,0.0134932934945197
SAKL0H11286g,0.099213669380545
SAKL0H11308g,0.0523363639001036
SAKL0H11396g,0.229974084676691
SAKL0H11440g,0.162449073652735
SAKL0H11506g,0.0383314269754113
SAKL0H11704g,0.925974121696452
SAKL0H11902g,0.0170184614896482
SAKL0H11990g,0.0269625266390808
SAKL0H12056g,1.17307606977667
SAKL0H12100g,0.0987518411800154
SAKL0H12188g,0.147379515793053
SAKL0H12298g,0.415846132017106
SAKL0H12452g,0.0489978198703527
SAKL0H12540g,0.0129281014710067
SAKL0H12606g,0.117472077209581
SAKL0H12650g,0.210321653301848
SAKL0H12716g,0.278433792964655
SAKL0H12782g,0.358616017651036
SAKL0H13002g,0.525856357490332
SAKL0H13178g,0.0415340738503074
SAKL0H13244g,0.267688380378702
SAKL0H13310g,0.0937507441362324
SAKL0H13354g,0.0650179037995626
SAKL0H13508g,0.0950595221716408
SAKL0H13618g,0.182423381117563
SAKL0H13640g,0.08233200676088
SAKL0H14168g,0.205276061947505
SAKL0H14410g,0.094343312851134
SAKL0H14498g,0.0306939643780676
SAKL0H14564g,0.0526307224594935
SAKL0H14608g,5.94281496906479
SAKL0H14652g,0.0697430211592595
SAKL0H14872g,0.144402439291227
SAKL0H14894g,0.169564431925378
SAKL0H14960g,0.0734773685874837
SAKL0H15026g,0.0575973903077025
SAKL0H15334g,0.0414188788036543
SAKL0H15532g,0.28423107672403
SAKL0H15730g,0.0304551600834689
SAKL0H15774g,0.122039241372156
SAKL0H15884g,0.114977362902899
SAKL0H15972g,0.0731040684128685
SAKL0H16038g,0.315203242280081
SAKL0H16346g,0.222990696630806
SAKL0H16412g,0.735788948293551
SAKL0H16456g,0.0752364975222469
SAKL0H16544g,0.0957748581411932
SAKL0H16654g,0.121924595654298
SAKL0H16676g,0.198612192975129
SAKL0H16962g,0.0979591073049588
SAKL0H16984g,0.164521606205738
SAKL0H17050g,0.103163266520812
SAKL0H17248g,0.481672398174933
SAKL0H17314g,0.087325359976523
SAKL0H17380g,0.07580893301873
SAKL0H17490g,0.0191088283633027
SAKL0H17512g,0.0817184271080995
SAKL0H17798g,0.0842669515926992
SAKL0H17842g,0.139580058241364
SAKL0H18106g,0.0363420073190681
SAKL0H18326g,0.126333876359727
SAKL0H18502g,0.274523094032918
SAKL0H18546g,0.341723376343199
SAKL0H18656g,0.362816997768857
SAKL0H18876g,0.312405892174865
SAKL0H19052g,0.101846525808307
SAKL0H19074g,0.0698331664185567
SAKL0H19316g,0.541252284783231
SAKL0H19338g,0.331188343782297
SAKL0H19492g,0.152833307886258
SAKL0H19866g,0.218224397473013
SAKL0H20416g,0.0559106323428328
SAKL0H20482g,0.192111758870181
SAKL0H20636g,0.0767806571395755
SAKL0H20680g,0.136062333113726
SAKL0H20856g,0.213473529450483
SAKL0H20878g,0.0333969746583489
SAKL0H21142g,0.0355571346160512
SAKL0H21230g,0.202551565974529
SAKL0H21494g,0.0619463652565277
SAKL0H21604g,0.460120717139266
SAKL0H21670g,0.305085429001608
SAKL0H21692g,0.486360275314703
SAKL0H21714g,0.138137546692642
SAKL0H21758g,0.090404545703721
SAKL0H21824g,0.146430736602192
SAKL0H22440g,0.600790223682406
SAKL0H22616g,0.423600815832794
SAKL0H22814g,0.0729955523057583
SAKL0H22858g,0.088544594453252
SAKL0H23144g,0.0937487126576968
SAKL0H23210g,0.0305606401950685
SAKL0H23232g,0.0892408717591877
SAKL0H23254g,0.0307070855085579
SAKL0H23276g,0.192183489301018
SAKL0H23298g,0.125037679700099
SAKL0H23430g,0.417035083767764
SAKL0H23518g,0.587611278056463
SAKL0H23540g,0.0394511365296315
SAKL0H23562g,1.6672740502986
SAKL0H23804g,0.0290750687040613
SAKL0H23892g,0.186624039324448
SAKL0H24354g,0.228444061709227
SAKL0H24464g,0.131522560398674
SAKL0H24530g,0.204015959637235
SAKL0H24574g,0.0446483180275075
SAKL0H24618g,0.0494204814647604
SAKL0H24706g,0.154419635520863
SAKL0H24750g,0.0560823408410824
SAKL0H24926g,0.031275890647266
SAKL0H24948g,0.119310880744349
SAKL0H24992g,14.0134440220364
SAKL0H25102g,0.0601635811029282
SAKL0H25168g,0.52982524034229
SAKL0H25498g,0.281714623206859
SAKL0H25520g,0.0693510597167454
SAKL0H25740g,0.122977051297461
SAKL0H25894g,0.168208763318013
SAKL0H26246g,0.0500018465396242
